11:47:36.062 [main] INFO  c.browserstack.BrowserStackJavaAgent - Selenium version detected - 4.33.0
11:47:36.063 [main] INFO  c.browserstack.BrowserStackJavaAgent - Appium version detected - 
11:47:36.263 [main] DEBUG c.b.config.BrowserStackConfig - Cli Config passed - {}
11:47:36.263 [main] INFO  c.browserstack.utils.UtilityMethods - BrowserStack Yml Detected : C:\Users\devbase\Projects\opencart\browserstack.yml
11:47:36.322 [main] INFO  c.b.config.BrowserStackConfig - Detected Framework testng
11:47:36.742 [main] INFO  c.browserstack.BrowserStackJavaAgent - Framework set to testng
11:47:36.745 [main] INFO  c.browserstack.BrowserStackJavaAgent - SDK run started with id: 84eae02f-e9bf-4f42-9c85-acc46fc42595
11:47:36.746 [main] INFO  c.b.config.BrowserStackConfig - INFO
11:47:36.770 [main] DEBUG com.browserstack.v2.SdkCliUtils - File C:\Users\devbase\.browserstack already exist
11:47:36.773 [main] DEBUG com.browserstack.v2.SdkCliUtils - Current CLI Path Found: C:\Users\devbase\.browserstack\cli\binary-win-x64.exe
11:47:37.619 [main] DEBUG com.browserstack.v2.SdkCliUtils - Resolved binary path: C:\Users\devbase\.browserstack\cli\binary-win-x64.exe
11:47:37.629 [main] DEBUG com.browserstack.v2.SdkCLI - startMain: main-process starting
11:47:37.630 [main] INFO  com.browserstack.v2.SdkCLI - spawning command='C:\Users\devbase\.browserstack\cli\binary-win-x64.exe' 'sdk' 'tcp'
11:47:38.109 [ForkJoinPool.commonPool-worker-1] INFO  com.browserstack.v2.SdkCLI - loadCLIParams: start binSessionId=a4d73271-21b2-47a7-9fd2-d3dcfecf49ff listenAddress=127.0.0.1:5400
11:47:38.109 [main] DEBUG com.browserstack.v2.SdkCLI - startMain: main-process started
11:47:38.110 [main] DEBUG com.browserstack.v2.SdkCLI - startMain: main-process connecting {port=5400, listen=127.0.0.1:5400, id=a4d73271-21b2-47a7-9fd2-d3dcfecf49ff}
11:47:38.111 [main] INFO  c.browserstack.utils.UtilityMethods - BrowserStack Yml Detected : C:\Users\devbase\Projects\opencart\browserstack.yml
11:47:38.127 [main] DEBUG com.browserstack.v2.SdkCliUtils - File C:\Users\devbase\.browserstack already exist
11:47:42.568 [main] DEBUG com.browserstack.v2.SdkCLI - start-bin-session=bin_session_id: "a4d73271-21b2-47a7-9fd2-d3dcfecf49ff"
config: "{\"userName\":\"almusavvirsiddiq_QczgDl\",\"accessKey\":\"xHwFqVPxVruKKzdPsiAr\",\"projectName\":\"Opencart\",\"buildName\":\"bstack1\",\"buildIdentifier\":\"#1\",\"platforms\":[{\"os\":\"OS X\",\"osVersion\":\"Monterey\",\"browserName\":\"Chrome\",\"browserVersion\":\"latest\"},{\"os\":\"Windows\",\"osVersion\":10,\"browserName\":\"Edge\",\"browserVersion\":\"latest\"},{\"deviceName\":\"Samsung Galaxy S22 Ultra\",\"browserName\":\"Samsung\",\"osVersion\":12}],\"parallelsPerPlatform\":1,\"source\":\"java:intellij:v1.1.6\",\"browserstackLocal\":true,\"debug\":false,\"networkLogs\":false,\"consoleLogs\":\"errors\",\"testObservability\":true,\"accessibility\":false,\"browserstackAutomation\":true,\"selfHeal\":false,\"disableAutoCaptureLogs\":false,\"testhub\":true,\"testContextOptions\":{\"skipSessionStatus\":false,\"skipSessionName\":false},\"browserStackLocalOptions\":{\"localIdentifier\":\"Jun_3_1147_DESKTOP-CPNFTH3_fwqt\",\"key\":\"xHwFqVPxVruKKzdPsiAr\",\"skipBinaryInitialisation\":false},\"proxySettings\":{}}"
testhub {
  jwt: "eyJhbGciOiJIUzI1NiJ9.eyJpc3MiOiJicm93c2Vyc3RhY2tfb2IiLCJzdWIiOiI5MjM5ODA3IiwiZ3JvdXBfaWQiOjkxNTA4MDIsInVzZXJfaWQiOjkyMzk4MDcsImJ1aWxkX2hhc2hlZF9pZCI6Im9lN2oxbG15N2NheTk2eDJ1MHJ5OWw3YzNvaXp1dzlubzhiaWYxdGgiLCJwcm9qZWN0X25hbWUiOiJPcGVuY2FydCIsImhvb2tfYXNfdGVzdCI6IjEiLCJidWlsZF9uYW1lIjoiYnN0YWNrMSIsInByb2R1Y3RfbWFwIjoie1wib2JzZXJ2YWJpbGl0eVwiOnRydWUsXCJhdXRvbWF0ZVwiOnRydWUsXCJic3RhY2tBdXRvbWF0aW9uXCI6dHJ1ZSxcImNhZFwiOnRydWUsXCJvcmlnaW5Gcm9tUHJvZHVjdE1hcFwiOlwiQXV0b21hdGVcIixcIm5vblNES1wiOmZhbHNlLFwiYWNjZXNzaWJpbGl0eUF1dG9FbmFibGVkXCI6dHJ1ZX0iLCJncnJfcmVnaW9uIjoiIiwiaXNfbG93X3ZvbHVtZSI6ZmFsc2UsInNpZ25pbmdfa2V5X2hhc2giOiIzN2MxMTMxZTRiMmU3NDNjNzY2ZTFkNzBiZjVmMmI1N2RjNjliMTk1ZDMwMGUzMmFlOGQwMjMxMjBhNGE2ZDk3IiwiaWF0IjoxNzQ4OTMxNDU5LCJleHAiOjE3NDkyNzcwNTl9.Gq4bacbS5GYcvHErPZndV8oQsp8KGF2dfZqk1OTTMN0"
  build_hashed_id: "oe7j1lmy7cay96x2u0ry9l7c3oizuw9no8bif1th"
  testhub_events: true
}
observability {
  success: true
}
session_framework: "selenium"

11:47:42.582 [main] DEBUG com.browserstack.v2.SdkCLI - startChild: child-process connecting
11:47:42.736 [main] DEBUG com.browserstack.v2.SdkCLI - connect-bin-session=bin_session_id: "a4d73271-21b2-47a7-9fd2-d3dcfecf49ff"
config: "{\"userName\":\"almusavvirsiddiq_QczgDl\",\"accessKey\":\"xHwFqVPxVruKKzdPsiAr\",\"projectName\":\"Opencart\",\"buildName\":\"bstack1\",\"buildIdentifier\":\"#1\",\"platforms\":[{\"os\":\"OS X\",\"osVersion\":\"Monterey\",\"browserName\":\"Chrome\",\"browserVersion\":\"latest\"},{\"os\":\"Windows\",\"osVersion\":10,\"browserName\":\"Edge\",\"browserVersion\":\"latest\"},{\"deviceName\":\"Samsung Galaxy S22 Ultra\",\"browserName\":\"Samsung\",\"osVersion\":12}],\"parallelsPerPlatform\":1,\"source\":\"java:intellij:v1.1.6\",\"browserstackLocal\":true,\"debug\":false,\"networkLogs\":false,\"consoleLogs\":\"errors\",\"testObservability\":true,\"accessibility\":false,\"browserstackAutomation\":true,\"selfHeal\":false,\"disableAutoCaptureLogs\":false,\"testhub\":true,\"testContextOptions\":{\"skipSessionStatus\":false,\"skipSessionName\":false},\"browserStackLocalOptions\":{\"localIdentifier\":\"Jun_3_1147_DESKTOP-CPNFTH3_fwqt\",\"key\":\"xHwFqVPxVruKKzdPsiAr\",\"skipBinaryInitialisation\":false},\"proxySettings\":{},\"hubUrl\":\"https://hub-aps.browserstack.com/wd/hub\"}"
testhub {
  jwt: "eyJhbGciOiJIUzI1NiJ9.eyJpc3MiOiJicm93c2Vyc3RhY2tfb2IiLCJzdWIiOiI5MjM5ODA3IiwiZ3JvdXBfaWQiOjkxNTA4MDIsInVzZXJfaWQiOjkyMzk4MDcsImJ1aWxkX2hhc2hlZF9pZCI6Im9lN2oxbG15N2NheTk2eDJ1MHJ5OWw3YzNvaXp1dzlubzhiaWYxdGgiLCJwcm9qZWN0X25hbWUiOiJPcGVuY2FydCIsImhvb2tfYXNfdGVzdCI6IjEiLCJidWlsZF9uYW1lIjoiYnN0YWNrMSIsInByb2R1Y3RfbWFwIjoie1wib2JzZXJ2YWJpbGl0eVwiOnRydWUsXCJhdXRvbWF0ZVwiOnRydWUsXCJic3RhY2tBdXRvbWF0aW9uXCI6dHJ1ZSxcImNhZFwiOnRydWUsXCJvcmlnaW5Gcm9tUHJvZHVjdE1hcFwiOlwiQXV0b21hdGVcIixcIm5vblNES1wiOmZhbHNlLFwiYWNjZXNzaWJpbGl0eUF1dG9FbmFibGVkXCI6dHJ1ZX0iLCJncnJfcmVnaW9uIjoiIiwiaXNfbG93X3ZvbHVtZSI6ZmFsc2UsInNpZ25pbmdfa2V5X2hhc2giOiIzN2MxMTMxZTRiMmU3NDNjNzY2ZTFkNzBiZjVmMmI1N2RjNjliMTk1ZDMwMGUzMmFlOGQwMjMxMjBhNGE2ZDk3IiwiaWF0IjoxNzQ4OTMxNDU5LCJleHAiOjE3NDkyNzcwNTl9.Gq4bacbS5GYcvHErPZndV8oQsp8KGF2dfZqk1OTTMN0"
  build_hashed_id: "oe7j1lmy7cay96x2u0ry9l7c3oizuw9no8bif1th"
  testhub_events: true
}
observability {
  success: true
}
session_framework: "selenium"

11:47:42.739 [main] INFO  com.browserstack.v2.SdkCLI - loadBinResponse: Loading modules as per LoadBinResponse=bin_session_id: "a4d73271-21b2-47a7-9fd2-d3dcfecf49ff"
config: "{\"userName\":\"almusavvirsiddiq_QczgDl\",\"accessKey\":\"xHwFqVPxVruKKzdPsiAr\",\"projectName\":\"Opencart\",\"buildName\":\"bstack1\",\"buildIdentifier\":\"#1\",\"platforms\":[{\"os\":\"OS X\",\"osVersion\":\"Monterey\",\"browserName\":\"Chrome\",\"browserVersion\":\"latest\"},{\"os\":\"Windows\",\"osVersion\":10,\"browserName\":\"Edge\",\"browserVersion\":\"latest\"},{\"deviceName\":\"Samsung Galaxy S22 Ultra\",\"browserName\":\"Samsung\",\"osVersion\":12}],\"parallelsPerPlatform\":1,\"source\":\"java:intellij:v1.1.6\",\"browserstackLocal\":true,\"debug\":false,\"networkLogs\":false,\"consoleLogs\":\"errors\",\"testObservability\":true,\"accessibility\":false,\"browserstackAutomation\":true,\"selfHeal\":false,\"disableAutoCaptureLogs\":false,\"testhub\":true,\"testContextOptions\":{\"skipSessionStatus\":false,\"skipSessionName\":false},\"browserStackLocalOptions\":{\"localIdentifier\":\"Jun_3_1147_DESKTOP-CPNFTH3_fwqt\",\"key\":\"xHwFqVPxVruKKzdPsiAr\",\"skipBinaryInitialisation\":false},\"proxySettings\":{},\"hubUrl\":\"https://hub-aps.browserstack.com/wd/hub\"}"
testhub {
  jwt: "eyJhbGciOiJIUzI1NiJ9.eyJpc3MiOiJicm93c2Vyc3RhY2tfb2IiLCJzdWIiOiI5MjM5ODA3IiwiZ3JvdXBfaWQiOjkxNTA4MDIsInVzZXJfaWQiOjkyMzk4MDcsImJ1aWxkX2hhc2hlZF9pZCI6Im9lN2oxbG15N2NheTk2eDJ1MHJ5OWw3YzNvaXp1dzlubzhiaWYxdGgiLCJwcm9qZWN0X25hbWUiOiJPcGVuY2FydCIsImhvb2tfYXNfdGVzdCI6IjEiLCJidWlsZF9uYW1lIjoiYnN0YWNrMSIsInByb2R1Y3RfbWFwIjoie1wib2JzZXJ2YWJpbGl0eVwiOnRydWUsXCJhdXRvbWF0ZVwiOnRydWUsXCJic3RhY2tBdXRvbWF0aW9uXCI6dHJ1ZSxcImNhZFwiOnRydWUsXCJvcmlnaW5Gcm9tUHJvZHVjdE1hcFwiOlwiQXV0b21hdGVcIixcIm5vblNES1wiOmZhbHNlLFwiYWNjZXNzaWJpbGl0eUF1dG9FbmFibGVkXCI6dHJ1ZX0iLCJncnJfcmVnaW9uIjoiIiwiaXNfbG93X3ZvbHVtZSI6ZmFsc2UsInNpZ25pbmdfa2V5X2hhc2giOiIzN2MxMTMxZTRiMmU3NDNjNzY2ZTFkNzBiZjVmMmI1N2RjNjliMTk1ZDMwMGUzMmFlOGQwMjMxMjBhNGE2ZDk3IiwiaWF0IjoxNzQ4OTMxNDU5LCJleHAiOjE3NDkyNzcwNTl9.Gq4bacbS5GYcvHErPZndV8oQsp8KGF2dfZqk1OTTMN0"
  build_hashed_id: "oe7j1lmy7cay96x2u0ry9l7c3oizuw9no8bif1th"
  testhub_events: true
}
observability {
  success: true
}
session_framework: "selenium"

11:47:42.748 [main] DEBUG com.browserstack.v2.SdkCLI - loadBinResponse: configured module=WebdriverModule & a4d73271-21b2-47a7-9fd2-d3dcfecf49ff
11:47:42.748 [main] DEBUG com.browserstack.v2.SdkCLI - loadBinResponse: configured module=ObservabilityModule & a4d73271-21b2-47a7-9fd2-d3dcfecf49ff
11:47:42.748 [main] DEBUG com.browserstack.v2.SdkCLI - loadBinResponse: configured module=TestHubModule & a4d73271-21b2-47a7-9fd2-d3dcfecf49ff
11:47:42.751 [main] INFO  com.browserstack.v2.SdkCLI - startChild: child-process connected
11:47:42.751 [main] INFO  com.browserstack.v2.SdkCLI - startMain: main-process connected
11:47:44.725 [main] INFO  c.browserstack.BrowserStackJavaAgent - Project and debug logs are captured by default. To disable, set disableAutoCaptureLogs: true in config.
11:47:44.734 [main] INFO  com.browserstack.testOps.Listener - onStart: CLI is active
11:47:44.984 [main] DEBUG com.browserstack.v2.SdkCLI - Setting up testng framework
11:47:44.986 [main] DEBUG com.browserstack.v2.SdkCLI - Setting up selenium framework
11:47:45.405 [main] INFO  com.browserstack.testOps.Listener - logCreated: CLI is active
11:47:45.408 [main] INFO  com.browserstack.testOps.Listener - logCreated: CLI is active
11:47:45.409 [main] INFO  com.browserstack.testOps.Listener - logCreated: CLI is active
11:47:45.409 [main] INFO  com.browserstack.testOps.Listener - logCreated: CLI is active
11:47:45.410 [main] INFO  com.browserstack.testOps.Listener - logCreated: CLI is active
11:47:45.410 [main] INFO  com.browserstack.testOps.Listener - logCreated: CLI is active
11:47:45.410 [main] INFO  com.browserstack.testOps.Listener - logCreated: CLI is active
11:47:45.410 [main] INFO  com.browserstack.testOps.Listener - logCreated: CLI is active
11:47:45.415 [main] INFO  com.browserstack.testOps.Listener - logCreated: CLI is active
11:47:45.420 [main] INFO  com.browserstack.testOps.Listener - logCreated: CLI is active
11:47:45.421 [main] INFO  com.browserstack.testOps.Listener - logCreated: CLI is active
11:47:45.424 [main] INFO  com.browserstack.testOps.Listener - logCreated: CLI is active
11:47:45.424 [main] INFO  com.browserstack.testOps.Listener - logCreated: CLI is active
11:47:45.424 [main] INFO  com.browserstack.testOps.Listener - logCreated: CLI is active
11:47:45.424 [main] INFO  com.browserstack.testOps.Listener - logCreated: CLI is active
11:47:45.425 [main] INFO  com.browserstack.testOps.Listener - logCreated: CLI is active
11:47:45.425 [main] INFO  com.browserstack.testOps.Listener - logCreated: CLI is active
11:47:45.425 [main] INFO  com.browserstack.testOps.Listener - logCreated: CLI is active
11:47:45.425 [main] INFO  com.browserstack.testOps.Listener - logCreated: CLI is active
11:47:45.425 [main] INFO  com.browserstack.testOps.Listener - logCreated: CLI is active
11:47:45.425 [main] INFO  com.browserstack.testOps.Listener - logCreated: CLI is active
11:47:45.425 [main] INFO  com.browserstack.testOps.Listener - logCreated: CLI is active
11:47:45.426 [main] INFO  com.browserstack.testOps.Listener - logCreated: CLI is active
11:47:45.426 [main] INFO  com.browserstack.testOps.Listener - logCreated: CLI is active
11:47:45.426 [main] INFO  com.browserstack.testOps.Listener - logCreated: CLI is active
11:47:45.426 [main] INFO  com.browserstack.testOps.Listener - logCreated: CLI is active
11:47:45.428 [main] INFO  com.browserstack.testOps.Listener - logCreated: CLI is active
11:47:45.428 [main] INFO  com.browserstack.testOps.Listener - logCreated: CLI is active
11:47:45.428 [main] INFO  com.browserstack.testOps.Listener - logCreated: CLI is active
11:47:45.429 [main] INFO  com.browserstack.testOps.Listener - logCreated: CLI is active
11:47:45.429 [main] INFO  com.browserstack.testOps.Listener - logCreated: CLI is active
11:47:45.429 [main] INFO  com.browserstack.testOps.Listener - logCreated: CLI is active
11:47:45.429 [main] INFO  com.browserstack.testOps.Listener - logCreated: CLI is active
11:47:45.429 [main] INFO  com.browserstack.testOps.Listener - logCreated: CLI is active
11:47:45.429 [main] INFO  com.browserstack.testOps.Listener - logCreated: CLI is active
11:47:45.432 [main] INFO  com.browserstack.testOps.Listener - logCreated: CLI is active
11:47:45.432 [main] INFO  com.browserstack.testOps.Listener - logCreated: CLI is active
11:47:45.433 [main] INFO  com.browserstack.testOps.Listener - logCreated: CLI is active
11:47:45.433 [main] INFO  com.browserstack.testOps.Listener - logCreated: CLI is active
11:47:45.433 [main] INFO  com.browserstack.testOps.Listener - logCreated: CLI is active
11:47:45.433 [main] INFO  com.browserstack.testOps.Listener - logCreated: CLI is active
11:47:45.433 [main] INFO  com.browserstack.testOps.Listener - logCreated: CLI is active
11:47:45.433 [main] INFO  com.browserstack.testOps.Listener - logCreated: CLI is active
11:47:45.434 [main] INFO  com.browserstack.testOps.Listener - logCreated: CLI is active
11:47:45.434 [main] INFO  com.browserstack.testOps.Listener - logCreated: CLI is active
11:47:45.434 [main] INFO  com.browserstack.testOps.Listener - logCreated: CLI is active
11:47:45.434 [main] INFO  com.browserstack.testOps.Listener - logCreated: CLI is active
11:47:45.434 [main] INFO  com.browserstack.testOps.Listener - logCreated: CLI is active
11:47:45.434 [main] INFO  com.browserstack.testOps.Listener - logCreated: CLI is active
11:47:45.434 [main] INFO  com.browserstack.testOps.Listener - logCreated: CLI is active
11:47:45.435 [main] INFO  com.browserstack.testOps.Listener - logCreated: CLI is active
11:47:45.435 [main] INFO  com.browserstack.testOps.Listener - logCreated: CLI is active
11:47:45.435 [main] INFO  com.browserstack.testOps.Listener - logCreated: CLI is active
11:47:45.435 [main] INFO  com.browserstack.testOps.Listener - logCreated: CLI is active
11:47:45.435 [main] INFO  com.browserstack.testOps.Listener - logCreated: CLI is active
11:47:45.435 [main] INFO  com.browserstack.testOps.Listener - logCreated: CLI is active
11:47:45.435 [main] INFO  com.browserstack.testOps.Listener - logCreated: CLI is active
11:47:45.436 [main] INFO  com.browserstack.testOps.Listener - logCreated: CLI is active
11:47:45.436 [main] INFO  com.browserstack.testOps.Listener - logCreated: CLI is active
11:47:45.436 [main] INFO  com.browserstack.testOps.Listener - logCreated: CLI is active
11:47:45.436 [main] INFO  com.browserstack.testOps.Listener - logCreated: CLI is active
11:47:45.436 [main] INFO  com.browserstack.testOps.Listener - logCreated: CLI is active
11:47:45.436 [main] INFO  com.browserstack.testOps.Listener - logCreated: CLI is active
11:47:45.437 [main] INFO  com.browserstack.testOps.Listener - logCreated: CLI is active
11:47:45.437 [main] INFO  com.browserstack.testOps.Listener - logCreated: CLI is active
11:47:45.437 [main] INFO  com.browserstack.testOps.Listener - logCreated: CLI is active
11:47:45.437 [main] INFO  com.browserstack.testOps.Listener - logCreated: CLI is active
11:47:45.437 [main] INFO  com.browserstack.testOps.Listener - logCreated: CLI is active
11:47:45.437 [main] INFO  com.browserstack.testOps.Listener - logCreated: CLI is active
11:47:45.437 [main] INFO  com.browserstack.testOps.Listener - logCreated: CLI is active
11:47:45.439 [main] INFO  com.browserstack.testOps.Listener - logCreated: CLI is active
11:47:45.439 [main] INFO  com.browserstack.testOps.Listener - logCreated: CLI is active
11:47:45.440 [main] INFO  com.browserstack.testOps.Listener - logCreated: CLI is active
11:47:45.440 [main] INFO  com.browserstack.testOps.Listener - logCreated: CLI is active
11:47:45.441 [main] INFO  com.browserstack.testOps.Listener - logCreated: CLI is active
11:47:45.442 [main] INFO  com.browserstack.testOps.Listener - logCreated: CLI is active
11:47:45.442 [main] INFO  com.browserstack.testOps.Listener - logCreated: CLI is active
11:47:45.442 [main] INFO  com.browserstack.testOps.Listener - logCreated: CLI is active
11:47:45.442 [main] INFO  com.browserstack.testOps.Listener - logCreated: CLI is active
11:47:45.442 [main] INFO  com.browserstack.testOps.Listener - logCreated: CLI is active
11:47:45.442 [main] INFO  com.browserstack.testOps.Listener - logCreated: CLI is active
11:47:45.443 [main] INFO  com.browserstack.testOps.Listener - logCreated: CLI is active
11:47:45.443 [main] INFO  com.browserstack.testOps.Listener - logCreated: CLI is active
11:47:45.443 [main] INFO  com.browserstack.testOps.Listener - logCreated: CLI is active
11:47:45.443 [main] INFO  com.browserstack.testOps.Listener - logCreated: CLI is active
11:47:45.443 [main] INFO  com.browserstack.testOps.Listener - logCreated: CLI is active
11:47:45.443 [main] INFO  com.browserstack.testOps.Listener - logCreated: CLI is active
11:47:45.443 [main] INFO  com.browserstack.testOps.Listener - logCreated: CLI is active
11:47:45.443 [main] INFO  com.browserstack.testOps.Listener - logCreated: CLI is active
11:47:45.443 [main] INFO  com.browserstack.testOps.Listener - logCreated: CLI is active
11:47:45.443 [main] INFO  com.browserstack.testOps.Listener - logCreated: CLI is active
11:47:45.443 [main] INFO  com.browserstack.testOps.Listener - logCreated: CLI is active
11:47:45.447 [main] INFO  com.browserstack.testOps.Listener - logCreated: CLI is active
11:47:45.447 [main] INFO  com.browserstack.testOps.Listener - logCreated: CLI is active
11:47:45.447 [main] INFO  com.browserstack.testOps.Listener - logCreated: CLI is active
11:47:45.447 [main] INFO  com.browserstack.testOps.Listener - logCreated: CLI is active
11:47:45.449 [main] INFO  com.browserstack.testOps.Listener - logCreated: CLI is active
11:47:45.449 [main] INFO  com.browserstack.testOps.Listener - logCreated: CLI is active
11:47:45.449 [main] INFO  com.browserstack.testOps.Listener - logCreated: CLI is active
11:47:45.449 [main] INFO  com.browserstack.testOps.Listener - logCreated: CLI is active
11:47:45.458 [main] INFO  com.browserstack.testOps.Listener - logCreated: CLI is active
11:47:45.458 [main] INFO  com.browserstack.testOps.Listener - logCreated: CLI is active
11:47:45.459 [main] INFO  com.browserstack.testOps.Listener - logCreated: CLI is active
11:47:45.459 [main] INFO  com.browserstack.testOps.Listener - logCreated: CLI is active
11:47:45.459 [main] INFO  com.browserstack.testOps.Listener - logCreated: CLI is active
11:47:45.459 [main] INFO  com.browserstack.testOps.Listener - logCreated: CLI is active
11:47:45.459 [main] INFO  com.browserstack.testOps.Listener - logCreated: CLI is active
11:47:45.459 [main] INFO  com.browserstack.testOps.Listener - logCreated: CLI is active
11:47:45.460 [main] INFO  com.browserstack.testOps.Listener - logCreated: CLI is active
11:47:45.460 [main] INFO  com.browserstack.testOps.Listener - logCreated: CLI is active
11:47:45.460 [main] INFO  com.browserstack.testOps.Listener - logCreated: CLI is active
11:47:45.460 [main] INFO  com.browserstack.testOps.Listener - logCreated: CLI is active
11:47:45.460 [main] INFO  com.browserstack.testOps.Listener - logCreated: CLI is active
11:47:45.460 [main] INFO  com.browserstack.testOps.Listener - logCreated: CLI is active
11:47:45.460 [main] INFO  com.browserstack.testOps.Listener - logCreated: CLI is active
11:47:45.461 [main] INFO  com.browserstack.testOps.Listener - logCreated: CLI is active
11:47:45.461 [main] INFO  com.browserstack.testOps.Listener - logCreated: CLI is active
11:47:45.461 [main] INFO  com.browserstack.testOps.Listener - logCreated: CLI is active
11:47:45.461 [main] INFO  com.browserstack.testOps.Listener - logCreated: CLI is active
11:47:45.461 [main] INFO  com.browserstack.testOps.Listener - logCreated: CLI is active
11:47:45.461 [main] INFO  com.browserstack.testOps.Listener - logCreated: CLI is active
11:47:45.461 [main] INFO  com.browserstack.testOps.Listener - logCreated: CLI is active
11:47:45.461 [main] INFO  com.browserstack.testOps.Listener - logCreated: CLI is active
11:47:45.462 [main] INFO  com.browserstack.testOps.Listener - logCreated: CLI is active
11:47:45.462 [main] INFO  com.browserstack.testOps.Listener - logCreated: CLI is active
11:47:45.462 [main] INFO  com.browserstack.testOps.Listener - logCreated: CLI is active
11:47:45.462 [main] INFO  com.browserstack.testOps.Listener - logCreated: CLI is active
11:47:45.463 [main] INFO  com.browserstack.testOps.Listener - logCreated: CLI is active
11:47:45.463 [main] INFO  com.browserstack.testOps.Listener - logCreated: CLI is active
11:47:45.463 [main] INFO  com.browserstack.testOps.Listener - logCreated: CLI is active
11:47:45.463 [main] INFO  com.browserstack.testOps.Listener - logCreated: CLI is active
11:47:45.463 [main] INFO  com.browserstack.testOps.Listener - logCreated: CLI is active
11:47:45.463 [main] INFO  com.browserstack.testOps.Listener - logCreated: CLI is active
11:47:45.463 [main] INFO  com.browserstack.testOps.Listener - logCreated: CLI is active
11:47:45.463 [main] INFO  com.browserstack.testOps.Listener - logCreated: CLI is active
11:47:45.466 [main] INFO  com.browserstack.testOps.Listener - logCreated: CLI is active
11:47:45.466 [main] INFO  com.browserstack.testOps.Listener - logCreated: CLI is active
11:47:45.466 [main] INFO  com.browserstack.testOps.Listener - logCreated: CLI is active
11:47:45.466 [main] INFO  com.browserstack.testOps.Listener - logCreated: CLI is active
11:47:45.466 [main] INFO  com.browserstack.testOps.Listener - logCreated: CLI is active
11:47:45.466 [main] INFO  com.browserstack.testOps.Listener - logCreated: CLI is active
11:47:45.467 [main] INFO  com.browserstack.testOps.Listener - logCreated: CLI is active
11:47:45.467 [main] INFO  com.browserstack.testOps.Listener - logCreated: CLI is active
11:47:45.467 [main] INFO  com.browserstack.testOps.Listener - logCreated: CLI is active
11:47:45.467 [main] INFO  com.browserstack.testOps.Listener - logCreated: CLI is active
11:47:45.467 [main] INFO  com.browserstack.testOps.Listener - logCreated: CLI is active
11:47:45.467 [main] INFO  com.browserstack.testOps.Listener - logCreated: CLI is active
11:47:45.467 [main] INFO  com.browserstack.testOps.Listener - logCreated: CLI is active
11:47:45.467 [main] INFO  com.browserstack.testOps.Listener - logCreated: CLI is active
11:47:45.468 [main] INFO  com.browserstack.testOps.Listener - logCreated: CLI is active
11:47:45.468 [main] INFO  com.browserstack.testOps.Listener - logCreated: CLI is active
11:47:45.468 [main] INFO  com.browserstack.testOps.Listener - logCreated: CLI is active
11:47:45.468 [main] INFO  com.browserstack.testOps.Listener - logCreated: CLI is active
11:47:45.468 [main] INFO  com.browserstack.testOps.Listener - logCreated: CLI is active
11:47:45.468 [main] INFO  com.browserstack.testOps.Listener - logCreated: CLI is active
11:47:45.468 [main] INFO  com.browserstack.testOps.Listener - logCreated: CLI is active
11:47:45.468 [main] INFO  com.browserstack.testOps.Listener - logCreated: CLI is active
11:47:45.469 [main] INFO  com.browserstack.testOps.Listener - logCreated: CLI is active
11:47:45.469 [main] INFO  com.browserstack.testOps.Listener - logCreated: CLI is active
11:47:45.469 [main] INFO  com.browserstack.testOps.Listener - logCreated: CLI is active
11:47:45.469 [main] INFO  com.browserstack.testOps.Listener - logCreated: CLI is active
11:47:45.469 [main] INFO  com.browserstack.testOps.Listener - logCreated: CLI is active
11:47:45.469 [main] INFO  com.browserstack.testOps.Listener - logCreated: CLI is active
11:47:45.470 [main] INFO  com.browserstack.testOps.Listener - logCreated: CLI is active
11:47:45.470 [main] INFO  com.browserstack.testOps.Listener - logCreated: CLI is active
11:47:45.470 [main] INFO  com.browserstack.testOps.Listener - logCreated: CLI is active
11:47:45.470 [main] INFO  com.browserstack.testOps.Listener - logCreated: CLI is active
11:47:45.470 [main] INFO  com.browserstack.testOps.Listener - logCreated: CLI is active
11:47:45.470 [main] INFO  com.browserstack.testOps.Listener - logCreated: CLI is active
11:47:45.470 [main] INFO  com.browserstack.testOps.Listener - logCreated: CLI is active
11:47:45.470 [main] INFO  com.browserstack.testOps.Listener - logCreated: CLI is active
11:47:45.470 [main] INFO  com.browserstack.testOps.Listener - logCreated: CLI is active
11:47:45.470 [main] INFO  com.browserstack.testOps.Listener - logCreated: CLI is active
11:47:45.470 [main] INFO  com.browserstack.testOps.Listener - logCreated: CLI is active
11:47:45.471 [main] INFO  com.browserstack.testOps.Listener - logCreated: CLI is active
11:47:45.471 [main] INFO  com.browserstack.testOps.Listener - logCreated: CLI is active
11:47:45.471 [main] INFO  com.browserstack.testOps.Listener - logCreated: CLI is active
11:47:45.472 [main] INFO  com.browserstack.testOps.Listener - logCreated: CLI is active
11:47:45.472 [main] INFO  com.browserstack.testOps.Listener - logCreated: CLI is active
11:47:45.472 [main] INFO  com.browserstack.testOps.Listener - logCreated: CLI is active
11:47:45.472 [main] INFO  com.browserstack.testOps.Listener - logCreated: CLI is active
11:47:45.472 [main] INFO  com.browserstack.testOps.Listener - logCreated: CLI is active
11:47:45.472 [main] INFO  com.browserstack.testOps.Listener - logCreated: CLI is active
11:47:45.472 [main] INFO  com.browserstack.testOps.Listener - logCreated: CLI is active
11:47:45.472 [main] INFO  com.browserstack.testOps.Listener - logCreated: CLI is active
11:47:45.472 [main] INFO  com.browserstack.testOps.Listener - logCreated: CLI is active
11:47:45.472 [main] INFO  com.browserstack.testOps.Listener - logCreated: CLI is active
11:47:45.472 [main] INFO  com.browserstack.testOps.Listener - logCreated: CLI is active
11:47:45.472 [main] INFO  com.browserstack.testOps.Listener - logCreated: CLI is active
11:47:45.473 [main] INFO  com.browserstack.testOps.Listener - logCreated: CLI is active
11:47:45.473 [main] INFO  com.browserstack.testOps.Listener - logCreated: CLI is active
11:47:45.473 [main] INFO  com.browserstack.testOps.Listener - logCreated: CLI is active
11:47:45.473 [main] INFO  com.browserstack.testOps.Listener - logCreated: CLI is active
11:47:45.473 [main] INFO  com.browserstack.testOps.Listener - logCreated: CLI is active
11:47:45.473 [main] INFO  com.browserstack.testOps.Listener - logCreated: CLI is active
11:47:45.473 [main] INFO  com.browserstack.testOps.Listener - logCreated: CLI is active
11:47:45.474 [main] INFO  com.browserstack.testOps.Listener - logCreated: CLI is active
11:47:45.474 [main] INFO  com.browserstack.testOps.Listener - logCreated: CLI is active
11:47:45.474 [main] INFO  com.browserstack.testOps.Listener - logCreated: CLI is active
11:47:45.474 [main] INFO  com.browserstack.testOps.Listener - logCreated: CLI is active
11:47:45.479 [main] INFO  com.browserstack.testOps.Listener - logCreated: CLI is active
11:47:45.479 [main] INFO  com.browserstack.testOps.Listener - logCreated: CLI is active
11:47:45.480 [main] INFO  com.browserstack.testOps.Listener - logCreated: CLI is active
11:47:45.480 [main] INFO  com.browserstack.testOps.Listener - logCreated: CLI is active
11:47:45.480 [main] INFO  com.browserstack.testOps.Listener - logCreated: CLI is active
11:47:45.481 [main] INFO  com.browserstack.testOps.Listener - logCreated: CLI is active
11:47:45.481 [main] INFO  com.browserstack.testOps.Listener - logCreated: CLI is active
11:47:45.481 [main] INFO  com.browserstack.testOps.Listener - logCreated: CLI is active
11:47:45.481 [main] INFO  com.browserstack.testOps.Listener - logCreated: CLI is active
11:47:45.482 [main] INFO  com.browserstack.testOps.Listener - logCreated: CLI is active
11:47:45.482 [main] INFO  com.browserstack.testOps.Listener - logCreated: CLI is active
11:47:45.482 [main] INFO  com.browserstack.testOps.Listener - logCreated: CLI is active
11:47:45.482 [main] INFO  com.browserstack.testOps.Listener - logCreated: CLI is active
11:47:45.482 [main] INFO  com.browserstack.testOps.Listener - logCreated: CLI is active
11:47:45.482 [main] INFO  com.browserstack.testOps.Listener - logCreated: CLI is active
11:47:45.483 [main] INFO  com.browserstack.testOps.Listener - logCreated: CLI is active
11:47:45.483 [main] INFO  com.browserstack.testOps.Listener - logCreated: CLI is active
11:47:45.483 [main] INFO  com.browserstack.testOps.Listener - logCreated: CLI is active
11:47:45.483 [main] INFO  com.browserstack.testOps.Listener - logCreated: CLI is active
11:47:45.483 [main] INFO  com.browserstack.testOps.Listener - logCreated: CLI is active
11:47:45.483 [main] INFO  com.browserstack.testOps.Listener - logCreated: CLI is active
11:47:45.483 [main] INFO  com.browserstack.testOps.Listener - logCreated: CLI is active
11:47:45.483 [main] INFO  com.browserstack.testOps.Listener - logCreated: CLI is active
11:47:45.484 [main] INFO  com.browserstack.testOps.Listener - logCreated: CLI is active
11:47:45.484 [main] INFO  com.browserstack.testOps.Listener - logCreated: CLI is active
11:47:45.484 [main] INFO  com.browserstack.testOps.Listener - logCreated: CLI is active
11:47:45.484 [main] INFO  com.browserstack.testOps.Listener - logCreated: CLI is active
11:47:45.484 [main] INFO  com.browserstack.testOps.Listener - logCreated: CLI is active
11:47:45.485 [main] INFO  com.browserstack.testOps.Listener - logCreated: CLI is active
11:47:45.485 [main] INFO  com.browserstack.testOps.Listener - logCreated: CLI is active
11:47:45.485 [main] INFO  com.browserstack.testOps.Listener - logCreated: CLI is active
11:47:45.485 [main] INFO  com.browserstack.testOps.Listener - logCreated: CLI is active
11:47:45.485 [main] INFO  com.browserstack.testOps.Listener - logCreated: CLI is active
11:47:45.485 [main] INFO  com.browserstack.testOps.Listener - logCreated: CLI is active
11:47:45.485 [main] INFO  com.browserstack.testOps.Listener - logCreated: CLI is active
11:47:45.488 [main] INFO  com.browserstack.testOps.Listener - logCreated: CLI is active
11:47:45.488 [main] INFO  com.browserstack.testOps.Listener - logCreated: CLI is active
11:47:45.488 [main] INFO  com.browserstack.testOps.Listener - logCreated: CLI is active
11:47:45.488 [main] INFO  com.browserstack.testOps.Listener - logCreated: CLI is active
11:47:45.488 [main] INFO  com.browserstack.testOps.Listener - logCreated: CLI is active
11:47:45.488 [main] INFO  com.browserstack.testOps.Listener - logCreated: CLI is active
11:47:45.488 [main] INFO  com.browserstack.testOps.Listener - logCreated: CLI is active
11:47:45.489 [main] INFO  com.browserstack.testOps.Listener - logCreated: CLI is active
11:47:45.489 [main] INFO  com.browserstack.testOps.Listener - logCreated: CLI is active
11:47:45.489 [main] INFO  com.browserstack.testOps.Listener - logCreated: CLI is active
11:47:45.489 [main] INFO  com.browserstack.testOps.Listener - logCreated: CLI is active
11:47:45.489 [main] INFO  com.browserstack.testOps.Listener - logCreated: CLI is active
11:47:45.489 [main] INFO  com.browserstack.testOps.Listener - logCreated: CLI is active
11:47:45.490 [main] INFO  com.browserstack.testOps.Listener - logCreated: CLI is active
11:47:45.490 [main] INFO  com.browserstack.testOps.Listener - logCreated: CLI is active
11:47:45.490 [main] INFO  com.browserstack.testOps.Listener - logCreated: CLI is active
11:47:45.490 [main] INFO  com.browserstack.testOps.Listener - logCreated: CLI is active
11:47:45.490 [main] INFO  com.browserstack.testOps.Listener - logCreated: CLI is active
11:47:45.490 [main] INFO  com.browserstack.testOps.Listener - logCreated: CLI is active
11:47:45.490 [main] INFO  com.browserstack.testOps.Listener - logCreated: CLI is active
11:47:45.490 [main] INFO  com.browserstack.testOps.Listener - logCreated: CLI is active
11:47:45.490 [main] INFO  com.browserstack.testOps.Listener - logCreated: CLI is active
11:47:45.491 [main] INFO  com.browserstack.testOps.Listener - logCreated: CLI is active
11:47:45.491 [main] INFO  com.browserstack.testOps.Listener - logCreated: CLI is active
11:47:45.491 [main] INFO  com.browserstack.testOps.Listener - logCreated: CLI is active
11:47:45.491 [main] INFO  com.browserstack.testOps.Listener - logCreated: CLI is active
11:47:45.491 [main] INFO  com.browserstack.testOps.Listener - logCreated: CLI is active
11:47:45.491 [main] INFO  com.browserstack.testOps.Listener - logCreated: CLI is active
11:47:45.492 [main] INFO  com.browserstack.testOps.Listener - logCreated: CLI is active
11:47:45.492 [main] INFO  com.browserstack.testOps.Listener - logCreated: CLI is active
11:47:45.492 [main] INFO  com.browserstack.testOps.Listener - logCreated: CLI is active
11:47:45.492 [main] INFO  com.browserstack.testOps.Listener - logCreated: CLI is active
11:47:45.492 [main] INFO  com.browserstack.testOps.Listener - logCreated: CLI is active
11:47:45.492 [main] INFO  com.browserstack.testOps.Listener - logCreated: CLI is active
11:47:45.492 [main] INFO  com.browserstack.testOps.Listener - logCreated: CLI is active
11:47:45.492 [main] INFO  com.browserstack.testOps.Listener - logCreated: CLI is active
11:47:45.492 [main] INFO  com.browserstack.testOps.Listener - logCreated: CLI is active
11:47:45.492 [main] INFO  com.browserstack.testOps.Listener - logCreated: CLI is active
11:47:45.492 [main] INFO  com.browserstack.testOps.Listener - logCreated: CLI is active
11:47:45.493 [main] INFO  com.browserstack.testOps.Listener - logCreated: CLI is active
11:47:45.493 [main] INFO  com.browserstack.testOps.Listener - logCreated: CLI is active
11:47:45.493 [main] INFO  com.browserstack.testOps.Listener - logCreated: CLI is active
11:47:45.493 [main] INFO  com.browserstack.testOps.Listener - logCreated: CLI is active
11:47:45.494 [main] INFO  com.browserstack.testOps.Listener - logCreated: CLI is active
11:47:45.494 [main] INFO  com.browserstack.testOps.Listener - logCreated: CLI is active
11:47:45.494 [main] INFO  com.browserstack.testOps.Listener - logCreated: CLI is active
11:47:45.494 [main] INFO  com.browserstack.testOps.Listener - logCreated: CLI is active
11:47:45.494 [main] INFO  com.browserstack.testOps.Listener - logCreated: CLI is active
11:47:45.494 [main] INFO  com.browserstack.testOps.Listener - logCreated: CLI is active
11:47:45.494 [main] INFO  com.browserstack.testOps.Listener - logCreated: CLI is active
11:47:45.494 [main] INFO  com.browserstack.testOps.Listener - logCreated: CLI is active
11:47:45.494 [main] INFO  com.browserstack.testOps.Listener - logCreated: CLI is active
11:47:45.494 [main] INFO  com.browserstack.testOps.Listener - logCreated: CLI is active
11:47:45.494 [main] INFO  com.browserstack.testOps.Listener - logCreated: CLI is active
11:47:45.494 [main] INFO  com.browserstack.testOps.Listener - logCreated: CLI is active
11:47:45.494 [main] INFO  com.browserstack.testOps.Listener - logCreated: CLI is active
11:47:45.494 [main] INFO  com.browserstack.testOps.Listener - logCreated: CLI is active
11:47:45.495 [main] INFO  com.browserstack.testOps.Listener - logCreated: CLI is active
11:47:45.495 [main] INFO  com.browserstack.testOps.Listener - logCreated: CLI is active
11:47:45.495 [main] INFO  com.browserstack.testOps.Listener - logCreated: CLI is active
11:47:45.495 [main] INFO  com.browserstack.testOps.Listener - logCreated: CLI is active
11:47:45.495 [main] INFO  com.browserstack.testOps.Listener - logCreated: CLI is active
11:47:45.495 [main] INFO  com.browserstack.testOps.Listener - logCreated: CLI is active
11:47:45.496 [main] INFO  com.browserstack.testOps.Listener - logCreated: CLI is active
11:47:45.496 [main] INFO  com.browserstack.testOps.Listener - logCreated: CLI is active
11:47:45.497 [main] INFO  com.browserstack.testOps.Listener - logCreated: CLI is active
11:47:45.521 [main] INFO  com.browserstack.testOps.Listener - logCreated: CLI is active
11:47:45.537 [TestNG-tests-3] INFO  c.b.v2.framework.TestNgFramework - trackTestNgTest: saved instance contextId=-145147973 target=C:/Users/RPA Base/Projects/opencart/src/test/java/testCases-2@2 instances=[-145147973, -145149897]
11:47:45.537 [TestNG-tests-1] INFO  c.b.v2.framework.TestNgFramework - trackTestNgTest: saved instance contextId=-145149897 target=C:/Users/RPA Base/Projects/opencart/src/test/java/testCases-0@0 instances=[-145149897]
11:47:45.537 [TestNG-tests-2] INFO  c.b.v2.framework.TestNgFramework - trackTestNgTest: saved instance contextId=-145148935 target=C:/Users/RPA Base/Projects/opencart/src/test/java/testCases-1@1 instances=[-145148935, -145147973, -145149897]
11:47:45.537 [TestNG-tests-3] INFO  c.b.v2.framework.TestNgFramework - trackEvent: found instance, testFrameworkState=TestFrameworkState.INIT_TEST hookState=HookState.PRE instance=-145147973
11:47:45.537 [TestNG-tests-1] INFO  c.b.v2.framework.TestNgFramework - trackEvent: found instance, testFrameworkState=TestFrameworkState.INIT_TEST hookState=HookState.PRE instance=-145149897
11:47:45.537 [TestNG-tests-2] INFO  c.b.v2.framework.TestNgFramework - trackEvent: found instance, testFrameworkState=TestFrameworkState.INIT_TEST hookState=HookState.PRE instance=-145148935
11:47:45.537 [TestNG-tests-3] INFO  c.b.v2.framework.TestNgFramework - trackEvent: loaded instance, testFrameworkState=TestFrameworkState.INIT_TEST hookState=HookState.PRE instance=-145147973
11:47:45.537 [TestNG-tests-2] INFO  c.b.v2.framework.TestNgFramework - trackEvent: loaded instance, testFrameworkState=TestFrameworkState.INIT_TEST hookState=HookState.PRE instance=-145148935
11:47:45.537 [TestNG-tests-1] INFO  c.b.v2.framework.TestNgFramework - trackEvent: loaded instance, testFrameworkState=TestFrameworkState.INIT_TEST hookState=HookState.PRE instance=-145149897
11:47:45.549 [C:/Users/RPA Base/Projects/opencart/src/test/java/testCases-1@1] INFO  com.browserstack.testOps.Listener - logCreated: CLI is active
11:47:45.549 [C:/Users/RPA Base/Projects/opencart/src/test/java/testCases-0@0] INFO  com.browserstack.testOps.Listener - logCreated: CLI is active
11:47:45.549 [C:/Users/RPA Base/Projects/opencart/src/test/java/testCases-2@2] INFO  com.browserstack.testOps.Listener - logCreated: CLI is active
11:47:45.578 [C:/Users/RPA Base/Projects/opencart/src/test/java/testCases-1@1] INFO  c.b.v2.framework.TestNgFramework - trackEvent: found instance, testFrameworkState=TestFrameworkState.BEFORE_CLASS hookState=HookState.PRE instance=-145148935
11:47:45.578 [C:/Users/RPA Base/Projects/opencart/src/test/java/testCases-0@0] INFO  c.b.v2.framework.TestNgFramework - trackEvent: found instance, testFrameworkState=TestFrameworkState.BEFORE_CLASS hookState=HookState.PRE instance=-145149897
11:47:45.578 [C:/Users/RPA Base/Projects/opencart/src/test/java/testCases-2@2] INFO  c.b.v2.framework.TestNgFramework - trackEvent: found instance, testFrameworkState=TestFrameworkState.BEFORE_CLASS hookState=HookState.PRE instance=-145147973
11:47:45.579 [C:/Users/RPA Base/Projects/opencart/src/test/java/testCases-2@2] INFO  c.b.v2.framework.TestNgFramework - trackEvent: loaded common test data, testFrameworkState=TestFrameworkState.BEFORE_CLASS hookState=HookState.PRE instance=-145147973
11:47:45.580 [C:/Users/RPA Base/Projects/opencart/src/test/java/testCases-2@2] INFO  c.b.v2.framework.TestNgFramework - trackEvent: track hook events
11:47:45.580 [C:/Users/RPA Base/Projects/opencart/src/test/java/testCases-1@1] INFO  c.b.v2.framework.TestNgFramework - trackEvent: loaded common test data, testFrameworkState=TestFrameworkState.BEFORE_CLASS hookState=HookState.PRE instance=-145148935
11:47:45.580 [C:/Users/RPA Base/Projects/opencart/src/test/java/testCases-0@0] INFO  c.b.v2.framework.TestNgFramework - trackEvent: loaded common test data, testFrameworkState=TestFrameworkState.BEFORE_CLASS hookState=HookState.PRE instance=-145149897
11:47:45.580 [C:/Users/RPA Base/Projects/opencart/src/test/java/testCases-1@1] INFO  c.b.v2.framework.TestNgFramework - trackEvent: track hook events
11:47:45.580 [C:/Users/RPA Base/Projects/opencart/src/test/java/testCases-0@0] INFO  c.b.v2.framework.TestNgFramework - trackEvent: track hook events
11:47:46.271 [C:/Users/RPA Base/Projects/opencart/src/test/java/testCases-0@0] INFO  c.b.v2.framework.TestNgFramework - args CHECK = [TestResult name=setup status=STARTED method=BaseClass.setup(java.lang.String)[pri:0, instance:testCases.TS_002_Login_Functionality@3291b443] output={null}]
11:47:46.271 [C:/Users/RPA Base/Projects/opencart/src/test/java/testCases-2@2] INFO  c.b.v2.framework.TestNgFramework - args CHECK = [TestResult name=setup status=STARTED method=BaseClass.setup(java.lang.String)[pri:0, instance:testCases.TS_002_Login_Functionality@440e3ce6] output={null}]
11:47:46.271 [C:/Users/RPA Base/Projects/opencart/src/test/java/testCases-1@1] INFO  c.b.v2.framework.TestNgFramework - args CHECK = [TestResult name=setup status=STARTED method=BaseClass.setup(java.lang.String)[pri:0, instance:testCases.TS_002_Login_Functionality@4aa21f9d] output={null}]
11:47:46.273 [C:/Users/RPA Base/Projects/opencart/src/test/java/testCases-0@0] INFO  c.b.v2.framework.TestNgFramework - Hook Started in PRE key = BEFORE_CLASS & hook = {hook_name=setup, hook_result=pending, test_file_path=opencart\src\test\java\testCases\TS_002_Login_Functionality.java, event_started_at=2025-06-03T11:47:46.273076600, hook_id=6b0852fc-ed9f-4df8-aa95-e48c83208f04, hook_logs=[], key=BEFORE_CLASS, custom_metadata={}, test_location=opencart\src\test\java\testCases\TS_002_Login_Functionality.java}  and args = [[TestResult name=setup status=STARTED method=BaseClass.setup(java.lang.String)[pri:0, instance:testCases.TS_002_Login_Functionality@3291b443] output={null}], BaseClass.setup(java.lang.String)[pri:0, instance:testCases.TS_002_Login_Functionality@3291b443]]
11:47:46.273 [C:/Users/RPA Base/Projects/opencart/src/test/java/testCases-1@1] INFO  c.b.v2.framework.TestNgFramework - Hook Started in PRE key = BEFORE_CLASS & hook = {hook_name=setup, hook_result=pending, test_file_path=opencart\src\test\java\testCases\TS_002_Login_Functionality.java, event_started_at=2025-06-03T11:47:46.273076600, hook_id=d48057fc-12a3-4960-ae30-73b5b9ca89e0, hook_logs=[], key=BEFORE_CLASS, custom_metadata={}, test_location=opencart\src\test\java\testCases\TS_002_Login_Functionality.java}  and args = [[TestResult name=setup status=STARTED method=BaseClass.setup(java.lang.String)[pri:0, instance:testCases.TS_002_Login_Functionality@4aa21f9d] output={null}], BaseClass.setup(java.lang.String)[pri:0, instance:testCases.TS_002_Login_Functionality@4aa21f9d]]
11:47:46.273 [C:/Users/RPA Base/Projects/opencart/src/test/java/testCases-2@2] INFO  c.b.v2.framework.TestNgFramework - Hook Started in PRE key = BEFORE_CLASS & hook = {hook_name=setup, hook_result=pending, test_file_path=opencart\src\test\java\testCases\TS_002_Login_Functionality.java, event_started_at=2025-06-03T11:47:46.273076600, hook_id=550cb690-9e43-4b03-bd79-878b62272e7a, hook_logs=[], key=BEFORE_CLASS, custom_metadata={}, test_location=opencart\src\test\java\testCases\TS_002_Login_Functionality.java}  and args = [[TestResult name=setup status=STARTED method=BaseClass.setup(java.lang.String)[pri:0, instance:testCases.TS_002_Login_Functionality@440e3ce6] output={null}], BaseClass.setup(java.lang.String)[pri:0, instance:testCases.TS_002_Login_Functionality@440e3ce6]]
11:47:46.273 [C:/Users/RPA Base/Projects/opencart/src/test/java/testCases-1@1] INFO  c.b.v2.framework.TestNgFramework - trackHookEvents: hook state=BEFORE_CLASS.HookState.PRE , hooks started={BEFORE_CLASS=[{hook_name=setup, hook_result=pending, test_file_path=opencart\src\test\java\testCases\TS_002_Login_Functionality.java, event_started_at=2025-06-03T11:47:46.273076600, hook_id=d48057fc-12a3-4960-ae30-73b5b9ca89e0, hook_logs=[], key=BEFORE_CLASS, custom_metadata={}, test_location=opencart\src\test\java\testCases\TS_002_Login_Functionality.java}]} , hooks finished={BEFORE_CLASS=[]}
11:47:46.273 [C:/Users/RPA Base/Projects/opencart/src/test/java/testCases-2@2] INFO  c.b.v2.framework.TestNgFramework - trackHookEvents: hook state=BEFORE_CLASS.HookState.PRE , hooks started={BEFORE_CLASS=[{hook_name=setup, hook_result=pending, test_file_path=opencart\src\test\java\testCases\TS_002_Login_Functionality.java, event_started_at=2025-06-03T11:47:46.273076600, hook_id=550cb690-9e43-4b03-bd79-878b62272e7a, hook_logs=[], key=BEFORE_CLASS, custom_metadata={}, test_location=opencart\src\test\java\testCases\TS_002_Login_Functionality.java}]} , hooks finished={BEFORE_CLASS=[]}
11:47:46.273 [C:/Users/RPA Base/Projects/opencart/src/test/java/testCases-0@0] INFO  c.b.v2.framework.TestNgFramework - trackHookEvents: hook state=BEFORE_CLASS.HookState.PRE , hooks started={BEFORE_CLASS=[{hook_name=setup, hook_result=pending, test_file_path=opencart\src\test\java\testCases\TS_002_Login_Functionality.java, event_started_at=2025-06-03T11:47:46.273076600, hook_id=6b0852fc-ed9f-4df8-aa95-e48c83208f04, hook_logs=[], key=BEFORE_CLASS, custom_metadata={}, test_location=opencart\src\test\java\testCases\TS_002_Login_Functionality.java}]} , hooks finished={BEFORE_CLASS=[]}
11:47:46.292 [C:/Users/RPA Base/Projects/opencart/src/test/java/testCases-2@2] INFO  c.b.v2.module.TestHubModule - sendTestFrameworkEvent: event=com.browserstack.v2.eventBus.Event@6ce42f79, response=success: true

11:47:46.292 [C:/Users/RPA Base/Projects/opencart/src/test/java/testCases-1@1] INFO  c.b.v2.module.TestHubModule - sendTestFrameworkEvent: event=com.browserstack.v2.eventBus.Event@3eb9e2cd, response=success: true

11:47:46.292 [C:/Users/RPA Base/Projects/opencart/src/test/java/testCases-0@0] INFO  c.b.v2.module.TestHubModule - sendTestFrameworkEvent: event=com.browserstack.v2.eventBus.Event@5752c760, response=success: true

11:47:56.120 [setup@1] INFO  c.b.v2.framework.SeleniumFramework - trackSeleniumTest: saved instance contextId=-1599753584 target=17792:66 instances=[-1599753584]
11:47:56.120 [setup@2] INFO  c.b.v2.framework.SeleniumFramework - trackSeleniumTest: saved instance contextId=-1599753583 target=17792:67 instances=[-1599753583, -1599753584]
11:47:56.120 [setup@0] INFO  c.b.v2.framework.SeleniumFramework - trackSeleniumTest: saved instance contextId=-1599753585 target=17792:65 instances=[-1599753583, -1599753584, -1599753585]
11:47:56.124 [setup@2] INFO  c.b.v2.module.WebdriverModule - onBeforeDriverCreate: event=com.browserstack.v2.eventBus.Event@68a1126c
11:47:56.124 [setup@1] INFO  c.b.v2.module.WebdriverModule - onBeforeDriverCreate: event=com.browserstack.v2.eventBus.Event@4bc64ad5
11:47:56.124 [setup@0] INFO  c.b.v2.module.WebdriverModule - onBeforeDriverCreate: event=com.browserstack.v2.eventBus.Event@2b75bb78
11:47:56.174 [setup@2] INFO  c.b.v2.module.WebdriverModule - beforeCommandExecute: event=com.browserstack.v2.eventBus.Event@7728c118
11:47:56.174 [setup@0] INFO  c.b.v2.module.WebdriverModule - beforeCommandExecute: event=com.browserstack.v2.eventBus.Event@6ad84da2
11:47:56.174 [setup@1] INFO  c.b.v2.module.WebdriverModule - beforeCommandExecute: event=com.browserstack.v2.eventBus.Event@400ce42a
11:48:01.270 [setup@0] INFO  c.b.v2.module.WebdriverModule - afterCommandExecute: event=com.browserstack.v2.eventBus.Event@4d08a835
11:48:01.271 [setup@0] INFO  c.b.v2.framework.SeleniumFramework - trackSeleniumTest: saved instance contextId=-1599753585 target=17792:65 instances=[-1599753583, -1599753584, -1599753585]
11:48:01.271 [setup@0] INFO  c.b.v2.module.WebdriverModule - onDriverCreated: event=com.browserstack.v2.eventBus.Event@70992b6
11:48:01.271 [setup@0] INFO  c.b.v2.module.WebdriverModule - Found session id=c45a53cd53655682349941b7b9b03114175b3da1 for instance=com.browserstack.v2.instance.AutomationFrameworkInstance@a4ad671
11:48:01.275 [setup@0] INFO  c.b.v2.module.WebdriverModule - Driver added successfully to automationFramework
11:48:01.325 [setup@0] INFO  c.b.v2.module.WebdriverModule - beforeCommandExecute: event=com.browserstack.v2.eventBus.Event@648b8f3f
11:48:01.325 [setup@0] INFO  c.b.v2.module.WebdriverModule - beforeCommandExecute: event=com.browserstack.v2.eventBus.Event@1d833d1e
11:48:01.370 [setup@0] INFO  c.b.v2.module.WebdriverModule - afterCommandExecute: event=com.browserstack.v2.eventBus.Event@42e88c6
11:48:01.370 [setup@0] INFO  c.b.v2.module.WebdriverModule - afterCommandExecute: event=com.browserstack.v2.eventBus.Event@67543eb4
11:48:01.371 [setup@0] INFO  c.b.v2.module.WebdriverModule - beforeCommandExecute: event=com.browserstack.v2.eventBus.Event@49b3e494
11:48:01.391 [setup@0] INFO  c.b.v2.module.WebdriverModule - afterCommandExecute: event=com.browserstack.v2.eventBus.Event@314c814c
11:48:01.392 [setup@0] INFO  c.b.v2.module.WebdriverModule - beforeCommandExecute: event=com.browserstack.v2.eventBus.Event@6fa15e7e
11:48:02.591 [setup@0] INFO  c.b.v2.module.WebdriverModule - afterCommandExecute: event=com.browserstack.v2.eventBus.Event@2e93ba3c
11:48:02.592 [setup@0] INFO  c.b.v2.module.WebdriverModule - beforeCommandExecute: event=com.browserstack.v2.eventBus.Event@28a52223
11:48:02.592 [setup@0] INFO  c.b.v2.module.WebdriverModule - beforeCommandExecute: event=com.browserstack.v2.eventBus.Event@559553ec
11:48:03.166 [setup@0] INFO  c.b.v2.module.WebdriverModule - afterCommandExecute: event=com.browserstack.v2.eventBus.Event@172fe86
11:48:03.166 [setup@0] INFO  c.b.v2.module.WebdriverModule - afterCommandExecute: event=com.browserstack.v2.eventBus.Event@7fafd39f
11:48:03.166 [setup@0] INFO  c.b.v2.framework.TestNgFramework - trackEvent: found instance, testFrameworkState=TestFrameworkState.BEFORE_CLASS hookState=HookState.POST instance=-145149897
11:48:03.166 [setup@0] INFO  c.b.v2.framework.TestNgFramework - trackEvent: loaded common test data, testFrameworkState=TestFrameworkState.BEFORE_CLASS hookState=HookState.POST instance=-145149897
11:48:03.166 [setup@0] INFO  c.b.v2.framework.TestNgFramework - trackEvent: track hook events
11:48:03.372 [setup@0] INFO  c.b.v2.framework.TestNgFramework - args CHECK = [TestResult name=setup status=SUCCESS method=BaseClass.setup(java.lang.String)[pri:0, instance:testCases.TS_002_Login_Functionality@3291b443] output={null}]
11:48:03.372 [setup@0] INFO  c.b.v2.framework.TestNgFramework - Hook List in Post [{hook_name=setup, hook_result=pending, test_file_path=opencart\src\test\java\testCases\TS_002_Login_Functionality.java, event_started_at=2025-06-03T11:47:46.273076600, hook_id=6b0852fc-ed9f-4df8-aa95-e48c83208f04, hook_logs=[], key=BEFORE_CLASS, custom_metadata={}, test_location=opencart\src\test\java\testCases\TS_002_Login_Functionality.java}] and args = [[TestResult name=setup status=SUCCESS method=BaseClass.setup(java.lang.String)[pri:0, instance:testCases.TS_002_Login_Functionality@3291b443] output={null}], BaseClass.setup(java.lang.String)[pri:0, instance:testCases.TS_002_Login_Functionality@3291b443]]
11:48:03.373 [setup@0] INFO  c.b.v2.framework.TestNgFramework - Processing HookLevel attachments from directory: C:\Users\devbase\.browserstack\UploadedAttachments-65\HookLevel
11:48:03.373 [setup@0] INFO  c.b.v2.framework.TestNgFramework - Checking hookLevelFiles: []
11:48:03.373 [setup@0] INFO  c.b.v2.framework.TestNgFramework - checking Paths of files = C:\Users\devbase\.browserstack\UploadedAttachments-65\HookLevel\BuildLevelHookEvent and abs path = C:\Users\devbase\.browserstack\UploadedAttachments-65\HookLevel\BuildLevelHookEvent 
11:48:03.373 [setup@0] INFO  c.b.v2.framework.TestNgFramework - Processing BuildLevelHookEvent attachments from directory: C:\Users\devbase\.browserstack\UploadedAttachments-65\HookLevel\BuildLevelHookEvent
11:48:03.373 [setup@0] INFO  c.b.v2.framework.TestNgFramework - Processing TestLevel attachments eventLogs: []
11:48:03.373 [setup@0] INFO  c.b.v2.framework.TestNgFramework - sendLogCreatedEvent: No Log Events to send
11:48:03.373 [setup@0] INFO  c.b.v2.framework.TestNgFramework - trackHookEvents: hook state=BEFORE_CLASS.HookState.POST , hooks started={BEFORE_CLASS=[]} , hooks finished={BEFORE_CLASS=[{hook_name=setup, hook_result=passed, test_file_path=opencart\src\test\java\testCases\TS_002_Login_Functionality.java, event_started_at=2025-06-03T11:47:46.273076600, hook_id=6b0852fc-ed9f-4df8-aa95-e48c83208f04, hook_logs=[], logs=[], key=BEFORE_CLASS, custom_metadata={}, event_ended_at=2025-06-03T11:48:03.372719600, test_location=opencart\src\test\java\testCases\TS_002_Login_Functionality.java}]}
11:48:03.378 [setup@0] INFO  c.b.v2.module.TestHubModule - sendTestFrameworkEvent: event=com.browserstack.v2.eventBus.Event@76f86503, response=success: true

11:48:03.411 [setup@0] INFO  c.b.v2.framework.TestNgFramework - trackEvent: found instance, testFrameworkState=TestFrameworkState.TEST hookState=HookState.PRE instance=-145149897
11:48:03.625 [setup@0] INFO  c.b.v2.framework.TestNgFramework - trackEvent: loaded initial test data to instance, testFrameworkState=TestFrameworkState.TEST hookState=HookState.PRE instance=-145149897
11:48:03.625 [setup@0] INFO  c.b.v2.module.WebdriverModule - onBeforeTest: event=com.browserstack.v2.eventBus.Event@3835cea1
11:48:03.629 [setup@0] INFO  c.b.v2.module.TestHubModule - sendTestFrameworkEvent: event=com.browserstack.v2.eventBus.Event@3835cea1, response=success: true

11:48:03.630 [setup@0] INFO  c.b.v2.module.ObservabilityModule - onBeforeTest: event={instance=com.browserstack.v2.instance.TestFrameworkInstance@3a68caa1, testFrameworkState=TestFrameworkState.TEST, testInstance=com.browserstack.v2.instance.TestFrameworkInstance@3a68caa1, hookState=HookState.PRE}
11:48:03.631 [setup@0] INFO  c.b.v2.module.ObservabilityModule - performO11ySync: Performing O11y Sync
11:48:03.672 [TC_LF_001_verify_login@0] INFO  c.b.v2.module.WebdriverModule - beforeCommandExecute: event=com.browserstack.v2.eventBus.Event@67a6a9ab
11:48:03.726 [TC_LF_001_verify_login@0] INFO  c.b.v2.module.WebdriverModule - afterCommandExecute: event=com.browserstack.v2.eventBus.Event@aa967f6
11:48:03.726 [TC_LF_001_verify_login@0] INFO  c.b.v2.module.WebdriverModule - beforeCommandExecute: event=com.browserstack.v2.eventBus.Event@77b6cc4c
11:48:03.805 [TC_LF_001_verify_login@0] INFO  c.b.v2.module.WebdriverModule - afterCommandExecute: event=com.browserstack.v2.eventBus.Event@a7b5261
11:48:03.805 [TC_LF_001_verify_login@0] INFO  c.b.v2.module.WebdriverModule - beforeCommandExecute: event=com.browserstack.v2.eventBus.Event@5b4bb3cf
11:48:03.846 [TC_LF_001_verify_login@0] INFO  c.b.v2.module.WebdriverModule - afterCommandExecute: event=com.browserstack.v2.eventBus.Event@57b73b95
11:48:03.847 [TC_LF_001_verify_login@0] INFO  c.b.v2.module.WebdriverModule - beforeCommandExecute: event=com.browserstack.v2.eventBus.Event@397b68cb
11:48:04.093 [TC_LF_001_verify_login@0] INFO  c.b.v2.module.WebdriverModule - afterCommandExecute: event=com.browserstack.v2.eventBus.Event@6c814827
11:48:04.098 [TC_LF_001_verify_login@0] INFO  c.b.v2.module.WebdriverModule - beforeCommandExecute: event=com.browserstack.v2.eventBus.Event@23c52623
11:48:04.144 [TC_LF_001_verify_login@0] INFO  c.b.v2.module.WebdriverModule - afterCommandExecute: event=com.browserstack.v2.eventBus.Event@10a7fa82
11:48:04.145 [TC_LF_001_verify_login@0] INFO  c.b.v2.module.WebdriverModule - beforeCommandExecute: event=com.browserstack.v2.eventBus.Event@5bb89e85
11:48:04.242 [TC_LF_001_verify_login@0] INFO  c.b.v2.module.WebdriverModule - afterCommandExecute: event=com.browserstack.v2.eventBus.Event@18d47e83
11:48:04.243 [TC_LF_001_verify_login@0] INFO  c.b.v2.module.WebdriverModule - beforeCommandExecute: event=com.browserstack.v2.eventBus.Event@177a76a3
11:48:04.286 [TC_LF_001_verify_login@0] INFO  c.b.v2.module.WebdriverModule - afterCommandExecute: event=com.browserstack.v2.eventBus.Event@5f1aba71
11:48:04.286 [TC_LF_001_verify_login@0] INFO  c.b.v2.module.WebdriverModule - beforeCommandExecute: event=com.browserstack.v2.eventBus.Event@758c6f98
11:48:04.341 [TC_LF_001_verify_login@0] INFO  c.b.v2.module.WebdriverModule - afterCommandExecute: event=com.browserstack.v2.eventBus.Event@b70b666
11:48:04.341 [TC_LF_001_verify_login@0] INFO  c.b.v2.module.WebdriverModule - beforeCommandExecute: event=com.browserstack.v2.eventBus.Event@6728c168
11:48:04.374 [TC_LF_001_verify_login@0] INFO  c.b.v2.module.WebdriverModule - afterCommandExecute: event=com.browserstack.v2.eventBus.Event@34517277
11:48:04.374 [TC_LF_001_verify_login@0] INFO  c.b.v2.module.WebdriverModule - beforeCommandExecute: event=com.browserstack.v2.eventBus.Event@29995391
11:48:04.450 [TC_LF_001_verify_login@0] INFO  c.b.v2.module.WebdriverModule - afterCommandExecute: event=com.browserstack.v2.eventBus.Event@92af1bc
11:48:04.450 [TC_LF_001_verify_login@0] INFO  c.b.v2.module.WebdriverModule - beforeCommandExecute: event=com.browserstack.v2.eventBus.Event@2d4c4752
11:48:05.213 [TC_LF_001_verify_login@0] INFO  c.b.v2.module.WebdriverModule - afterCommandExecute: event=com.browserstack.v2.eventBus.Event@1df4515f
11:48:05.213 [TC_LF_001_verify_login@0] INFO  c.b.v2.module.WebdriverModule - beforeCommandExecute: event=com.browserstack.v2.eventBus.Event@a86d307
11:48:05.246 [TC_LF_001_verify_login@0] INFO  c.b.v2.module.WebdriverModule - afterCommandExecute: event=com.browserstack.v2.eventBus.Event@72c51425
11:48:05.247 [TC_LF_001_verify_login@0] INFO  c.b.v2.module.WebdriverModule - beforeCommandExecute: event=com.browserstack.v2.eventBus.Event@3feb409f
11:48:05.306 [TC_LF_001_verify_login@0] INFO  c.b.v2.module.WebdriverModule - afterCommandExecute: event=com.browserstack.v2.eventBus.Event@6f0130d
11:48:05.307 [TC_LF_001_verify_login@0] INFO  c.b.v2.module.WebdriverModule - beforeCommandExecute: event=com.browserstack.v2.eventBus.Event@5f567ebe
11:48:05.383 [TC_LF_001_verify_login@0] INFO  c.b.v2.module.WebdriverModule - afterCommandExecute: event=com.browserstack.v2.eventBus.Event@24dbe45d
11:48:05.383 [TC_LF_001_verify_login@0] INFO  c.b.v2.module.WebdriverModule - beforeCommandExecute: event=com.browserstack.v2.eventBus.Event@558330f8
11:48:05.416 [TC_LF_001_verify_login@0] INFO  c.b.v2.module.WebdriverModule - afterCommandExecute: event=com.browserstack.v2.eventBus.Event@67252fa
11:48:05.416 [TC_LF_001_verify_login@0] INFO  c.b.v2.module.WebdriverModule - beforeCommandExecute: event=com.browserstack.v2.eventBus.Event@de3b3d0
11:48:05.844 [TC_LF_001_verify_login@0] INFO  c.b.v2.module.WebdriverModule - afterCommandExecute: event=com.browserstack.v2.eventBus.Event@de4ea99
11:48:05.846 [TC_LF_001_verify_login@0] INFO  c.b.v2.framework.TestNgFramework - trackEvent: found instance, testFrameworkState=TestFrameworkState.LOG_REPORT hookState=HookState.PRE instance=-145149897
11:48:05.846 [TC_LF_001_verify_login@0] INFO  c.b.v2.framework.TestNgFramework - trackEvent: found instance, testFrameworkState=TestFrameworkState.LOG_REPORT hookState=HookState.POST instance=-145149897
11:48:05.846 [TC_LF_001_verify_login@0] INFO  c.b.v2.framework.TestNgFramework - trackEvent: load test results
11:48:05.847 [TC_LF_001_verify_login@0] INFO  c.b.v2.framework.TestNgFramework - trackEvent: found instance, testFrameworkState=TestFrameworkState.TEST hookState=HookState.POST instance=-145149897
11:48:05.847 [TC_LF_001_verify_login@0] INFO  c.b.v2.module.WebdriverModule - onAfterTest: event=com.browserstack.v2.eventBus.Event@30d9125f
11:48:06.330 [TC_LF_001_verify_login@0] ERROR c.b.utils.SeleniumMethodUtils - Done for sessionid c45a53cd53655682349941b7b9b03114175b3da1
11:48:06.702 [TC_LF_001_verify_login@0] INFO  c.b.v2.module.TestHubModule - onAfterTest: event={com.browserstack.v2.eventBus.Event@30d9125f}
11:48:06.852 [TC_LF_001_verify_login@0] INFO  c.b.v2.module.TestHubModule - sendTestSessionEvent: event=com.browserstack.v2.eventBus.Event@30d9125f, response=success: true

11:48:06.860 [TC_LF_001_verify_login@0] INFO  c.b.v2.module.TestHubModule - sendTestFrameworkEvent: event=com.browserstack.v2.eventBus.Event@30d9125f, response=success: true

11:48:06.915 [TC_LF_001_verify_login@0] INFO  c.b.v2.framework.TestNgFramework - trackEvent: found instance, testFrameworkState=TestFrameworkState.AFTER_METHOD hookState=HookState.PRE instance=-145149897
11:48:06.915 [TC_LF_001_verify_login@0] INFO  c.b.v2.framework.TestNgFramework - trackEvent: track hook events
11:48:07.123 [TC_LF_001_verify_login@0] INFO  c.b.v2.framework.TestNgFramework - args CHECK = [TestResult name=clearCookies status=STARTED method=TS_002_Login_Functionality.clearCookies()[pri:0, instance:testCases.TS_002_Login_Functionality@3291b443] output={null}]
11:48:07.123 [TC_LF_001_verify_login@0] INFO  c.b.v2.framework.TestNgFramework - Hook Started in PRE key = AFTER_METHOD & hook = {hook_name=clearCookies, hook_result=pending, test_file_path=opencart\src\test\java\testCases\TS_002_Login_Functionality.java, event_started_at=2025-06-03T11:48:07.123622800, hook_id=23d28b72-a521-4047-a015-cc9aa6047ca1, hook_logs=[], key=AFTER_METHOD, custom_metadata={}, test_location=opencart\src\test\java\testCases\TS_002_Login_Functionality.java}  and args = [[TestResult name=clearCookies status=STARTED method=TS_002_Login_Functionality.clearCookies()[pri:0, instance:testCases.TS_002_Login_Functionality@3291b443] output={null}], TS_002_Login_Functionality.clearCookies()[pri:0, instance:testCases.TS_002_Login_Functionality@3291b443]]
11:48:07.123 [TC_LF_001_verify_login@0] INFO  c.b.v2.framework.TestNgFramework - trackHookEvents: hook state=AFTER_METHOD.HookState.PRE , hooks started={BEFORE_CLASS=[], AFTER_METHOD=[{hook_name=clearCookies, hook_result=pending, test_file_path=opencart\src\test\java\testCases\TS_002_Login_Functionality.java, event_started_at=2025-06-03T11:48:07.123622800, hook_id=23d28b72-a521-4047-a015-cc9aa6047ca1, hook_logs=[], key=AFTER_METHOD, custom_metadata={}, test_location=opencart\src\test\java\testCases\TS_002_Login_Functionality.java}]} , hooks finished={BEFORE_CLASS=[{hook_name=setup, hook_result=passed, test_file_path=opencart\src\test\java\testCases\TS_002_Login_Functionality.java, event_started_at=2025-06-03T11:47:46.273076600, hook_id=6b0852fc-ed9f-4df8-aa95-e48c83208f04, hook_logs=[], logs=[], key=BEFORE_CLASS, custom_metadata={}, event_ended_at=2025-06-03T11:48:03.372719600, test_location=opencart\src\test\java\testCases\TS_002_Login_Functionality.java}], AFTER_METHOD=[]}
11:48:07.130 [TC_LF_001_verify_login@0] INFO  c.b.v2.module.TestHubModule - sendTestFrameworkEvent: event=com.browserstack.v2.eventBus.Event@29ed6b96, response=success: true

11:48:07.132 [clearCookies@0] INFO  c.b.v2.module.WebdriverModule - beforeCommandExecute: event=com.browserstack.v2.eventBus.Event@68ee7048
11:48:07.132 [clearCookies@0] INFO  c.b.v2.module.WebdriverModule - beforeCommandExecute: event=com.browserstack.v2.eventBus.Event@304e2b4e
11:48:07.162 [clearCookies@0] INFO  c.b.v2.module.WebdriverModule - afterCommandExecute: event=com.browserstack.v2.eventBus.Event@723d470a
11:48:07.162 [clearCookies@0] INFO  c.b.v2.module.WebdriverModule - afterCommandExecute: event=com.browserstack.v2.eventBus.Event@5a0a1911
11:48:07.162 [clearCookies@0] INFO  c.b.v2.framework.TestNgFramework - trackEvent: found instance, testFrameworkState=TestFrameworkState.AFTER_METHOD hookState=HookState.POST instance=-145149897
11:48:07.162 [clearCookies@0] INFO  c.b.v2.framework.TestNgFramework - trackEvent: track hook events
11:48:07.376 [clearCookies@0] INFO  c.b.v2.framework.TestNgFramework - args CHECK = [TestResult name=clearCookies status=SUCCESS method=TS_002_Login_Functionality.clearCookies()[pri:0, instance:testCases.TS_002_Login_Functionality@3291b443] output={null}]
11:48:07.376 [clearCookies@0] INFO  c.b.v2.framework.TestNgFramework - Hook List in Post [{hook_name=clearCookies, hook_result=pending, test_file_path=opencart\src\test\java\testCases\TS_002_Login_Functionality.java, event_started_at=2025-06-03T11:48:07.123622800, hook_id=23d28b72-a521-4047-a015-cc9aa6047ca1, hook_logs=[], key=AFTER_METHOD, custom_metadata={}, test_location=opencart\src\test\java\testCases\TS_002_Login_Functionality.java}] and args = [[TestResult name=clearCookies status=SUCCESS method=TS_002_Login_Functionality.clearCookies()[pri:0, instance:testCases.TS_002_Login_Functionality@3291b443] output={null}], TS_002_Login_Functionality.clearCookies()[pri:0, instance:testCases.TS_002_Login_Functionality@3291b443]]
11:48:07.377 [clearCookies@0] INFO  c.b.v2.framework.TestNgFramework - Processing HookLevel attachments from directory: C:\Users\devbase\.browserstack\UploadedAttachments-65\HookLevel
11:48:07.377 [clearCookies@0] INFO  c.b.v2.framework.TestNgFramework - Checking hookLevelFiles: []
11:48:07.377 [clearCookies@0] INFO  c.b.v2.framework.TestNgFramework - checking Paths of files = C:\Users\devbase\.browserstack\UploadedAttachments-65\HookLevel\BuildLevelHookEvent and abs path = C:\Users\devbase\.browserstack\UploadedAttachments-65\HookLevel\BuildLevelHookEvent 
11:48:07.377 [clearCookies@0] INFO  c.b.v2.framework.TestNgFramework - Processing BuildLevelHookEvent attachments from directory: C:\Users\devbase\.browserstack\UploadedAttachments-65\HookLevel\BuildLevelHookEvent
11:48:07.378 [clearCookies@0] INFO  c.b.v2.framework.TestNgFramework - Processing TestLevel attachments eventLogs: []
11:48:07.378 [clearCookies@0] INFO  c.b.v2.framework.TestNgFramework - sendLogCreatedEvent: No Log Events to send
11:48:07.378 [clearCookies@0] INFO  c.b.v2.framework.TestNgFramework - trackHookEvents: hook state=AFTER_METHOD.HookState.POST , hooks started={BEFORE_CLASS=[], AFTER_METHOD=[]} , hooks finished={BEFORE_CLASS=[{hook_name=setup, hook_result=passed, test_file_path=opencart\src\test\java\testCases\TS_002_Login_Functionality.java, event_started_at=2025-06-03T11:47:46.273076600, hook_id=6b0852fc-ed9f-4df8-aa95-e48c83208f04, hook_logs=[], logs=[], key=BEFORE_CLASS, custom_metadata={}, event_ended_at=2025-06-03T11:48:03.372719600, test_location=opencart\src\test\java\testCases\TS_002_Login_Functionality.java}], AFTER_METHOD=[{hook_name=clearCookies, hook_result=passed, test_file_path=opencart\src\test\java\testCases\TS_002_Login_Functionality.java, event_started_at=2025-06-03T11:48:07.123622800, hook_id=23d28b72-a521-4047-a015-cc9aa6047ca1, hook_logs=[], logs=[], key=AFTER_METHOD, custom_metadata={}, event_ended_at=2025-06-03T11:48:07.376586600, test_location=opencart\src\test\java\testCases\TS_002_Login_Functionality.java}]}
11:48:07.385 [clearCookies@0] INFO  c.b.v2.module.TestHubModule - sendTestFrameworkEvent: event=com.browserstack.v2.eventBus.Event@127d4b8c, response=success: true

11:48:07.399 [clearCookies@0] INFO  c.b.v2.framework.TestNgFramework - trackTestNgTest: saved instance contextId=-145149897 target=C:/Users/RPA Base/Projects/opencart/src/test/java/testCases-0@0 instances=[-145148935, -145147973, -145149897]
11:48:07.399 [clearCookies@0] INFO  c.b.v2.framework.TestNgFramework - trackEvent: found instance, testFrameworkState=TestFrameworkState.TEST hookState=HookState.PRE instance=-145149897
11:48:07.602 [clearCookies@0] INFO  c.b.v2.framework.TestNgFramework - trackEvent: loaded initial test data to instance, testFrameworkState=TestFrameworkState.TEST hookState=HookState.PRE instance=-145149897
11:48:07.602 [clearCookies@0] INFO  c.b.v2.module.WebdriverModule - onBeforeTest: event=com.browserstack.v2.eventBus.Event@1a24abb0
11:48:07.607 [clearCookies@0] INFO  c.b.v2.module.TestHubModule - sendTestFrameworkEvent: event=com.browserstack.v2.eventBus.Event@1a24abb0, response=success: true

11:48:07.608 [clearCookies@0] INFO  c.b.v2.module.ObservabilityModule - onBeforeTest: event={instance=com.browserstack.v2.instance.TestFrameworkInstance@1511d45f, testFrameworkState=TestFrameworkState.TEST, testInstance=com.browserstack.v2.instance.TestFrameworkInstance@1511d45f, hookState=HookState.PRE}
11:48:07.608 [clearCookies@0] INFO  c.b.v2.module.ObservabilityModule - performO11ySync: Performing O11y Sync
11:48:07.624 [TC_LF_002_verify_invalid_login@0] INFO  c.b.v2.module.WebdriverModule - beforeCommandExecute: event=com.browserstack.v2.eventBus.Event@bbc2656
11:48:07.654 [TC_LF_002_verify_invalid_login@0] INFO  c.b.v2.module.WebdriverModule - afterCommandExecute: event=com.browserstack.v2.eventBus.Event@14f481
11:48:07.654 [TC_LF_002_verify_invalid_login@0] INFO  c.b.v2.module.WebdriverModule - beforeCommandExecute: event=com.browserstack.v2.eventBus.Event@561a4b26
11:48:07.718 [TC_LF_002_verify_invalid_login@0] INFO  c.b.v2.module.WebdriverModule - afterCommandExecute: event=com.browserstack.v2.eventBus.Event@5eabe246
11:48:07.718 [TC_LF_002_verify_invalid_login@0] INFO  c.b.v2.module.WebdriverModule - beforeCommandExecute: event=com.browserstack.v2.eventBus.Event@5c8109aa
11:48:07.752 [TC_LF_002_verify_invalid_login@0] INFO  c.b.v2.module.WebdriverModule - afterCommandExecute: event=com.browserstack.v2.eventBus.Event@101ae15f
11:48:07.753 [TC_LF_002_verify_invalid_login@0] INFO  c.b.v2.module.WebdriverModule - beforeCommandExecute: event=com.browserstack.v2.eventBus.Event@2715d1ef
11:48:08.013 [TC_LF_002_verify_invalid_login@0] INFO  c.b.v2.module.WebdriverModule - afterCommandExecute: event=com.browserstack.v2.eventBus.Event@1253c0be
11:48:08.013 [TC_LF_002_verify_invalid_login@0] INFO  c.b.v2.module.WebdriverModule - beforeCommandExecute: event=com.browserstack.v2.eventBus.Event@db14cef
11:48:08.055 [setup@1] INFO  c.b.v2.module.WebdriverModule - afterCommandExecute: event=com.browserstack.v2.eventBus.Event@7c434032
11:48:08.056 [setup@1] INFO  c.b.v2.framework.SeleniumFramework - trackSeleniumTest: saved instance contextId=-1599753584 target=17792:66 instances=[-1599753583, -1599753584, -1599753585]
11:48:08.056 [setup@1] INFO  c.b.v2.module.WebdriverModule - onDriverCreated: event=com.browserstack.v2.eventBus.Event@7ab75be6
11:48:08.056 [setup@1] INFO  c.b.v2.module.WebdriverModule - Found session id=9222f9ba4e3bcd407480d43b61eea7b584cd0403 for instance=com.browserstack.v2.instance.AutomationFrameworkInstance@7fe608f9
11:48:08.056 [setup@1] INFO  c.b.v2.module.WebdriverModule - Driver added successfully to automationFramework
11:48:08.063 [setup@1] INFO  c.b.v2.module.WebdriverModule - beforeCommandExecute: event=com.browserstack.v2.eventBus.Event@77f210d8
11:48:08.063 [setup@1] INFO  c.b.v2.module.WebdriverModule - beforeCommandExecute: event=com.browserstack.v2.eventBus.Event@2a4640fc
11:48:08.065 [TC_LF_002_verify_invalid_login@0] INFO  c.b.v2.module.WebdriverModule - afterCommandExecute: event=com.browserstack.v2.eventBus.Event@1798f7fd
11:48:08.066 [TC_LF_002_verify_invalid_login@0] INFO  c.b.v2.module.WebdriverModule - beforeCommandExecute: event=com.browserstack.v2.eventBus.Event@2c9861e9
11:48:08.123 [TC_LF_002_verify_invalid_login@0] INFO  c.b.v2.module.WebdriverModule - afterCommandExecute: event=com.browserstack.v2.eventBus.Event@6a89f31c
11:48:08.123 [TC_LF_002_verify_invalid_login@0] INFO  c.b.v2.module.WebdriverModule - beforeCommandExecute: event=com.browserstack.v2.eventBus.Event@75fb2935
11:48:08.163 [TC_LF_002_verify_invalid_login@0] INFO  c.b.v2.module.WebdriverModule - afterCommandExecute: event=com.browserstack.v2.eventBus.Event@45ac50de
11:48:08.164 [TC_LF_002_verify_invalid_login@0] INFO  c.b.v2.module.WebdriverModule - beforeCommandExecute: event=com.browserstack.v2.eventBus.Event@7da412df
11:48:08.220 [TC_LF_002_verify_invalid_login@0] INFO  c.b.v2.module.WebdriverModule - afterCommandExecute: event=com.browserstack.v2.eventBus.Event@348f322a
11:48:08.220 [TC_LF_002_verify_invalid_login@0] INFO  c.b.v2.module.WebdriverModule - beforeCommandExecute: event=com.browserstack.v2.eventBus.Event@5d757420
11:48:08.254 [TC_LF_002_verify_invalid_login@0] INFO  c.b.v2.module.WebdriverModule - afterCommandExecute: event=com.browserstack.v2.eventBus.Event@74c5be34
11:48:08.254 [TC_LF_002_verify_invalid_login@0] INFO  c.b.v2.module.WebdriverModule - beforeCommandExecute: event=com.browserstack.v2.eventBus.Event@3bc24d16
11:48:08.443 [setup@1] INFO  c.b.v2.module.WebdriverModule - afterCommandExecute: event=com.browserstack.v2.eventBus.Event@522673c
11:48:08.443 [setup@1] INFO  c.b.v2.module.WebdriverModule - afterCommandExecute: event=com.browserstack.v2.eventBus.Event@39823168
11:48:08.444 [setup@1] INFO  c.b.v2.module.WebdriverModule - beforeCommandExecute: event=com.browserstack.v2.eventBus.Event@225d42c
11:48:08.461 [setup@1] INFO  c.b.v2.module.WebdriverModule - afterCommandExecute: event=com.browserstack.v2.eventBus.Event@4ebc982b
11:48:08.461 [setup@1] INFO  c.b.v2.module.WebdriverModule - beforeCommandExecute: event=com.browserstack.v2.eventBus.Event@4dbf851c
11:48:09.469 [TC_LF_002_verify_invalid_login@0] INFO  c.b.v2.module.WebdriverModule - afterCommandExecute: event=com.browserstack.v2.eventBus.Event@4997dafc
11:48:09.469 [TC_LF_002_verify_invalid_login@0] INFO  c.b.v2.module.WebdriverModule - beforeCommandExecute: event=com.browserstack.v2.eventBus.Event@303f9999
11:48:09.514 [TC_LF_002_verify_invalid_login@0] INFO  c.b.v2.module.WebdriverModule - afterCommandExecute: event=com.browserstack.v2.eventBus.Event@79e72d49
11:48:09.514 [TC_LF_002_verify_invalid_login@0] INFO  c.b.v2.module.WebdriverModule - beforeCommandExecute: event=com.browserstack.v2.eventBus.Event@1ecf315a
11:48:09.534 [TC_LF_002_verify_invalid_login@0] INFO  c.b.v2.module.WebdriverModule - afterCommandExecute: event=com.browserstack.v2.eventBus.Event@e8b81ce
11:48:09.535 [TC_LF_002_verify_invalid_login@0] INFO  c.b.v2.framework.TestNgFramework - trackEvent: found instance, testFrameworkState=TestFrameworkState.LOG_REPORT hookState=HookState.PRE instance=-145149897
11:48:09.535 [TC_LF_002_verify_invalid_login@0] INFO  c.b.v2.framework.TestNgFramework - trackEvent: found instance, testFrameworkState=TestFrameworkState.LOG_REPORT hookState=HookState.POST instance=-145149897
11:48:09.535 [TC_LF_002_verify_invalid_login@0] INFO  c.b.v2.framework.TestNgFramework - trackEvent: load test results
11:48:09.535 [TC_LF_002_verify_invalid_login@0] INFO  c.b.v2.framework.TestNgFramework - trackEvent: found instance, testFrameworkState=TestFrameworkState.TEST hookState=HookState.POST instance=-145149897
11:48:09.535 [TC_LF_002_verify_invalid_login@0] INFO  c.b.v2.module.WebdriverModule - onAfterTest: event=com.browserstack.v2.eventBus.Event@c3225fd
11:48:09.882 [TC_LF_002_verify_invalid_login@0] ERROR c.b.utils.SeleniumMethodUtils - Done for sessionid c45a53cd53655682349941b7b9b03114175b3da1
11:48:10.190 [TC_LF_002_verify_invalid_login@0] INFO  c.b.v2.module.TestHubModule - onAfterTest: event={com.browserstack.v2.eventBus.Event@c3225fd}
11:48:10.196 [TC_LF_002_verify_invalid_login@0] INFO  c.b.v2.module.TestHubModule - sendTestSessionEvent: event=com.browserstack.v2.eventBus.Event@c3225fd, response=success: true

11:48:10.204 [TC_LF_002_verify_invalid_login@0] INFO  c.b.v2.module.TestHubModule - sendTestFrameworkEvent: event=com.browserstack.v2.eventBus.Event@c3225fd, response=success: true

11:48:10.207 [TC_LF_002_verify_invalid_login@0] INFO  c.b.v2.framework.TestNgFramework - trackEvent: found instance, testFrameworkState=TestFrameworkState.AFTER_METHOD hookState=HookState.PRE instance=-145149897
11:48:10.207 [TC_LF_002_verify_invalid_login@0] INFO  c.b.v2.framework.TestNgFramework - trackEvent: track hook events
11:48:10.378 [setup@1] INFO  c.b.v2.module.WebdriverModule - afterCommandExecute: event=com.browserstack.v2.eventBus.Event@79175826
11:48:10.378 [setup@1] INFO  c.b.v2.module.WebdriverModule - beforeCommandExecute: event=com.browserstack.v2.eventBus.Event@23357afd
11:48:10.378 [setup@1] INFO  c.b.v2.module.WebdriverModule - beforeCommandExecute: event=com.browserstack.v2.eventBus.Event@582819e3
11:48:10.416 [TC_LF_002_verify_invalid_login@0] INFO  c.b.v2.framework.TestNgFramework - args CHECK = [TestResult name=clearCookies status=STARTED method=TS_002_Login_Functionality.clearCookies()[pri:0, instance:testCases.TS_002_Login_Functionality@3291b443] output={null}]
11:48:10.416 [TC_LF_002_verify_invalid_login@0] INFO  c.b.v2.framework.TestNgFramework - Hook Started in PRE key = AFTER_METHOD & hook = {hook_name=clearCookies, hook_result=pending, test_file_path=opencart\src\test\java\testCases\TS_002_Login_Functionality.java, event_started_at=2025-06-03T11:48:10.416118500, hook_id=46b8e55a-f3db-40b6-b49d-160d9ff49b06, hook_logs=[], key=AFTER_METHOD, custom_metadata={}, test_location=opencart\src\test\java\testCases\TS_002_Login_Functionality.java}  and args = [[TestResult name=clearCookies status=STARTED method=TS_002_Login_Functionality.clearCookies()[pri:0, instance:testCases.TS_002_Login_Functionality@3291b443] output={null}], TS_002_Login_Functionality.clearCookies()[pri:0, instance:testCases.TS_002_Login_Functionality@3291b443]]
11:48:10.416 [TC_LF_002_verify_invalid_login@0] INFO  c.b.v2.framework.TestNgFramework - trackHookEvents: hook state=AFTER_METHOD.HookState.PRE , hooks started={AFTER_METHOD=[{hook_name=clearCookies, hook_result=pending, test_file_path=opencart\src\test\java\testCases\TS_002_Login_Functionality.java, event_started_at=2025-06-03T11:48:10.416118500, hook_id=46b8e55a-f3db-40b6-b49d-160d9ff49b06, hook_logs=[], key=AFTER_METHOD, custom_metadata={}, test_location=opencart\src\test\java\testCases\TS_002_Login_Functionality.java}]} , hooks finished={AFTER_METHOD=[]}
11:48:10.420 [TC_LF_002_verify_invalid_login@0] INFO  c.b.v2.module.TestHubModule - sendTestFrameworkEvent: event=com.browserstack.v2.eventBus.Event@947efc9, response=success: true

11:48:10.422 [clearCookies@0] INFO  c.b.v2.module.WebdriverModule - beforeCommandExecute: event=com.browserstack.v2.eventBus.Event@46582e66
11:48:10.422 [clearCookies@0] INFO  c.b.v2.module.WebdriverModule - beforeCommandExecute: event=com.browserstack.v2.eventBus.Event@6d62cb0b
11:48:10.456 [clearCookies@0] INFO  c.b.v2.module.WebdriverModule - afterCommandExecute: event=com.browserstack.v2.eventBus.Event@5bed48c9
11:48:10.456 [clearCookies@0] INFO  c.b.v2.module.WebdriverModule - afterCommandExecute: event=com.browserstack.v2.eventBus.Event@5ad6d525
11:48:10.456 [clearCookies@0] INFO  c.b.v2.framework.TestNgFramework - trackEvent: found instance, testFrameworkState=TestFrameworkState.AFTER_METHOD hookState=HookState.POST instance=-145149897
11:48:10.458 [clearCookies@0] INFO  c.b.v2.framework.TestNgFramework - trackEvent: track hook events
11:48:10.536 [setup@1] INFO  c.b.v2.module.WebdriverModule - afterCommandExecute: event=com.browserstack.v2.eventBus.Event@7ca2eeb
11:48:10.536 [setup@1] INFO  c.b.v2.module.WebdriverModule - afterCommandExecute: event=com.browserstack.v2.eventBus.Event@4cddb8ff
11:48:10.536 [setup@1] INFO  c.b.v2.framework.TestNgFramework - trackEvent: found instance, testFrameworkState=TestFrameworkState.BEFORE_CLASS hookState=HookState.POST instance=-145148935
11:48:10.536 [setup@1] INFO  c.b.v2.framework.TestNgFramework - trackEvent: loaded common test data, testFrameworkState=TestFrameworkState.BEFORE_CLASS hookState=HookState.POST instance=-145148935
11:48:10.536 [setup@1] INFO  c.b.v2.framework.TestNgFramework - trackEvent: track hook events
11:48:10.721 [clearCookies@0] INFO  c.b.v2.framework.TestNgFramework - args CHECK = [TestResult name=clearCookies status=SUCCESS method=TS_002_Login_Functionality.clearCookies()[pri:0, instance:testCases.TS_002_Login_Functionality@3291b443] output={null}]
11:48:10.721 [clearCookies@0] INFO  c.b.v2.framework.TestNgFramework - Hook List in Post [{hook_name=clearCookies, hook_result=pending, test_file_path=opencart\src\test\java\testCases\TS_002_Login_Functionality.java, event_started_at=2025-06-03T11:48:10.416118500, hook_id=46b8e55a-f3db-40b6-b49d-160d9ff49b06, hook_logs=[], key=AFTER_METHOD, custom_metadata={}, test_location=opencart\src\test\java\testCases\TS_002_Login_Functionality.java}] and args = [[TestResult name=clearCookies status=SUCCESS method=TS_002_Login_Functionality.clearCookies()[pri:0, instance:testCases.TS_002_Login_Functionality@3291b443] output={null}], TS_002_Login_Functionality.clearCookies()[pri:0, instance:testCases.TS_002_Login_Functionality@3291b443]]
11:48:10.721 [clearCookies@0] INFO  c.b.v2.framework.TestNgFramework - Processing HookLevel attachments from directory: C:\Users\devbase\.browserstack\UploadedAttachments-65\HookLevel
11:48:10.721 [clearCookies@0] INFO  c.b.v2.framework.TestNgFramework - Checking hookLevelFiles: []
11:48:10.722 [clearCookies@0] INFO  c.b.v2.framework.TestNgFramework - checking Paths of files = C:\Users\devbase\.browserstack\UploadedAttachments-65\HookLevel\BuildLevelHookEvent and abs path = C:\Users\devbase\.browserstack\UploadedAttachments-65\HookLevel\BuildLevelHookEvent 
11:48:10.722 [clearCookies@0] INFO  c.b.v2.framework.TestNgFramework - Processing BuildLevelHookEvent attachments from directory: C:\Users\devbase\.browserstack\UploadedAttachments-65\HookLevel\BuildLevelHookEvent
11:48:10.722 [clearCookies@0] INFO  c.b.v2.framework.TestNgFramework - Processing TestLevel attachments eventLogs: []
11:48:10.722 [clearCookies@0] INFO  c.b.v2.framework.TestNgFramework - sendLogCreatedEvent: No Log Events to send
11:48:10.722 [clearCookies@0] INFO  c.b.v2.framework.TestNgFramework - trackHookEvents: hook state=AFTER_METHOD.HookState.POST , hooks started={AFTER_METHOD=[]} , hooks finished={AFTER_METHOD=[{hook_name=clearCookies, hook_result=passed, test_file_path=opencart\src\test\java\testCases\TS_002_Login_Functionality.java, event_started_at=2025-06-03T11:48:10.416118500, hook_id=46b8e55a-f3db-40b6-b49d-160d9ff49b06, hook_logs=[], logs=[], key=AFTER_METHOD, custom_metadata={}, event_ended_at=2025-06-03T11:48:10.721701700, test_location=opencart\src\test\java\testCases\TS_002_Login_Functionality.java}]}
11:48:10.728 [clearCookies@0] INFO  c.b.v2.module.TestHubModule - sendTestFrameworkEvent: event=com.browserstack.v2.eventBus.Event@7bb26602, response=success: true

11:48:10.734 [clearCookies@0] INFO  c.b.v2.framework.TestNgFramework - trackTestNgTest: saved instance contextId=-145149897 target=C:/Users/RPA Base/Projects/opencart/src/test/java/testCases-0@0 instances=[-145148935, -145147973, -145149897]
11:48:10.734 [clearCookies@0] INFO  c.b.v2.framework.TestNgFramework - trackEvent: found instance, testFrameworkState=TestFrameworkState.TEST hookState=HookState.PRE instance=-145149897
11:48:10.784 [setup@1] INFO  c.b.v2.framework.TestNgFramework - args CHECK = [TestResult name=setup status=SUCCESS method=BaseClass.setup(java.lang.String)[pri:0, instance:testCases.TS_002_Login_Functionality@4aa21f9d] output={null}]
11:48:10.784 [setup@1] INFO  c.b.v2.framework.TestNgFramework - Hook List in Post [{hook_name=setup, hook_result=pending, test_file_path=opencart\src\test\java\testCases\TS_002_Login_Functionality.java, event_started_at=2025-06-03T11:47:46.273076600, hook_id=d48057fc-12a3-4960-ae30-73b5b9ca89e0, hook_logs=[], key=BEFORE_CLASS, custom_metadata={}, test_location=opencart\src\test\java\testCases\TS_002_Login_Functionality.java}] and args = [[TestResult name=setup status=SUCCESS method=BaseClass.setup(java.lang.String)[pri:0, instance:testCases.TS_002_Login_Functionality@4aa21f9d] output={null}], BaseClass.setup(java.lang.String)[pri:0, instance:testCases.TS_002_Login_Functionality@4aa21f9d]]
11:48:10.785 [setup@1] INFO  c.b.v2.framework.TestNgFramework - Processing HookLevel attachments from directory: C:\Users\devbase\.browserstack\UploadedAttachments-66\HookLevel
11:48:10.785 [setup@1] INFO  c.b.v2.framework.TestNgFramework - Checking hookLevelFiles: []
11:48:10.785 [setup@1] INFO  c.b.v2.framework.TestNgFramework - checking Paths of files = C:\Users\devbase\.browserstack\UploadedAttachments-66\HookLevel\BuildLevelHookEvent and abs path = C:\Users\devbase\.browserstack\UploadedAttachments-66\HookLevel\BuildLevelHookEvent 
11:48:10.785 [setup@1] INFO  c.b.v2.framework.TestNgFramework - Processing BuildLevelHookEvent attachments from directory: C:\Users\devbase\.browserstack\UploadedAttachments-66\HookLevel\BuildLevelHookEvent
11:48:10.785 [setup@1] INFO  c.b.v2.framework.TestNgFramework - Processing TestLevel attachments eventLogs: []
11:48:10.785 [setup@1] INFO  c.b.v2.framework.TestNgFramework - sendLogCreatedEvent: No Log Events to send
11:48:10.785 [setup@1] INFO  c.b.v2.framework.TestNgFramework - trackHookEvents: hook state=BEFORE_CLASS.HookState.POST , hooks started={BEFORE_CLASS=[]} , hooks finished={BEFORE_CLASS=[{hook_name=setup, hook_result=passed, test_file_path=opencart\src\test\java\testCases\TS_002_Login_Functionality.java, event_started_at=2025-06-03T11:47:46.273076600, hook_id=d48057fc-12a3-4960-ae30-73b5b9ca89e0, hook_logs=[], logs=[], key=BEFORE_CLASS, custom_metadata={}, event_ended_at=2025-06-03T11:48:10.784776300, test_location=opencart\src\test\java\testCases\TS_002_Login_Functionality.java}]}
11:48:10.790 [setup@1] INFO  c.b.v2.module.TestHubModule - sendTestFrameworkEvent: event=com.browserstack.v2.eventBus.Event@7aa6b7ea, response=success: true

11:48:10.794 [setup@1] INFO  c.b.v2.framework.TestNgFramework - trackEvent: found instance, testFrameworkState=TestFrameworkState.TEST hookState=HookState.PRE instance=-145148935
11:48:10.952 [clearCookies@0] INFO  c.b.v2.framework.TestNgFramework - trackEvent: loaded initial test data to instance, testFrameworkState=TestFrameworkState.TEST hookState=HookState.PRE instance=-145149897
11:48:10.952 [clearCookies@0] INFO  c.b.v2.module.WebdriverModule - onBeforeTest: event=com.browserstack.v2.eventBus.Event@159caaf0
11:48:10.957 [clearCookies@0] INFO  c.b.v2.module.TestHubModule - sendTestFrameworkEvent: event=com.browserstack.v2.eventBus.Event@159caaf0, response=success: true

11:48:10.958 [clearCookies@0] INFO  c.b.v2.module.ObservabilityModule - onBeforeTest: event={instance=com.browserstack.v2.instance.TestFrameworkInstance@e466f6, testFrameworkState=TestFrameworkState.TEST, testInstance=com.browserstack.v2.instance.TestFrameworkInstance@e466f6, hookState=HookState.PRE}
11:48:10.958 [clearCookies@0] INFO  c.b.v2.module.ObservabilityModule - performO11ySync: Performing O11y Sync
11:48:10.972 [TC_LF_003_verify_invalid_email_valid_password@0] INFO  c.b.v2.module.WebdriverModule - beforeCommandExecute: event=com.browserstack.v2.eventBus.Event@3909dc1f
11:48:10.997 [TC_LF_003_verify_invalid_email_valid_password@0] INFO  c.b.v2.module.WebdriverModule - afterCommandExecute: event=com.browserstack.v2.eventBus.Event@2ee0b8a8
11:48:10.998 [TC_LF_003_verify_invalid_email_valid_password@0] INFO  c.b.v2.module.WebdriverModule - beforeCommandExecute: event=com.browserstack.v2.eventBus.Event@5991d6d6
11:48:11.013 [setup@1] INFO  c.b.v2.framework.TestNgFramework - trackEvent: loaded initial test data to instance, testFrameworkState=TestFrameworkState.TEST hookState=HookState.PRE instance=-145148935
11:48:11.013 [setup@1] INFO  c.b.v2.module.WebdriverModule - onBeforeTest: event=com.browserstack.v2.eventBus.Event@1cbaa22b
11:48:11.017 [setup@1] INFO  c.b.v2.module.TestHubModule - sendTestFrameworkEvent: event=com.browserstack.v2.eventBus.Event@1cbaa22b, response=success: true

11:48:11.018 [setup@1] INFO  c.b.v2.module.ObservabilityModule - onBeforeTest: event={instance=com.browserstack.v2.instance.TestFrameworkInstance@6e01215, testFrameworkState=TestFrameworkState.TEST, testInstance=com.browserstack.v2.instance.TestFrameworkInstance@6e01215, hookState=HookState.PRE}
11:48:11.018 [setup@1] INFO  c.b.v2.module.ObservabilityModule - performO11ySync: Performing O11y Sync
11:48:11.031 [TC_LF_001_verify_login@1] INFO  c.b.v2.module.WebdriverModule - beforeCommandExecute: event=com.browserstack.v2.eventBus.Event@34ccc6b9
11:48:11.051 [TC_LF_003_verify_invalid_email_valid_password@0] INFO  c.b.v2.module.WebdriverModule - afterCommandExecute: event=com.browserstack.v2.eventBus.Event@6531cb48
11:48:11.051 [TC_LF_003_verify_invalid_email_valid_password@0] INFO  c.b.v2.module.WebdriverModule - beforeCommandExecute: event=com.browserstack.v2.eventBus.Event@7376fdee
11:48:11.065 [TC_LF_001_verify_login@1] INFO  c.b.v2.module.WebdriverModule - afterCommandExecute: event=com.browserstack.v2.eventBus.Event@39d81ac9
11:48:11.065 [TC_LF_001_verify_login@1] INFO  c.b.v2.module.WebdriverModule - beforeCommandExecute: event=com.browserstack.v2.eventBus.Event@3af1643
11:48:11.084 [TC_LF_003_verify_invalid_email_valid_password@0] INFO  c.b.v2.module.WebdriverModule - afterCommandExecute: event=com.browserstack.v2.eventBus.Event@7636596f
11:48:11.084 [TC_LF_003_verify_invalid_email_valid_password@0] INFO  c.b.v2.module.WebdriverModule - beforeCommandExecute: event=com.browserstack.v2.eventBus.Event@1d5bb447
11:48:11.343 [TC_LF_003_verify_invalid_email_valid_password@0] INFO  c.b.v2.module.WebdriverModule - afterCommandExecute: event=com.browserstack.v2.eventBus.Event@3b406dc8
11:48:11.344 [TC_LF_003_verify_invalid_email_valid_password@0] INFO  c.b.v2.module.WebdriverModule - beforeCommandExecute: event=com.browserstack.v2.eventBus.Event@4eb5bf00
11:48:11.374 [TC_LF_003_verify_invalid_email_valid_password@0] INFO  c.b.v2.module.WebdriverModule - afterCommandExecute: event=com.browserstack.v2.eventBus.Event@205f04ee
11:48:11.374 [TC_LF_003_verify_invalid_email_valid_password@0] INFO  c.b.v2.module.WebdriverModule - beforeCommandExecute: event=com.browserstack.v2.eventBus.Event@70686d8c
11:48:11.383 [TC_LF_001_verify_login@1] INFO  c.b.v2.module.WebdriverModule - afterCommandExecute: event=com.browserstack.v2.eventBus.Event@6245b249
11:48:11.383 [TC_LF_001_verify_login@1] INFO  c.b.v2.module.WebdriverModule - beforeCommandExecute: event=com.browserstack.v2.eventBus.Event@263e08e1
11:48:11.430 [TC_LF_001_verify_login@1] INFO  c.b.v2.module.WebdriverModule - afterCommandExecute: event=com.browserstack.v2.eventBus.Event@1c6ec7e5
11:48:11.431 [TC_LF_001_verify_login@1] INFO  c.b.v2.module.WebdriverModule - beforeCommandExecute: event=com.browserstack.v2.eventBus.Event@7a2f1e74
11:48:11.437 [TC_LF_003_verify_invalid_email_valid_password@0] INFO  c.b.v2.module.WebdriverModule - afterCommandExecute: event=com.browserstack.v2.eventBus.Event@22793a9c
11:48:11.438 [TC_LF_003_verify_invalid_email_valid_password@0] INFO  c.b.v2.module.WebdriverModule - beforeCommandExecute: event=com.browserstack.v2.eventBus.Event@4568d00
11:48:11.470 [TC_LF_003_verify_invalid_email_valid_password@0] INFO  c.b.v2.module.WebdriverModule - afterCommandExecute: event=com.browserstack.v2.eventBus.Event@18fdc7b4
11:48:11.471 [TC_LF_003_verify_invalid_email_valid_password@0] INFO  c.b.v2.module.WebdriverModule - beforeCommandExecute: event=com.browserstack.v2.eventBus.Event@64965b9e
11:48:11.549 [TC_LF_003_verify_invalid_email_valid_password@0] INFO  c.b.v2.module.WebdriverModule - afterCommandExecute: event=com.browserstack.v2.eventBus.Event@1d059ed8
11:48:11.549 [TC_LF_003_verify_invalid_email_valid_password@0] INFO  c.b.v2.module.WebdriverModule - beforeCommandExecute: event=com.browserstack.v2.eventBus.Event@50c920fa
11:48:11.573 [TC_LF_003_verify_invalid_email_valid_password@0] INFO  c.b.v2.module.WebdriverModule - afterCommandExecute: event=com.browserstack.v2.eventBus.Event@22e00f61
11:48:11.573 [TC_LF_003_verify_invalid_email_valid_password@0] INFO  c.b.v2.module.WebdriverModule - beforeCommandExecute: event=com.browserstack.v2.eventBus.Event@344652c6
11:48:12.311 [TC_LF_003_verify_invalid_email_valid_password@0] INFO  c.b.v2.module.WebdriverModule - afterCommandExecute: event=com.browserstack.v2.eventBus.Event@72d3db1e
11:48:12.312 [TC_LF_003_verify_invalid_email_valid_password@0] INFO  c.b.v2.module.WebdriverModule - beforeCommandExecute: event=com.browserstack.v2.eventBus.Event@18b5cd1e
11:48:12.352 [TC_LF_003_verify_invalid_email_valid_password@0] INFO  c.b.v2.module.WebdriverModule - afterCommandExecute: event=com.browserstack.v2.eventBus.Event@63c77099
11:48:12.352 [TC_LF_003_verify_invalid_email_valid_password@0] INFO  c.b.v2.module.WebdriverModule - beforeCommandExecute: event=com.browserstack.v2.eventBus.Event@77290ace
11:48:12.369 [TC_LF_003_verify_invalid_email_valid_password@0] INFO  c.b.v2.module.WebdriverModule - afterCommandExecute: event=com.browserstack.v2.eventBus.Event@143694fb
11:48:12.369 [TC_LF_003_verify_invalid_email_valid_password@0] INFO  c.b.v2.framework.TestNgFramework - trackEvent: found instance, testFrameworkState=TestFrameworkState.LOG_REPORT hookState=HookState.PRE instance=-145149897
11:48:12.369 [TC_LF_003_verify_invalid_email_valid_password@0] INFO  c.b.v2.framework.TestNgFramework - trackEvent: found instance, testFrameworkState=TestFrameworkState.LOG_REPORT hookState=HookState.POST instance=-145149897
11:48:12.369 [TC_LF_003_verify_invalid_email_valid_password@0] INFO  c.b.v2.framework.TestNgFramework - trackEvent: load test results
11:48:12.370 [TC_LF_003_verify_invalid_email_valid_password@0] INFO  c.b.v2.framework.TestNgFramework - trackEvent: found instance, testFrameworkState=TestFrameworkState.TEST hookState=HookState.POST instance=-145149897
11:48:12.370 [TC_LF_003_verify_invalid_email_valid_password@0] INFO  c.b.v2.module.WebdriverModule - onAfterTest: event=com.browserstack.v2.eventBus.Event@1dfdedc6
11:48:12.436 [TC_LF_001_verify_login@1] INFO  c.b.v2.module.WebdriverModule - afterCommandExecute: event=com.browserstack.v2.eventBus.Event@3c70c2af
11:48:12.437 [TC_LF_001_verify_login@1] INFO  c.b.v2.module.WebdriverModule - beforeCommandExecute: event=com.browserstack.v2.eventBus.Event@45da51dd
11:48:12.482 [TC_LF_001_verify_login@1] INFO  c.b.v2.module.WebdriverModule - afterCommandExecute: event=com.browserstack.v2.eventBus.Event@3449fc08
11:48:12.482 [TC_LF_001_verify_login@1] INFO  c.b.v2.module.WebdriverModule - beforeCommandExecute: event=com.browserstack.v2.eventBus.Event@57a8deb1
11:48:12.794 [TC_LF_003_verify_invalid_email_valid_password@0] ERROR c.b.utils.SeleniumMethodUtils - Done for sessionid c45a53cd53655682349941b7b9b03114175b3da1
11:48:13.037 [TC_LF_001_verify_login@1] INFO  c.b.v2.module.WebdriverModule - afterCommandExecute: event=com.browserstack.v2.eventBus.Event@27123600
11:48:13.037 [TC_LF_001_verify_login@1] INFO  c.b.v2.module.WebdriverModule - beforeCommandExecute: event=com.browserstack.v2.eventBus.Event@6a803261
11:48:13.072 [TC_LF_001_verify_login@1] INFO  c.b.v2.module.WebdriverModule - afterCommandExecute: event=com.browserstack.v2.eventBus.Event@21456071
11:48:13.072 [TC_LF_001_verify_login@1] INFO  c.b.v2.module.WebdriverModule - beforeCommandExecute: event=com.browserstack.v2.eventBus.Event@60cd238a
11:48:13.195 [TC_LF_003_verify_invalid_email_valid_password@0] INFO  c.b.v2.module.TestHubModule - onAfterTest: event={com.browserstack.v2.eventBus.Event@1dfdedc6}
11:48:13.202 [TC_LF_003_verify_invalid_email_valid_password@0] INFO  c.b.v2.module.TestHubModule - sendTestSessionEvent: event=com.browserstack.v2.eventBus.Event@1dfdedc6, response=success: true

11:48:13.206 [TC_LF_003_verify_invalid_email_valid_password@0] INFO  c.b.v2.module.TestHubModule - sendTestFrameworkEvent: event=com.browserstack.v2.eventBus.Event@1dfdedc6, response=success: true

11:48:13.209 [TC_LF_003_verify_invalid_email_valid_password@0] INFO  c.b.v2.framework.TestNgFramework - trackEvent: found instance, testFrameworkState=TestFrameworkState.AFTER_METHOD hookState=HookState.PRE instance=-145149897
11:48:13.210 [TC_LF_003_verify_invalid_email_valid_password@0] INFO  c.b.v2.framework.TestNgFramework - trackEvent: track hook events
11:48:13.436 [TC_LF_003_verify_invalid_email_valid_password@0] INFO  c.b.v2.framework.TestNgFramework - args CHECK = [TestResult name=clearCookies status=STARTED method=TS_002_Login_Functionality.clearCookies()[pri:0, instance:testCases.TS_002_Login_Functionality@3291b443] output={null}]
11:48:13.436 [TC_LF_003_verify_invalid_email_valid_password@0] INFO  c.b.v2.framework.TestNgFramework - Hook Started in PRE key = AFTER_METHOD & hook = {hook_name=clearCookies, hook_result=pending, test_file_path=opencart\src\test\java\testCases\TS_002_Login_Functionality.java, event_started_at=2025-06-03T11:48:13.436925200, hook_id=910f0700-e75b-4daa-a3fd-72f3aac59e8a, hook_logs=[], key=AFTER_METHOD, custom_metadata={}, test_location=opencart\src\test\java\testCases\TS_002_Login_Functionality.java}  and args = [[TestResult name=clearCookies status=STARTED method=TS_002_Login_Functionality.clearCookies()[pri:0, instance:testCases.TS_002_Login_Functionality@3291b443] output={null}], TS_002_Login_Functionality.clearCookies()[pri:0, instance:testCases.TS_002_Login_Functionality@3291b443]]
11:48:13.436 [TC_LF_003_verify_invalid_email_valid_password@0] INFO  c.b.v2.framework.TestNgFramework - trackHookEvents: hook state=AFTER_METHOD.HookState.PRE , hooks started={AFTER_METHOD=[{hook_name=clearCookies, hook_result=pending, test_file_path=opencart\src\test\java\testCases\TS_002_Login_Functionality.java, event_started_at=2025-06-03T11:48:13.436925200, hook_id=910f0700-e75b-4daa-a3fd-72f3aac59e8a, hook_logs=[], key=AFTER_METHOD, custom_metadata={}, test_location=opencart\src\test\java\testCases\TS_002_Login_Functionality.java}]} , hooks finished={AFTER_METHOD=[]}
11:48:13.443 [TC_LF_003_verify_invalid_email_valid_password@0] INFO  c.b.v2.module.TestHubModule - sendTestFrameworkEvent: event=com.browserstack.v2.eventBus.Event@4dd829a2, response=success: true

11:48:13.448 [clearCookies@0] INFO  c.b.v2.module.WebdriverModule - beforeCommandExecute: event=com.browserstack.v2.eventBus.Event@1866a014
11:48:13.448 [clearCookies@0] INFO  c.b.v2.module.WebdriverModule - beforeCommandExecute: event=com.browserstack.v2.eventBus.Event@531addb1
11:48:13.456 [TC_LF_001_verify_login@1] INFO  c.b.v2.module.WebdriverModule - afterCommandExecute: event=com.browserstack.v2.eventBus.Event@12822810
11:48:13.456 [TC_LF_001_verify_login@1] INFO  c.b.v2.module.WebdriverModule - beforeCommandExecute: event=com.browserstack.v2.eventBus.Event@1e0859d0
11:48:13.493 [clearCookies@0] INFO  c.b.v2.module.WebdriverModule - afterCommandExecute: event=com.browserstack.v2.eventBus.Event@5f037b49
11:48:13.494 [clearCookies@0] INFO  c.b.v2.module.WebdriverModule - afterCommandExecute: event=com.browserstack.v2.eventBus.Event@deefa10
11:48:13.494 [clearCookies@0] INFO  c.b.v2.framework.TestNgFramework - trackEvent: found instance, testFrameworkState=TestFrameworkState.AFTER_METHOD hookState=HookState.POST instance=-145149897
11:48:13.494 [clearCookies@0] INFO  c.b.v2.framework.TestNgFramework - trackEvent: track hook events
11:48:13.508 [TC_LF_001_verify_login@1] INFO  c.b.v2.module.WebdriverModule - afterCommandExecute: event=com.browserstack.v2.eventBus.Event@1a552e7b
11:48:13.508 [TC_LF_001_verify_login@1] INFO  c.b.v2.module.WebdriverModule - beforeCommandExecute: event=com.browserstack.v2.eventBus.Event@7cad181
11:48:13.703 [clearCookies@0] INFO  c.b.v2.framework.TestNgFramework - args CHECK = [TestResult name=clearCookies status=SUCCESS method=TS_002_Login_Functionality.clearCookies()[pri:0, instance:testCases.TS_002_Login_Functionality@3291b443] output={null}]
11:48:13.704 [clearCookies@0] INFO  c.b.v2.framework.TestNgFramework - Hook List in Post [{hook_name=clearCookies, hook_result=pending, test_file_path=opencart\src\test\java\testCases\TS_002_Login_Functionality.java, event_started_at=2025-06-03T11:48:13.436925200, hook_id=910f0700-e75b-4daa-a3fd-72f3aac59e8a, hook_logs=[], key=AFTER_METHOD, custom_metadata={}, test_location=opencart\src\test\java\testCases\TS_002_Login_Functionality.java}] and args = [[TestResult name=clearCookies status=SUCCESS method=TS_002_Login_Functionality.clearCookies()[pri:0, instance:testCases.TS_002_Login_Functionality@3291b443] output={null}], TS_002_Login_Functionality.clearCookies()[pri:0, instance:testCases.TS_002_Login_Functionality@3291b443]]
11:48:13.704 [clearCookies@0] INFO  c.b.v2.framework.TestNgFramework - Processing HookLevel attachments from directory: C:\Users\devbase\.browserstack\UploadedAttachments-65\HookLevel
11:48:13.704 [clearCookies@0] INFO  c.b.v2.framework.TestNgFramework - Checking hookLevelFiles: []
11:48:13.704 [clearCookies@0] INFO  c.b.v2.framework.TestNgFramework - checking Paths of files = C:\Users\devbase\.browserstack\UploadedAttachments-65\HookLevel\BuildLevelHookEvent and abs path = C:\Users\devbase\.browserstack\UploadedAttachments-65\HookLevel\BuildLevelHookEvent 
11:48:13.704 [clearCookies@0] INFO  c.b.v2.framework.TestNgFramework - Processing BuildLevelHookEvent attachments from directory: C:\Users\devbase\.browserstack\UploadedAttachments-65\HookLevel\BuildLevelHookEvent
11:48:13.704 [clearCookies@0] INFO  c.b.v2.framework.TestNgFramework - Processing TestLevel attachments eventLogs: []
11:48:13.704 [clearCookies@0] INFO  c.b.v2.framework.TestNgFramework - sendLogCreatedEvent: No Log Events to send
11:48:13.705 [clearCookies@0] INFO  c.b.v2.framework.TestNgFramework - trackHookEvents: hook state=AFTER_METHOD.HookState.POST , hooks started={AFTER_METHOD=[]} , hooks finished={AFTER_METHOD=[{hook_name=clearCookies, hook_result=passed, test_file_path=opencart\src\test\java\testCases\TS_002_Login_Functionality.java, event_started_at=2025-06-03T11:48:13.436925200, hook_id=910f0700-e75b-4daa-a3fd-72f3aac59e8a, hook_logs=[], logs=[], key=AFTER_METHOD, custom_metadata={}, event_ended_at=2025-06-03T11:48:13.704242700, test_location=opencart\src\test\java\testCases\TS_002_Login_Functionality.java}]}
11:48:13.709 [clearCookies@0] INFO  c.b.v2.module.TestHubModule - sendTestFrameworkEvent: event=com.browserstack.v2.eventBus.Event@1b8e9dca, response=success: true

11:48:13.714 [clearCookies@0] INFO  c.b.v2.framework.TestNgFramework - trackTestNgTest: saved instance contextId=-145149897 target=C:/Users/RPA Base/Projects/opencart/src/test/java/testCases-0@0 instances=[-145148935, -145147973, -145149897]
11:48:13.714 [clearCookies@0] INFO  c.b.v2.framework.TestNgFramework - trackEvent: found instance, testFrameworkState=TestFrameworkState.TEST hookState=HookState.PRE instance=-145149897
11:48:13.934 [clearCookies@0] INFO  c.b.v2.framework.TestNgFramework - trackEvent: loaded initial test data to instance, testFrameworkState=TestFrameworkState.TEST hookState=HookState.PRE instance=-145149897
11:48:13.934 [clearCookies@0] INFO  c.b.v2.module.WebdriverModule - onBeforeTest: event=com.browserstack.v2.eventBus.Event@3c0a156b
11:48:13.957 [clearCookies@0] INFO  c.b.v2.module.TestHubModule - sendTestFrameworkEvent: event=com.browserstack.v2.eventBus.Event@3c0a156b, response=success: true

11:48:13.959 [clearCookies@0] INFO  c.b.v2.module.ObservabilityModule - onBeforeTest: event={instance=com.browserstack.v2.instance.TestFrameworkInstance@2ca85412, testFrameworkState=TestFrameworkState.TEST, testInstance=com.browserstack.v2.instance.TestFrameworkInstance@2ca85412, hookState=HookState.PRE}
11:48:13.959 [clearCookies@0] INFO  c.b.v2.module.ObservabilityModule - performO11ySync: Performing O11y Sync
11:48:13.978 [TC_LF_004_verify_valid_email_invalid_password@0] INFO  c.b.v2.module.WebdriverModule - beforeCommandExecute: event=com.browserstack.v2.eventBus.Event@56c7d9bf
11:48:14.004 [TC_LF_004_verify_valid_email_invalid_password@0] INFO  c.b.v2.module.WebdriverModule - afterCommandExecute: event=com.browserstack.v2.eventBus.Event@1dd85666
11:48:14.004 [TC_LF_004_verify_valid_email_invalid_password@0] INFO  c.b.v2.module.WebdriverModule - beforeCommandExecute: event=com.browserstack.v2.eventBus.Event@318a2a90
11:48:14.058 [TC_LF_004_verify_valid_email_invalid_password@0] INFO  c.b.v2.module.WebdriverModule - afterCommandExecute: event=com.browserstack.v2.eventBus.Event@5026a3d5
11:48:14.058 [TC_LF_004_verify_valid_email_invalid_password@0] INFO  c.b.v2.module.WebdriverModule - beforeCommandExecute: event=com.browserstack.v2.eventBus.Event@56b7fc31
11:48:14.085 [TC_LF_004_verify_valid_email_invalid_password@0] INFO  c.b.v2.module.WebdriverModule - afterCommandExecute: event=com.browserstack.v2.eventBus.Event@9c3d9b9
11:48:14.085 [TC_LF_004_verify_valid_email_invalid_password@0] INFO  c.b.v2.module.WebdriverModule - beforeCommandExecute: event=com.browserstack.v2.eventBus.Event@1033a7c2
11:48:14.497 [setup@2] INFO  c.b.v2.module.WebdriverModule - afterCommandExecute: event=com.browserstack.v2.eventBus.Event@439fee9b
11:48:14.497 [setup@2] INFO  c.b.v2.framework.SeleniumFramework - trackSeleniumTest: saved instance contextId=-1599753583 target=17792:67 instances=[-1599753583, -1599753584, -1599753585]
11:48:14.498 [setup@2] INFO  c.b.v2.module.WebdriverModule - onDriverCreated: event=com.browserstack.v2.eventBus.Event@76f0f4ca
11:48:14.498 [setup@2] INFO  c.b.v2.module.WebdriverModule - Found session id=16c0a30a0fb02a2055b26186b717279d4c25e1d6 for instance=com.browserstack.v2.instance.AutomationFrameworkInstance@43e02162
11:48:14.498 [setup@2] INFO  c.b.v2.module.WebdriverModule - Driver added successfully to automationFramework
11:48:14.506 [setup@2] INFO  c.b.v2.module.WebdriverModule - beforeCommandExecute: event=com.browserstack.v2.eventBus.Event@785902d5
11:48:14.506 [setup@2] INFO  c.b.v2.module.WebdriverModule - beforeCommandExecute: event=com.browserstack.v2.eventBus.Event@70d14479
11:48:14.582 [setup@2] INFO  c.b.v2.module.WebdriverModule - afterCommandExecute: event=com.browserstack.v2.eventBus.Event@5824de2b
11:48:14.582 [setup@2] INFO  c.b.v2.module.WebdriverModule - afterCommandExecute: event=com.browserstack.v2.eventBus.Event@4c649233
11:48:14.582 [setup@2] INFO  c.b.v2.module.WebdriverModule - beforeCommandExecute: event=com.browserstack.v2.eventBus.Event@44a276a2
11:48:14.588 [TC_LF_004_verify_valid_email_invalid_password@0] INFO  c.b.v2.module.WebdriverModule - afterCommandExecute: event=com.browserstack.v2.eventBus.Event@5f95e70b
11:48:14.588 [TC_LF_004_verify_valid_email_invalid_password@0] INFO  c.b.v2.module.WebdriverModule - beforeCommandExecute: event=com.browserstack.v2.eventBus.Event@6527d1c0
11:48:14.610 [setup@2] INFO  c.b.v2.module.WebdriverModule - afterCommandExecute: event=com.browserstack.v2.eventBus.Event@77af09d0
11:48:14.610 [setup@2] INFO  c.b.v2.module.WebdriverModule - beforeCommandExecute: event=com.browserstack.v2.eventBus.Event@3f805496
11:48:14.614 [TC_LF_004_verify_valid_email_invalid_password@0] INFO  c.b.v2.module.WebdriverModule - afterCommandExecute: event=com.browserstack.v2.eventBus.Event@7d6100ca
11:48:14.614 [TC_LF_004_verify_valid_email_invalid_password@0] INFO  c.b.v2.module.WebdriverModule - beforeCommandExecute: event=com.browserstack.v2.eventBus.Event@511f401e
11:48:14.666 [TC_LF_004_verify_valid_email_invalid_password@0] INFO  c.b.v2.module.WebdriverModule - afterCommandExecute: event=com.browserstack.v2.eventBus.Event@1b683139
11:48:14.666 [TC_LF_004_verify_valid_email_invalid_password@0] INFO  c.b.v2.module.WebdriverModule - beforeCommandExecute: event=com.browserstack.v2.eventBus.Event@305f470c
11:48:14.710 [TC_LF_004_verify_valid_email_invalid_password@0] INFO  c.b.v2.module.WebdriverModule - afterCommandExecute: event=com.browserstack.v2.eventBus.Event@7ebc8968
11:48:14.711 [TC_LF_004_verify_valid_email_invalid_password@0] INFO  c.b.v2.module.WebdriverModule - beforeCommandExecute: event=com.browserstack.v2.eventBus.Event@7d797afa
11:48:14.742 [TC_LF_001_verify_login@1] INFO  c.b.v2.module.WebdriverModule - afterCommandExecute: event=com.browserstack.v2.eventBus.Event@6a92b306
11:48:14.744 [TC_LF_001_verify_login@1] INFO  c.b.v2.module.WebdriverModule - beforeCommandExecute: event=com.browserstack.v2.eventBus.Event@715e5115
11:48:14.780 [TC_LF_001_verify_login@1] INFO  c.b.v2.module.WebdriverModule - afterCommandExecute: event=com.browserstack.v2.eventBus.Event@565f8887
11:48:14.780 [TC_LF_001_verify_login@1] INFO  c.b.v2.module.WebdriverModule - beforeCommandExecute: event=com.browserstack.v2.eventBus.Event@d10a9a6
11:48:14.782 [TC_LF_004_verify_valid_email_invalid_password@0] INFO  c.b.v2.module.WebdriverModule - afterCommandExecute: event=com.browserstack.v2.eventBus.Event@6d460a6e
11:48:14.782 [TC_LF_004_verify_valid_email_invalid_password@0] INFO  c.b.v2.module.WebdriverModule - beforeCommandExecute: event=com.browserstack.v2.eventBus.Event@7c66b282
11:48:14.829 [TC_LF_001_verify_login@1] INFO  c.b.v2.module.WebdriverModule - afterCommandExecute: event=com.browserstack.v2.eventBus.Event@59e2b172
11:48:14.829 [TC_LF_001_verify_login@1] INFO  c.b.v2.module.WebdriverModule - beforeCommandExecute: event=com.browserstack.v2.eventBus.Event@40d889f6
11:48:14.855 [TC_LF_004_verify_valid_email_invalid_password@0] INFO  c.b.v2.module.WebdriverModule - afterCommandExecute: event=com.browserstack.v2.eventBus.Event@58a65c28
11:48:14.856 [TC_LF_004_verify_valid_email_invalid_password@0] INFO  c.b.v2.module.WebdriverModule - beforeCommandExecute: event=com.browserstack.v2.eventBus.Event@50d545a5
11:48:14.856 [TC_LF_001_verify_login@1] INFO  c.b.v2.module.WebdriverModule - afterCommandExecute: event=com.browserstack.v2.eventBus.Event@372bd4c9
11:48:14.856 [TC_LF_001_verify_login@1] INFO  c.b.v2.module.WebdriverModule - beforeCommandExecute: event=com.browserstack.v2.eventBus.Event@4a91c44a
11:48:15.226 [TC_LF_001_verify_login@1] INFO  c.b.v2.module.WebdriverModule - afterCommandExecute: event=com.browserstack.v2.eventBus.Event@195b2a4d
11:48:15.226 [TC_LF_001_verify_login@1] INFO  c.b.v2.module.WebdriverModule - beforeCommandExecute: event=com.browserstack.v2.eventBus.Event@386d0630
11:48:15.271 [TC_LF_001_verify_login@1] INFO  c.b.v2.module.WebdriverModule - afterCommandExecute: event=com.browserstack.v2.eventBus.Event@40bb8480
11:48:15.271 [TC_LF_001_verify_login@1] INFO  c.b.v2.module.WebdriverModule - beforeCommandExecute: event=com.browserstack.v2.eventBus.Event@24d83d6c
11:48:15.630 [TC_LF_004_verify_valid_email_invalid_password@0] INFO  c.b.v2.module.WebdriverModule - afterCommandExecute: event=com.browserstack.v2.eventBus.Event@49a7df1c
11:48:15.630 [TC_LF_004_verify_valid_email_invalid_password@0] INFO  c.b.v2.module.WebdriverModule - beforeCommandExecute: event=com.browserstack.v2.eventBus.Event@7f2de6d5
11:48:15.661 [TC_LF_004_verify_valid_email_invalid_password@0] INFO  c.b.v2.module.WebdriverModule - afterCommandExecute: event=com.browserstack.v2.eventBus.Event@3d2d2780
11:48:15.661 [TC_LF_004_verify_valid_email_invalid_password@0] INFO  c.b.v2.module.WebdriverModule - beforeCommandExecute: event=com.browserstack.v2.eventBus.Event@3ddf4aef
11:48:15.686 [TC_LF_004_verify_valid_email_invalid_password@0] INFO  c.b.v2.module.WebdriverModule - afterCommandExecute: event=com.browserstack.v2.eventBus.Event@4e1b532a
11:48:15.686 [TC_LF_004_verify_valid_email_invalid_password@0] INFO  c.b.v2.framework.TestNgFramework - trackEvent: found instance, testFrameworkState=TestFrameworkState.LOG_REPORT hookState=HookState.PRE instance=-145149897
11:48:15.687 [TC_LF_004_verify_valid_email_invalid_password@0] INFO  c.b.v2.framework.TestNgFramework - trackEvent: found instance, testFrameworkState=TestFrameworkState.LOG_REPORT hookState=HookState.POST instance=-145149897
11:48:15.687 [TC_LF_004_verify_valid_email_invalid_password@0] INFO  c.b.v2.framework.TestNgFramework - trackEvent: load test results
11:48:15.687 [TC_LF_004_verify_valid_email_invalid_password@0] INFO  c.b.v2.framework.TestNgFramework - trackEvent: found instance, testFrameworkState=TestFrameworkState.TEST hookState=HookState.POST instance=-145149897
11:48:15.687 [TC_LF_004_verify_valid_email_invalid_password@0] INFO  c.b.v2.module.WebdriverModule - onAfterTest: event=com.browserstack.v2.eventBus.Event@4fa7e59c
11:48:16.021 [TC_LF_004_verify_valid_email_invalid_password@0] ERROR c.b.utils.SeleniumMethodUtils - Done for sessionid c45a53cd53655682349941b7b9b03114175b3da1
11:48:16.034 [TC_LF_001_verify_login@1] INFO  c.b.v2.module.WebdriverModule - afterCommandExecute: event=com.browserstack.v2.eventBus.Event@2665d997
11:48:16.034 [TC_LF_001_verify_login@1] INFO  c.b.v2.framework.TestNgFramework - trackEvent: found instance, testFrameworkState=TestFrameworkState.LOG_REPORT hookState=HookState.PRE instance=-145148935
11:48:16.034 [TC_LF_001_verify_login@1] INFO  c.b.v2.framework.TestNgFramework - trackEvent: found instance, testFrameworkState=TestFrameworkState.LOG_REPORT hookState=HookState.POST instance=-145148935
11:48:16.034 [TC_LF_001_verify_login@1] INFO  c.b.v2.framework.TestNgFramework - trackEvent: load test results
11:48:16.034 [TC_LF_001_verify_login@1] INFO  c.b.v2.framework.TestNgFramework - trackEvent: found instance, testFrameworkState=TestFrameworkState.TEST hookState=HookState.POST instance=-145148935
11:48:16.035 [TC_LF_001_verify_login@1] INFO  c.b.v2.module.WebdriverModule - onAfterTest: event=com.browserstack.v2.eventBus.Event@8c60497
11:48:16.362 [TC_LF_001_verify_login@1] ERROR c.b.utils.SeleniumMethodUtils - Done for sessionid 9222f9ba4e3bcd407480d43b61eea7b584cd0403
11:48:16.398 [setup@2] INFO  c.b.v2.module.WebdriverModule - afterCommandExecute: event=com.browserstack.v2.eventBus.Event@419f402f
11:48:16.398 [setup@2] INFO  c.b.v2.module.WebdriverModule - beforeCommandExecute: event=com.browserstack.v2.eventBus.Event@7d4f8d26
11:48:16.399 [setup@2] INFO  c.b.v2.module.WebdriverModule - beforeCommandExecute: event=com.browserstack.v2.eventBus.Event@4e59ec21
11:48:16.406 [TC_LF_004_verify_valid_email_invalid_password@0] INFO  c.b.v2.module.TestHubModule - onAfterTest: event={com.browserstack.v2.eventBus.Event@4fa7e59c}
11:48:16.411 [TC_LF_004_verify_valid_email_invalid_password@0] INFO  c.b.v2.module.TestHubModule - sendTestSessionEvent: event=com.browserstack.v2.eventBus.Event@4fa7e59c, response=success: true

11:48:16.415 [TC_LF_004_verify_valid_email_invalid_password@0] INFO  c.b.v2.module.TestHubModule - sendTestFrameworkEvent: event=com.browserstack.v2.eventBus.Event@4fa7e59c, response=success: true

11:48:16.418 [TC_LF_004_verify_valid_email_invalid_password@0] INFO  c.b.v2.framework.TestNgFramework - trackEvent: found instance, testFrameworkState=TestFrameworkState.AFTER_METHOD hookState=HookState.PRE instance=-145149897
11:48:16.418 [TC_LF_004_verify_valid_email_invalid_password@0] INFO  c.b.v2.framework.TestNgFramework - trackEvent: track hook events
11:48:16.471 [setup@2] INFO  c.b.v2.module.WebdriverModule - afterCommandExecute: event=com.browserstack.v2.eventBus.Event@c1b2a9
11:48:16.471 [setup@2] INFO  c.b.v2.module.WebdriverModule - afterCommandExecute: event=com.browserstack.v2.eventBus.Event@6784a12c
11:48:16.471 [setup@2] INFO  c.b.v2.framework.TestNgFramework - trackEvent: found instance, testFrameworkState=TestFrameworkState.BEFORE_CLASS hookState=HookState.POST instance=-145147973
11:48:16.471 [setup@2] INFO  c.b.v2.framework.TestNgFramework - trackEvent: loaded common test data, testFrameworkState=TestFrameworkState.BEFORE_CLASS hookState=HookState.POST instance=-145147973
11:48:16.471 [setup@2] INFO  c.b.v2.framework.TestNgFramework - trackEvent: track hook events
11:48:16.641 [TC_LF_004_verify_valid_email_invalid_password@0] INFO  c.b.v2.framework.TestNgFramework - args CHECK = [TestResult name=clearCookies status=STARTED method=TS_002_Login_Functionality.clearCookies()[pri:0, instance:testCases.TS_002_Login_Functionality@3291b443] output={null}]
11:48:16.641 [TC_LF_004_verify_valid_email_invalid_password@0] INFO  c.b.v2.framework.TestNgFramework - Hook Started in PRE key = AFTER_METHOD & hook = {hook_name=clearCookies, hook_result=pending, test_file_path=opencart\src\test\java\testCases\TS_002_Login_Functionality.java, event_started_at=2025-06-03T11:48:16.641773700, hook_id=b21d6df8-47d1-4227-8eea-7d8579c72541, hook_logs=[], key=AFTER_METHOD, custom_metadata={}, test_location=opencart\src\test\java\testCases\TS_002_Login_Functionality.java}  and args = [[TestResult name=clearCookies status=STARTED method=TS_002_Login_Functionality.clearCookies()[pri:0, instance:testCases.TS_002_Login_Functionality@3291b443] output={null}], TS_002_Login_Functionality.clearCookies()[pri:0, instance:testCases.TS_002_Login_Functionality@3291b443]]
11:48:16.642 [TC_LF_004_verify_valid_email_invalid_password@0] INFO  c.b.v2.framework.TestNgFramework - trackHookEvents: hook state=AFTER_METHOD.HookState.PRE , hooks started={AFTER_METHOD=[{hook_name=clearCookies, hook_result=pending, test_file_path=opencart\src\test\java\testCases\TS_002_Login_Functionality.java, event_started_at=2025-06-03T11:48:16.641773700, hook_id=b21d6df8-47d1-4227-8eea-7d8579c72541, hook_logs=[], key=AFTER_METHOD, custom_metadata={}, test_location=opencart\src\test\java\testCases\TS_002_Login_Functionality.java}]} , hooks finished={AFTER_METHOD=[]}
11:48:16.645 [TC_LF_004_verify_valid_email_invalid_password@0] INFO  c.b.v2.module.TestHubModule - sendTestFrameworkEvent: event=com.browserstack.v2.eventBus.Event@7870d9c4, response=success: true

11:48:16.647 [clearCookies@0] INFO  c.b.v2.module.WebdriverModule - beforeCommandExecute: event=com.browserstack.v2.eventBus.Event@7c9568bd
11:48:16.647 [clearCookies@0] INFO  c.b.v2.module.WebdriverModule - beforeCommandExecute: event=com.browserstack.v2.eventBus.Event@721e74b1
11:48:16.681 [clearCookies@0] INFO  c.b.v2.module.WebdriverModule - afterCommandExecute: event=com.browserstack.v2.eventBus.Event@cde2dcf
11:48:16.681 [clearCookies@0] INFO  c.b.v2.module.WebdriverModule - afterCommandExecute: event=com.browserstack.v2.eventBus.Event@45c31c87
11:48:16.681 [clearCookies@0] INFO  c.b.v2.framework.TestNgFramework - trackEvent: found instance, testFrameworkState=TestFrameworkState.AFTER_METHOD hookState=HookState.POST instance=-145149897
11:48:16.681 [clearCookies@0] INFO  c.b.v2.framework.TestNgFramework - trackEvent: track hook events
11:48:16.699 [setup@2] INFO  c.b.v2.framework.TestNgFramework - args CHECK = [TestResult name=setup status=SUCCESS method=BaseClass.setup(java.lang.String)[pri:0, instance:testCases.TS_002_Login_Functionality@440e3ce6] output={null}]
11:48:16.699 [setup@2] INFO  c.b.v2.framework.TestNgFramework - Hook List in Post [{hook_name=setup, hook_result=pending, test_file_path=opencart\src\test\java\testCases\TS_002_Login_Functionality.java, event_started_at=2025-06-03T11:47:46.273076600, hook_id=550cb690-9e43-4b03-bd79-878b62272e7a, hook_logs=[], key=BEFORE_CLASS, custom_metadata={}, test_location=opencart\src\test\java\testCases\TS_002_Login_Functionality.java}] and args = [[TestResult name=setup status=SUCCESS method=BaseClass.setup(java.lang.String)[pri:0, instance:testCases.TS_002_Login_Functionality@440e3ce6] output={null}], BaseClass.setup(java.lang.String)[pri:0, instance:testCases.TS_002_Login_Functionality@440e3ce6]]
11:48:16.699 [setup@2] INFO  c.b.v2.framework.TestNgFramework - Processing HookLevel attachments from directory: C:\Users\devbase\.browserstack\UploadedAttachments-67\HookLevel
11:48:16.699 [setup@2] INFO  c.b.v2.framework.TestNgFramework - Checking hookLevelFiles: []
11:48:16.700 [setup@2] INFO  c.b.v2.framework.TestNgFramework - checking Paths of files = C:\Users\devbase\.browserstack\UploadedAttachments-67\HookLevel\BuildLevelHookEvent and abs path = C:\Users\devbase\.browserstack\UploadedAttachments-67\HookLevel\BuildLevelHookEvent 
11:48:16.700 [setup@2] INFO  c.b.v2.framework.TestNgFramework - Processing BuildLevelHookEvent attachments from directory: C:\Users\devbase\.browserstack\UploadedAttachments-67\HookLevel\BuildLevelHookEvent
11:48:16.700 [setup@2] INFO  c.b.v2.framework.TestNgFramework - Processing TestLevel attachments eventLogs: []
11:48:16.700 [setup@2] INFO  c.b.v2.framework.TestNgFramework - sendLogCreatedEvent: No Log Events to send
11:48:16.700 [setup@2] INFO  c.b.v2.framework.TestNgFramework - trackHookEvents: hook state=BEFORE_CLASS.HookState.POST , hooks started={BEFORE_CLASS=[]} , hooks finished={BEFORE_CLASS=[{hook_name=setup, hook_result=passed, test_file_path=opencart\src\test\java\testCases\TS_002_Login_Functionality.java, event_started_at=2025-06-03T11:47:46.273076600, hook_id=550cb690-9e43-4b03-bd79-878b62272e7a, hook_logs=[], logs=[], key=BEFORE_CLASS, custom_metadata={}, event_ended_at=2025-06-03T11:48:16.699006100, test_location=opencart\src\test\java\testCases\TS_002_Login_Functionality.java}]}
11:48:16.705 [setup@2] INFO  c.b.v2.module.TestHubModule - sendTestFrameworkEvent: event=com.browserstack.v2.eventBus.Event@1c8e2897, response=success: true

11:48:16.707 [setup@2] INFO  c.b.v2.framework.TestNgFramework - trackEvent: found instance, testFrameworkState=TestFrameworkState.TEST hookState=HookState.PRE instance=-145147973
11:48:16.750 [TC_LF_001_verify_login@1] INFO  c.b.v2.module.TestHubModule - onAfterTest: event={com.browserstack.v2.eventBus.Event@8c60497}
11:48:16.756 [TC_LF_001_verify_login@1] INFO  c.b.v2.module.TestHubModule - sendTestSessionEvent: event=com.browserstack.v2.eventBus.Event@8c60497, response=success: true

11:48:16.761 [TC_LF_001_verify_login@1] INFO  c.b.v2.module.TestHubModule - sendTestFrameworkEvent: event=com.browserstack.v2.eventBus.Event@8c60497, response=success: true

11:48:16.763 [TC_LF_001_verify_login@1] INFO  c.b.v2.framework.TestNgFramework - trackEvent: found instance, testFrameworkState=TestFrameworkState.AFTER_METHOD hookState=HookState.PRE instance=-145148935
11:48:16.764 [TC_LF_001_verify_login@1] INFO  c.b.v2.framework.TestNgFramework - trackEvent: track hook events
11:48:16.918 [clearCookies@0] INFO  c.b.v2.framework.TestNgFramework - args CHECK = [TestResult name=clearCookies status=SUCCESS method=TS_002_Login_Functionality.clearCookies()[pri:0, instance:testCases.TS_002_Login_Functionality@3291b443] output={null}]
11:48:16.918 [clearCookies@0] INFO  c.b.v2.framework.TestNgFramework - Hook List in Post [{hook_name=clearCookies, hook_result=pending, test_file_path=opencart\src\test\java\testCases\TS_002_Login_Functionality.java, event_started_at=2025-06-03T11:48:16.641773700, hook_id=b21d6df8-47d1-4227-8eea-7d8579c72541, hook_logs=[], key=AFTER_METHOD, custom_metadata={}, test_location=opencart\src\test\java\testCases\TS_002_Login_Functionality.java}] and args = [[TestResult name=clearCookies status=SUCCESS method=TS_002_Login_Functionality.clearCookies()[pri:0, instance:testCases.TS_002_Login_Functionality@3291b443] output={null}], TS_002_Login_Functionality.clearCookies()[pri:0, instance:testCases.TS_002_Login_Functionality@3291b443]]
11:48:16.918 [clearCookies@0] INFO  c.b.v2.framework.TestNgFramework - Processing HookLevel attachments from directory: C:\Users\devbase\.browserstack\UploadedAttachments-65\HookLevel
11:48:16.918 [clearCookies@0] INFO  c.b.v2.framework.TestNgFramework - Checking hookLevelFiles: []
11:48:16.918 [clearCookies@0] INFO  c.b.v2.framework.TestNgFramework - checking Paths of files = C:\Users\devbase\.browserstack\UploadedAttachments-65\HookLevel\BuildLevelHookEvent and abs path = C:\Users\devbase\.browserstack\UploadedAttachments-65\HookLevel\BuildLevelHookEvent 
11:48:16.919 [clearCookies@0] INFO  c.b.v2.framework.TestNgFramework - Processing BuildLevelHookEvent attachments from directory: C:\Users\devbase\.browserstack\UploadedAttachments-65\HookLevel\BuildLevelHookEvent
11:48:16.919 [clearCookies@0] INFO  c.b.v2.framework.TestNgFramework - Processing TestLevel attachments eventLogs: []
11:48:16.919 [clearCookies@0] INFO  c.b.v2.framework.TestNgFramework - sendLogCreatedEvent: No Log Events to send
11:48:16.919 [clearCookies@0] INFO  c.b.v2.framework.TestNgFramework - trackHookEvents: hook state=AFTER_METHOD.HookState.POST , hooks started={AFTER_METHOD=[]} , hooks finished={AFTER_METHOD=[{hook_name=clearCookies, hook_result=passed, test_file_path=opencart\src\test\java\testCases\TS_002_Login_Functionality.java, event_started_at=2025-06-03T11:48:16.641773700, hook_id=b21d6df8-47d1-4227-8eea-7d8579c72541, hook_logs=[], logs=[], key=AFTER_METHOD, custom_metadata={}, event_ended_at=2025-06-03T11:48:16.918323300, test_location=opencart\src\test\java\testCases\TS_002_Login_Functionality.java}]}
11:48:16.923 [clearCookies@0] INFO  c.b.v2.module.TestHubModule - sendTestFrameworkEvent: event=com.browserstack.v2.eventBus.Event@3349e887, response=success: true

11:48:16.927 [clearCookies@0] INFO  c.b.v2.framework.TestNgFramework - trackTestNgTest: saved instance contextId=-145149897 target=C:/Users/RPA Base/Projects/opencart/src/test/java/testCases-0@0 instances=[-145148935, -145147973, -145149897]
11:48:16.927 [clearCookies@0] INFO  c.b.v2.framework.TestNgFramework - trackEvent: found instance, testFrameworkState=TestFrameworkState.TEST hookState=HookState.PRE instance=-145149897
11:48:16.950 [setup@2] INFO  c.b.v2.framework.TestNgFramework - trackEvent: loaded initial test data to instance, testFrameworkState=TestFrameworkState.TEST hookState=HookState.PRE instance=-145147973
11:48:16.951 [setup@2] INFO  c.b.v2.module.WebdriverModule - onBeforeTest: event=com.browserstack.v2.eventBus.Event@5002c7a3
11:48:16.955 [setup@2] INFO  c.b.v2.module.TestHubModule - sendTestFrameworkEvent: event=com.browserstack.v2.eventBus.Event@5002c7a3, response=success: true

11:48:16.956 [setup@2] INFO  c.b.v2.module.ObservabilityModule - onBeforeTest: event={instance=com.browserstack.v2.instance.TestFrameworkInstance@62fa296d, testFrameworkState=TestFrameworkState.TEST, testInstance=com.browserstack.v2.instance.TestFrameworkInstance@62fa296d, hookState=HookState.PRE}
11:48:16.956 [setup@2] INFO  c.b.v2.module.ObservabilityModule - performO11ySync: Performing O11y Sync
11:48:16.971 [TC_LF_001_verify_login@2] INFO  c.b.v2.module.WebdriverModule - beforeCommandExecute: event=com.browserstack.v2.eventBus.Event@711d6224
11:48:17.007 [TC_LF_001_verify_login@1] INFO  c.b.v2.framework.TestNgFramework - args CHECK = [TestResult name=clearCookies status=STARTED method=TS_002_Login_Functionality.clearCookies()[pri:0, instance:testCases.TS_002_Login_Functionality@4aa21f9d] output={null}]
11:48:17.007 [TC_LF_001_verify_login@1] INFO  c.b.v2.framework.TestNgFramework - Hook Started in PRE key = AFTER_METHOD & hook = {hook_name=clearCookies, hook_result=pending, test_file_path=opencart\src\test\java\testCases\TS_002_Login_Functionality.java, event_started_at=2025-06-03T11:48:17.007240800, hook_id=c42dadc4-9019-48e9-9d0f-3752ade1dc58, hook_logs=[], key=AFTER_METHOD, custom_metadata={}, test_location=opencart\src\test\java\testCases\TS_002_Login_Functionality.java}  and args = [[TestResult name=clearCookies status=STARTED method=TS_002_Login_Functionality.clearCookies()[pri:0, instance:testCases.TS_002_Login_Functionality@4aa21f9d] output={null}], TS_002_Login_Functionality.clearCookies()[pri:0, instance:testCases.TS_002_Login_Functionality@4aa21f9d]]
11:48:17.008 [TC_LF_001_verify_login@1] INFO  c.b.v2.framework.TestNgFramework - trackHookEvents: hook state=AFTER_METHOD.HookState.PRE , hooks started={BEFORE_CLASS=[], AFTER_METHOD=[{hook_name=clearCookies, hook_result=pending, test_file_path=opencart\src\test\java\testCases\TS_002_Login_Functionality.java, event_started_at=2025-06-03T11:48:17.007240800, hook_id=c42dadc4-9019-48e9-9d0f-3752ade1dc58, hook_logs=[], key=AFTER_METHOD, custom_metadata={}, test_location=opencart\src\test\java\testCases\TS_002_Login_Functionality.java}]} , hooks finished={BEFORE_CLASS=[{hook_name=setup, hook_result=passed, test_file_path=opencart\src\test\java\testCases\TS_002_Login_Functionality.java, event_started_at=2025-06-03T11:47:46.273076600, hook_id=d48057fc-12a3-4960-ae30-73b5b9ca89e0, hook_logs=[], logs=[], key=BEFORE_CLASS, custom_metadata={}, event_ended_at=2025-06-03T11:48:10.784776300, test_location=opencart\src\test\java\testCases\TS_002_Login_Functionality.java}], AFTER_METHOD=[]}
11:48:17.011 [TC_LF_001_verify_login@1] INFO  c.b.v2.module.TestHubModule - sendTestFrameworkEvent: event=com.browserstack.v2.eventBus.Event@64315303, response=success: true

11:48:17.013 [clearCookies@1] INFO  c.b.v2.module.WebdriverModule - beforeCommandExecute: event=com.browserstack.v2.eventBus.Event@1296c39b
11:48:17.013 [clearCookies@1] INFO  c.b.v2.module.WebdriverModule - beforeCommandExecute: event=com.browserstack.v2.eventBus.Event@a0da21e
11:48:17.055 [TC_LF_001_verify_login@2] INFO  c.b.v2.module.WebdriverModule - afterCommandExecute: event=com.browserstack.v2.eventBus.Event@3ed3fb82
11:48:17.055 [TC_LF_001_verify_login@2] INFO  c.b.v2.module.WebdriverModule - beforeCommandExecute: event=com.browserstack.v2.eventBus.Event@159f1ff7
11:48:17.069 [clearCookies@1] INFO  c.b.v2.module.WebdriverModule - afterCommandExecute: event=com.browserstack.v2.eventBus.Event@644a4117
11:48:17.069 [clearCookies@1] INFO  c.b.v2.module.WebdriverModule - afterCommandExecute: event=com.browserstack.v2.eventBus.Event@4943276f
11:48:17.069 [clearCookies@1] INFO  c.b.v2.framework.TestNgFramework - trackEvent: found instance, testFrameworkState=TestFrameworkState.AFTER_METHOD hookState=HookState.POST instance=-145148935
11:48:17.069 [clearCookies@1] INFO  c.b.v2.framework.TestNgFramework - trackEvent: track hook events
11:48:17.153 [clearCookies@0] INFO  c.b.v2.framework.TestNgFramework - trackEvent: loaded initial test data to instance, testFrameworkState=TestFrameworkState.TEST hookState=HookState.PRE instance=-145149897
11:48:17.153 [clearCookies@0] INFO  c.b.v2.module.WebdriverModule - onBeforeTest: event=com.browserstack.v2.eventBus.Event@11fdfff0
11:48:17.157 [clearCookies@0] INFO  c.b.v2.module.TestHubModule - sendTestFrameworkEvent: event=com.browserstack.v2.eventBus.Event@11fdfff0, response=success: true

11:48:17.158 [clearCookies@0] INFO  c.b.v2.module.ObservabilityModule - onBeforeTest: event={instance=com.browserstack.v2.instance.TestFrameworkInstance@5e520cd8, testFrameworkState=TestFrameworkState.TEST, testInstance=com.browserstack.v2.instance.TestFrameworkInstance@5e520cd8, hookState=HookState.PRE}
11:48:17.158 [clearCookies@0] INFO  c.b.v2.module.ObservabilityModule - performO11ySync: Performing O11y Sync
11:48:17.182 [TC_LF_005_verify_empty_login@0] INFO  c.b.v2.module.WebdriverModule - beforeCommandExecute: event=com.browserstack.v2.eventBus.Event@7751926b
11:48:17.209 [TC_LF_005_verify_empty_login@0] INFO  c.b.v2.module.WebdriverModule - afterCommandExecute: event=com.browserstack.v2.eventBus.Event@7c345bda
11:48:17.209 [TC_LF_005_verify_empty_login@0] INFO  c.b.v2.module.WebdriverModule - beforeCommandExecute: event=com.browserstack.v2.eventBus.Event@18551ede
11:48:17.262 [TC_LF_005_verify_empty_login@0] INFO  c.b.v2.module.WebdriverModule - afterCommandExecute: event=com.browserstack.v2.eventBus.Event@5c040c15
11:48:17.262 [TC_LF_005_verify_empty_login@0] INFO  c.b.v2.module.WebdriverModule - beforeCommandExecute: event=com.browserstack.v2.eventBus.Event@592a63fe
11:48:17.279 [clearCookies@1] INFO  c.b.v2.framework.TestNgFramework - args CHECK = [TestResult name=clearCookies status=SUCCESS method=TS_002_Login_Functionality.clearCookies()[pri:0, instance:testCases.TS_002_Login_Functionality@4aa21f9d] output={null}]
11:48:17.279 [clearCookies@1] INFO  c.b.v2.framework.TestNgFramework - Hook List in Post [{hook_name=clearCookies, hook_result=pending, test_file_path=opencart\src\test\java\testCases\TS_002_Login_Functionality.java, event_started_at=2025-06-03T11:48:17.007240800, hook_id=c42dadc4-9019-48e9-9d0f-3752ade1dc58, hook_logs=[], key=AFTER_METHOD, custom_metadata={}, test_location=opencart\src\test\java\testCases\TS_002_Login_Functionality.java}] and args = [[TestResult name=clearCookies status=SUCCESS method=TS_002_Login_Functionality.clearCookies()[pri:0, instance:testCases.TS_002_Login_Functionality@4aa21f9d] output={null}], TS_002_Login_Functionality.clearCookies()[pri:0, instance:testCases.TS_002_Login_Functionality@4aa21f9d]]
11:48:17.279 [clearCookies@1] INFO  c.b.v2.framework.TestNgFramework - Processing HookLevel attachments from directory: C:\Users\devbase\.browserstack\UploadedAttachments-66\HookLevel
11:48:17.279 [clearCookies@1] INFO  c.b.v2.framework.TestNgFramework - Checking hookLevelFiles: []
11:48:17.280 [clearCookies@1] INFO  c.b.v2.framework.TestNgFramework - checking Paths of files = C:\Users\devbase\.browserstack\UploadedAttachments-66\HookLevel\BuildLevelHookEvent and abs path = C:\Users\devbase\.browserstack\UploadedAttachments-66\HookLevel\BuildLevelHookEvent 
11:48:17.280 [clearCookies@1] INFO  c.b.v2.framework.TestNgFramework - Processing BuildLevelHookEvent attachments from directory: C:\Users\devbase\.browserstack\UploadedAttachments-66\HookLevel\BuildLevelHookEvent
11:48:17.280 [clearCookies@1] INFO  c.b.v2.framework.TestNgFramework - Processing TestLevel attachments eventLogs: []
11:48:17.280 [clearCookies@1] INFO  c.b.v2.framework.TestNgFramework - sendLogCreatedEvent: No Log Events to send
11:48:17.280 [clearCookies@1] INFO  c.b.v2.framework.TestNgFramework - trackHookEvents: hook state=AFTER_METHOD.HookState.POST , hooks started={BEFORE_CLASS=[], AFTER_METHOD=[]} , hooks finished={BEFORE_CLASS=[{hook_name=setup, hook_result=passed, test_file_path=opencart\src\test\java\testCases\TS_002_Login_Functionality.java, event_started_at=2025-06-03T11:47:46.273076600, hook_id=d48057fc-12a3-4960-ae30-73b5b9ca89e0, hook_logs=[], logs=[], key=BEFORE_CLASS, custom_metadata={}, event_ended_at=2025-06-03T11:48:10.784776300, test_location=opencart\src\test\java\testCases\TS_002_Login_Functionality.java}], AFTER_METHOD=[{hook_name=clearCookies, hook_result=passed, test_file_path=opencart\src\test\java\testCases\TS_002_Login_Functionality.java, event_started_at=2025-06-03T11:48:17.007240800, hook_id=c42dadc4-9019-48e9-9d0f-3752ade1dc58, hook_logs=[], logs=[], key=AFTER_METHOD, custom_metadata={}, event_ended_at=2025-06-03T11:48:17.279297800, test_location=opencart\src\test\java\testCases\TS_002_Login_Functionality.java}]}
11:48:17.283 [clearCookies@1] INFO  c.b.v2.module.TestHubModule - sendTestFrameworkEvent: event=com.browserstack.v2.eventBus.Event@6c4b7736, response=success: true

11:48:17.288 [clearCookies@1] INFO  c.b.v2.framework.TestNgFramework - trackTestNgTest: saved instance contextId=-145148935 target=C:/Users/RPA Base/Projects/opencart/src/test/java/testCases-1@1 instances=[-145148935, -145147973, -145149897]
11:48:17.288 [clearCookies@1] INFO  c.b.v2.framework.TestNgFramework - trackEvent: found instance, testFrameworkState=TestFrameworkState.TEST hookState=HookState.PRE instance=-145148935
11:48:17.290 [TC_LF_005_verify_empty_login@0] INFO  c.b.v2.module.WebdriverModule - afterCommandExecute: event=com.browserstack.v2.eventBus.Event@3166a6dd
11:48:17.290 [TC_LF_005_verify_empty_login@0] INFO  c.b.v2.module.WebdriverModule - beforeCommandExecute: event=com.browserstack.v2.eventBus.Event@440f4226
11:48:17.485 [clearCookies@1] INFO  c.b.v2.framework.TestNgFramework - trackEvent: loaded initial test data to instance, testFrameworkState=TestFrameworkState.TEST hookState=HookState.PRE instance=-145148935
11:48:17.486 [clearCookies@1] INFO  c.b.v2.module.WebdriverModule - onBeforeTest: event=com.browserstack.v2.eventBus.Event@7f6a93a0
11:48:17.489 [clearCookies@1] INFO  c.b.v2.module.TestHubModule - sendTestFrameworkEvent: event=com.browserstack.v2.eventBus.Event@7f6a93a0, response=success: true

11:48:17.490 [clearCookies@1] INFO  c.b.v2.module.ObservabilityModule - onBeforeTest: event={instance=com.browserstack.v2.instance.TestFrameworkInstance@f23de2e, testFrameworkState=TestFrameworkState.TEST, testInstance=com.browserstack.v2.instance.TestFrameworkInstance@f23de2e, hookState=HookState.PRE}
11:48:17.491 [clearCookies@1] INFO  c.b.v2.module.ObservabilityModule - performO11ySync: Performing O11y Sync
11:48:17.504 [TC_LF_002_verify_invalid_login@1] INFO  c.b.v2.module.WebdriverModule - beforeCommandExecute: event=com.browserstack.v2.eventBus.Event@70010447
11:48:17.526 [TC_LF_005_verify_empty_login@0] INFO  c.b.v2.module.WebdriverModule - afterCommandExecute: event=com.browserstack.v2.eventBus.Event@3d2041ba
11:48:17.526 [TC_LF_005_verify_empty_login@0] INFO  c.b.v2.module.WebdriverModule - beforeCommandExecute: event=com.browserstack.v2.eventBus.Event@72551f2b
11:48:17.527 [TC_LF_002_verify_invalid_login@1] INFO  c.b.v2.module.WebdriverModule - afterCommandExecute: event=com.browserstack.v2.eventBus.Event@6ca50f08
11:48:17.527 [TC_LF_002_verify_invalid_login@1] INFO  c.b.v2.module.WebdriverModule - beforeCommandExecute: event=com.browserstack.v2.eventBus.Event@2bfcdc0
11:48:17.554 [TC_LF_005_verify_empty_login@0] INFO  c.b.v2.module.WebdriverModule - afterCommandExecute: event=com.browserstack.v2.eventBus.Event@2e40ab9a
11:48:17.554 [TC_LF_005_verify_empty_login@0] INFO  c.b.v2.module.WebdriverModule - beforeCommandExecute: event=com.browserstack.v2.eventBus.Event@73dfa5a3
11:48:17.599 [TC_LF_005_verify_empty_login@0] INFO  c.b.v2.module.WebdriverModule - afterCommandExecute: event=com.browserstack.v2.eventBus.Event@26702037
11:48:17.599 [TC_LF_005_verify_empty_login@0] INFO  c.b.v2.module.WebdriverModule - beforeCommandExecute: event=com.browserstack.v2.eventBus.Event@3bed06ad
11:48:17.624 [TC_LF_005_verify_empty_login@0] INFO  c.b.v2.module.WebdriverModule - afterCommandExecute: event=com.browserstack.v2.eventBus.Event@5bfc937b
11:48:17.624 [TC_LF_005_verify_empty_login@0] INFO  c.b.v2.module.WebdriverModule - beforeCommandExecute: event=com.browserstack.v2.eventBus.Event@40217c4c
11:48:17.679 [TC_LF_005_verify_empty_login@0] INFO  c.b.v2.module.WebdriverModule - afterCommandExecute: event=com.browserstack.v2.eventBus.Event@63a9ffee
11:48:17.679 [TC_LF_005_verify_empty_login@0] INFO  c.b.v2.module.WebdriverModule - beforeCommandExecute: event=com.browserstack.v2.eventBus.Event@51ca47f
11:48:17.712 [TC_LF_005_verify_empty_login@0] INFO  c.b.v2.module.WebdriverModule - afterCommandExecute: event=com.browserstack.v2.eventBus.Event@4619099
11:48:17.712 [TC_LF_005_verify_empty_login@0] INFO  c.b.v2.module.WebdriverModule - beforeCommandExecute: event=com.browserstack.v2.eventBus.Event@fcc690a
11:48:17.791 [TC_LF_005_verify_empty_login@0] INFO  c.b.v2.module.WebdriverModule - afterCommandExecute: event=com.browserstack.v2.eventBus.Event@5ddcb89e
11:48:17.791 [TC_LF_005_verify_empty_login@0] INFO  c.b.v2.module.WebdriverModule - beforeCommandExecute: event=com.browserstack.v2.eventBus.Event@767cadf
11:48:17.864 [TC_LF_002_verify_invalid_login@1] INFO  c.b.v2.module.WebdriverModule - afterCommandExecute: event=com.browserstack.v2.eventBus.Event@77724bd9
11:48:17.864 [TC_LF_002_verify_invalid_login@1] INFO  c.b.v2.module.WebdriverModule - beforeCommandExecute: event=com.browserstack.v2.eventBus.Event@438aa210
11:48:17.903 [TC_LF_002_verify_invalid_login@1] INFO  c.b.v2.module.WebdriverModule - afterCommandExecute: event=com.browserstack.v2.eventBus.Event@791849f9
11:48:17.903 [TC_LF_002_verify_invalid_login@1] INFO  c.b.v2.module.WebdriverModule - beforeCommandExecute: event=com.browserstack.v2.eventBus.Event@387e3154
11:48:18.885 [TC_LF_002_verify_invalid_login@1] INFO  c.b.v2.module.WebdriverModule - afterCommandExecute: event=com.browserstack.v2.eventBus.Event@4d867170
11:48:18.885 [TC_LF_002_verify_invalid_login@1] INFO  c.b.v2.module.WebdriverModule - beforeCommandExecute: event=com.browserstack.v2.eventBus.Event@60d79356
11:48:18.918 [TC_LF_002_verify_invalid_login@1] INFO  c.b.v2.module.WebdriverModule - afterCommandExecute: event=com.browserstack.v2.eventBus.Event@2c2c4af
11:48:18.919 [TC_LF_002_verify_invalid_login@1] INFO  c.b.v2.module.WebdriverModule - beforeCommandExecute: event=com.browserstack.v2.eventBus.Event@615647ce
11:48:19.196 [TC_LF_005_verify_empty_login@0] INFO  c.b.v2.module.WebdriverModule - afterCommandExecute: event=com.browserstack.v2.eventBus.Event@27c870a3
11:48:19.196 [TC_LF_005_verify_empty_login@0] INFO  c.b.v2.module.WebdriverModule - beforeCommandExecute: event=com.browserstack.v2.eventBus.Event@6552cfae
11:48:19.231 [TC_LF_005_verify_empty_login@0] INFO  c.b.v2.module.WebdriverModule - afterCommandExecute: event=com.browserstack.v2.eventBus.Event@264ec915
11:48:19.231 [TC_LF_005_verify_empty_login@0] INFO  c.b.v2.framework.TestNgFramework - trackEvent: found instance, testFrameworkState=TestFrameworkState.LOG_REPORT hookState=HookState.PRE instance=-145149897
11:48:19.231 [TC_LF_005_verify_empty_login@0] INFO  c.b.v2.framework.TestNgFramework - trackEvent: found instance, testFrameworkState=TestFrameworkState.LOG_REPORT hookState=HookState.POST instance=-145149897
11:48:19.231 [TC_LF_005_verify_empty_login@0] INFO  c.b.v2.framework.TestNgFramework - trackEvent: load test results
11:48:19.232 [TC_LF_005_verify_empty_login@0] INFO  c.b.v2.framework.TestNgFramework - trackEvent: found instance, testFrameworkState=TestFrameworkState.TEST hookState=HookState.POST instance=-145149897
11:48:19.232 [TC_LF_005_verify_empty_login@0] INFO  c.b.v2.module.WebdriverModule - onAfterTest: event=com.browserstack.v2.eventBus.Event@689f7943
11:48:19.465 [TC_LF_002_verify_invalid_login@1] INFO  c.b.v2.module.WebdriverModule - afterCommandExecute: event=com.browserstack.v2.eventBus.Event@54ea3139
11:48:19.465 [TC_LF_002_verify_invalid_login@1] INFO  c.b.v2.module.WebdriverModule - beforeCommandExecute: event=com.browserstack.v2.eventBus.Event@75a70e4e
11:48:19.501 [TC_LF_002_verify_invalid_login@1] INFO  c.b.v2.module.WebdriverModule - afterCommandExecute: event=com.browserstack.v2.eventBus.Event@4ad08508
11:48:19.502 [TC_LF_002_verify_invalid_login@1] INFO  c.b.v2.module.WebdriverModule - beforeCommandExecute: event=com.browserstack.v2.eventBus.Event@54998ec9
11:48:19.593 [TC_LF_005_verify_empty_login@0] ERROR c.b.utils.SeleniumMethodUtils - Done for sessionid c45a53cd53655682349941b7b9b03114175b3da1
11:48:19.913 [TC_LF_005_verify_empty_login@0] INFO  c.b.v2.module.TestHubModule - onAfterTest: event={com.browserstack.v2.eventBus.Event@689f7943}
11:48:19.919 [TC_LF_005_verify_empty_login@0] INFO  c.b.v2.module.TestHubModule - sendTestSessionEvent: event=com.browserstack.v2.eventBus.Event@689f7943, response=success: true

11:48:19.923 [TC_LF_005_verify_empty_login@0] INFO  c.b.v2.module.TestHubModule - sendTestFrameworkEvent: event=com.browserstack.v2.eventBus.Event@689f7943, response=success: true

11:48:19.926 [TC_LF_005_verify_empty_login@0] INFO  c.b.v2.framework.TestNgFramework - trackEvent: found instance, testFrameworkState=TestFrameworkState.AFTER_METHOD hookState=HookState.PRE instance=-145149897
11:48:19.926 [TC_LF_005_verify_empty_login@0] INFO  c.b.v2.framework.TestNgFramework - trackEvent: track hook events
11:48:20.003 [TC_LF_002_verify_invalid_login@1] INFO  c.b.v2.module.WebdriverModule - afterCommandExecute: event=com.browserstack.v2.eventBus.Event@e73588d
11:48:20.003 [TC_LF_002_verify_invalid_login@1] INFO  c.b.v2.module.WebdriverModule - beforeCommandExecute: event=com.browserstack.v2.eventBus.Event@50da1a54
11:48:20.036 [TC_LF_002_verify_invalid_login@1] INFO  c.b.v2.module.WebdriverModule - afterCommandExecute: event=com.browserstack.v2.eventBus.Event@1f720aa1
11:48:20.036 [TC_LF_002_verify_invalid_login@1] INFO  c.b.v2.module.WebdriverModule - beforeCommandExecute: event=com.browserstack.v2.eventBus.Event@32c3fed9
11:48:20.129 [TC_LF_005_verify_empty_login@0] INFO  c.b.v2.framework.TestNgFramework - args CHECK = [TestResult name=clearCookies status=STARTED method=TS_002_Login_Functionality.clearCookies()[pri:0, instance:testCases.TS_002_Login_Functionality@3291b443] output={null}]
11:48:20.129 [TC_LF_005_verify_empty_login@0] INFO  c.b.v2.framework.TestNgFramework - Hook Started in PRE key = AFTER_METHOD & hook = {hook_name=clearCookies, hook_result=pending, test_file_path=opencart\src\test\java\testCases\TS_002_Login_Functionality.java, event_started_at=2025-06-03T11:48:20.129365800, hook_id=99dad140-3b9e-4899-a4f6-0aa12f11223a, hook_logs=[], key=AFTER_METHOD, custom_metadata={}, test_location=opencart\src\test\java\testCases\TS_002_Login_Functionality.java}  and args = [[TestResult name=clearCookies status=STARTED method=TS_002_Login_Functionality.clearCookies()[pri:0, instance:testCases.TS_002_Login_Functionality@3291b443] output={null}], TS_002_Login_Functionality.clearCookies()[pri:0, instance:testCases.TS_002_Login_Functionality@3291b443]]
11:48:20.129 [TC_LF_005_verify_empty_login@0] INFO  c.b.v2.framework.TestNgFramework - trackHookEvents: hook state=AFTER_METHOD.HookState.PRE , hooks started={AFTER_METHOD=[{hook_name=clearCookies, hook_result=pending, test_file_path=opencart\src\test\java\testCases\TS_002_Login_Functionality.java, event_started_at=2025-06-03T11:48:20.129365800, hook_id=99dad140-3b9e-4899-a4f6-0aa12f11223a, hook_logs=[], key=AFTER_METHOD, custom_metadata={}, test_location=opencart\src\test\java\testCases\TS_002_Login_Functionality.java}]} , hooks finished={AFTER_METHOD=[]}
11:48:20.133 [TC_LF_005_verify_empty_login@0] INFO  c.b.v2.module.TestHubModule - sendTestFrameworkEvent: event=com.browserstack.v2.eventBus.Event@112fa2a8, response=success: true

11:48:20.134 [clearCookies@0] INFO  c.b.v2.module.WebdriverModule - beforeCommandExecute: event=com.browserstack.v2.eventBus.Event@d8ea527
11:48:20.134 [clearCookies@0] INFO  c.b.v2.module.WebdriverModule - beforeCommandExecute: event=com.browserstack.v2.eventBus.Event@6ed09817
11:48:20.169 [clearCookies@0] INFO  c.b.v2.module.WebdriverModule - afterCommandExecute: event=com.browserstack.v2.eventBus.Event@2865d87
11:48:20.169 [clearCookies@0] INFO  c.b.v2.module.WebdriverModule - afterCommandExecute: event=com.browserstack.v2.eventBus.Event@511d1924
11:48:20.170 [clearCookies@0] INFO  c.b.v2.framework.TestNgFramework - trackEvent: found instance, testFrameworkState=TestFrameworkState.AFTER_METHOD hookState=HookState.POST instance=-145149897
11:48:20.170 [clearCookies@0] INFO  c.b.v2.framework.TestNgFramework - trackEvent: track hook events
11:48:20.325 [TC_LF_001_verify_login@2] INFO  c.b.v2.module.WebdriverModule - afterCommandExecute: event=com.browserstack.v2.eventBus.Event@1a1ecdc9
11:48:20.327 [TC_LF_001_verify_login@2] INFO  c.b.v2.framework.TestNgFramework - trackEvent: found instance, testFrameworkState=TestFrameworkState.LOG_REPORT hookState=HookState.PRE instance=-145147973
11:48:20.327 [TC_LF_001_verify_login@2] INFO  c.b.v2.framework.TestNgFramework - trackEvent: found instance, testFrameworkState=TestFrameworkState.LOG_REPORT hookState=HookState.POST instance=-145147973
11:48:20.327 [TC_LF_001_verify_login@2] INFO  c.b.v2.framework.TestNgFramework - trackEvent: load test results
11:48:20.328 [TC_LF_001_verify_login@2] INFO  c.b.v2.framework.TestNgFramework - trackEvent: found instance, testFrameworkState=TestFrameworkState.TEST hookState=HookState.POST instance=-145147973
11:48:20.328 [TC_LF_001_verify_login@2] INFO  c.b.v2.module.WebdriverModule - onAfterTest: event=com.browserstack.v2.eventBus.Event@3df6cfff
11:48:20.374 [clearCookies@0] INFO  c.b.v2.framework.TestNgFramework - args CHECK = [TestResult name=clearCookies status=SUCCESS method=TS_002_Login_Functionality.clearCookies()[pri:0, instance:testCases.TS_002_Login_Functionality@3291b443] output={null}]
11:48:20.375 [clearCookies@0] INFO  c.b.v2.framework.TestNgFramework - Hook List in Post [{hook_name=clearCookies, hook_result=pending, test_file_path=opencart\src\test\java\testCases\TS_002_Login_Functionality.java, event_started_at=2025-06-03T11:48:20.129365800, hook_id=99dad140-3b9e-4899-a4f6-0aa12f11223a, hook_logs=[], key=AFTER_METHOD, custom_metadata={}, test_location=opencart\src\test\java\testCases\TS_002_Login_Functionality.java}] and args = [[TestResult name=clearCookies status=SUCCESS method=TS_002_Login_Functionality.clearCookies()[pri:0, instance:testCases.TS_002_Login_Functionality@3291b443] output={null}], TS_002_Login_Functionality.clearCookies()[pri:0, instance:testCases.TS_002_Login_Functionality@3291b443]]
11:48:20.375 [clearCookies@0] INFO  c.b.v2.framework.TestNgFramework - Processing HookLevel attachments from directory: C:\Users\devbase\.browserstack\UploadedAttachments-65\HookLevel
11:48:20.375 [clearCookies@0] INFO  c.b.v2.framework.TestNgFramework - Checking hookLevelFiles: []
11:48:20.375 [clearCookies@0] INFO  c.b.v2.framework.TestNgFramework - checking Paths of files = C:\Users\devbase\.browserstack\UploadedAttachments-65\HookLevel\BuildLevelHookEvent and abs path = C:\Users\devbase\.browserstack\UploadedAttachments-65\HookLevel\BuildLevelHookEvent 
11:48:20.375 [clearCookies@0] INFO  c.b.v2.framework.TestNgFramework - Processing BuildLevelHookEvent attachments from directory: C:\Users\devbase\.browserstack\UploadedAttachments-65\HookLevel\BuildLevelHookEvent
11:48:20.375 [clearCookies@0] INFO  c.b.v2.framework.TestNgFramework - Processing TestLevel attachments eventLogs: []
11:48:20.375 [clearCookies@0] INFO  c.b.v2.framework.TestNgFramework - sendLogCreatedEvent: No Log Events to send
11:48:20.376 [clearCookies@0] INFO  c.b.v2.framework.TestNgFramework - trackHookEvents: hook state=AFTER_METHOD.HookState.POST , hooks started={AFTER_METHOD=[]} , hooks finished={AFTER_METHOD=[{hook_name=clearCookies, hook_result=passed, test_file_path=opencart\src\test\java\testCases\TS_002_Login_Functionality.java, event_started_at=2025-06-03T11:48:20.129365800, hook_id=99dad140-3b9e-4899-a4f6-0aa12f11223a, hook_logs=[], logs=[], key=AFTER_METHOD, custom_metadata={}, event_ended_at=2025-06-03T11:48:20.375354900, test_location=opencart\src\test\java\testCases\TS_002_Login_Functionality.java}]}
11:48:20.379 [clearCookies@0] INFO  c.b.v2.module.TestHubModule - sendTestFrameworkEvent: event=com.browserstack.v2.eventBus.Event@4a0ff846, response=success: true

11:48:20.383 [clearCookies@0] INFO  c.b.v2.framework.TestNgFramework - trackTestNgTest: saved instance contextId=-145149897 target=C:/Users/RPA Base/Projects/opencart/src/test/java/testCases-0@0 instances=[-145148935, -145147973, -145149897]
11:48:20.383 [clearCookies@0] INFO  c.b.v2.framework.TestNgFramework - trackEvent: found instance, testFrameworkState=TestFrameworkState.TEST hookState=HookState.PRE instance=-145149897
11:48:20.585 [clearCookies@0] INFO  c.b.v2.framework.TestNgFramework - trackEvent: loaded initial test data to instance, testFrameworkState=TestFrameworkState.TEST hookState=HookState.PRE instance=-145149897
11:48:20.585 [clearCookies@0] INFO  c.b.v2.module.WebdriverModule - onBeforeTest: event=com.browserstack.v2.eventBus.Event@123e66ba
11:48:20.588 [clearCookies@0] INFO  c.b.v2.module.TestHubModule - sendTestFrameworkEvent: event=com.browserstack.v2.eventBus.Event@123e66ba, response=success: true

11:48:20.589 [clearCookies@0] INFO  c.b.v2.module.ObservabilityModule - onBeforeTest: event={instance=com.browserstack.v2.instance.TestFrameworkInstance@377cf6ad, testFrameworkState=TestFrameworkState.TEST, testInstance=com.browserstack.v2.instance.TestFrameworkInstance@377cf6ad, hookState=HookState.PRE}
11:48:20.589 [clearCookies@0] INFO  c.b.v2.module.ObservabilityModule - performO11ySync: Performing O11y Sync
11:48:20.606 [TC_LF_006_verify_forgot_password_link@0] INFO  c.b.v2.module.WebdriverModule - beforeCommandExecute: event=com.browserstack.v2.eventBus.Event@5472eb71
11:48:20.635 [TC_LF_006_verify_forgot_password_link@0] INFO  c.b.v2.module.WebdriverModule - afterCommandExecute: event=com.browserstack.v2.eventBus.Event@1ad3ae4f
11:48:20.635 [TC_LF_006_verify_forgot_password_link@0] INFO  c.b.v2.module.WebdriverModule - beforeCommandExecute: event=com.browserstack.v2.eventBus.Event@186b6a36
11:48:20.647 [TC_LF_001_verify_login@2] ERROR c.b.utils.SeleniumMethodUtils - Done for sessionid 16c0a30a0fb02a2055b26186b717279d4c25e1d6
11:48:20.690 [TC_LF_006_verify_forgot_password_link@0] INFO  c.b.v2.module.WebdriverModule - afterCommandExecute: event=com.browserstack.v2.eventBus.Event@40cabc93
11:48:20.690 [TC_LF_006_verify_forgot_password_link@0] INFO  c.b.v2.module.WebdriverModule - beforeCommandExecute: event=com.browserstack.v2.eventBus.Event@a7e168c
11:48:20.726 [TC_LF_006_verify_forgot_password_link@0] INFO  c.b.v2.module.WebdriverModule - afterCommandExecute: event=com.browserstack.v2.eventBus.Event@4f8861fd
11:48:20.726 [TC_LF_006_verify_forgot_password_link@0] INFO  c.b.v2.module.WebdriverModule - beforeCommandExecute: event=com.browserstack.v2.eventBus.Event@6abf8ead
11:48:21.016 [TC_LF_001_verify_login@2] INFO  c.b.v2.module.TestHubModule - onAfterTest: event={com.browserstack.v2.eventBus.Event@3df6cfff}
11:48:21.020 [TC_LF_001_verify_login@2] INFO  c.b.v2.module.TestHubModule - sendTestSessionEvent: event=com.browserstack.v2.eventBus.Event@3df6cfff, response=success: true

11:48:21.029 [TC_LF_001_verify_login@2] INFO  c.b.v2.module.TestHubModule - sendTestFrameworkEvent: event=com.browserstack.v2.eventBus.Event@3df6cfff, response=success: true

11:48:21.038 [TC_LF_001_verify_login@2] INFO  c.b.v2.framework.TestNgFramework - trackEvent: found instance, testFrameworkState=TestFrameworkState.AFTER_METHOD hookState=HookState.PRE instance=-145147973
11:48:21.038 [TC_LF_001_verify_login@2] INFO  c.b.v2.framework.TestNgFramework - trackEvent: track hook events
11:48:21.180 [TC_LF_002_verify_invalid_login@1] INFO  c.b.v2.module.WebdriverModule - afterCommandExecute: event=com.browserstack.v2.eventBus.Event@562a4e64
11:48:21.180 [TC_LF_002_verify_invalid_login@1] INFO  c.b.v2.module.WebdriverModule - beforeCommandExecute: event=com.browserstack.v2.eventBus.Event@17c44270
11:48:21.213 [TC_LF_006_verify_forgot_password_link@0] INFO  c.b.v2.module.WebdriverModule - afterCommandExecute: event=com.browserstack.v2.eventBus.Event@70413312
11:48:21.213 [TC_LF_006_verify_forgot_password_link@0] INFO  c.b.v2.module.WebdriverModule - beforeCommandExecute: event=com.browserstack.v2.eventBus.Event@cab4339
11:48:21.242 [TC_LF_002_verify_invalid_login@1] INFO  c.b.v2.module.WebdriverModule - afterCommandExecute: event=com.browserstack.v2.eventBus.Event@bb0020a
11:48:21.242 [TC_LF_002_verify_invalid_login@1] INFO  c.b.v2.module.WebdriverModule - beforeCommandExecute: event=com.browserstack.v2.eventBus.Event@1a623795
11:48:21.251 [TC_LF_006_verify_forgot_password_link@0] INFO  c.b.v2.module.WebdriverModule - afterCommandExecute: event=com.browserstack.v2.eventBus.Event@37ec3a1e
11:48:21.252 [TC_LF_006_verify_forgot_password_link@0] INFO  c.b.v2.module.WebdriverModule - beforeCommandExecute: event=com.browserstack.v2.eventBus.Event@1918e6a
11:48:21.282 [TC_LF_002_verify_invalid_login@1] INFO  c.b.v2.module.WebdriverModule - afterCommandExecute: event=com.browserstack.v2.eventBus.Event@68242715
11:48:21.283 [TC_LF_002_verify_invalid_login@1] INFO  c.b.v2.framework.TestNgFramework - trackEvent: found instance, testFrameworkState=TestFrameworkState.LOG_REPORT hookState=HookState.PRE instance=-145148935
11:48:21.283 [TC_LF_002_verify_invalid_login@1] INFO  c.b.v2.framework.TestNgFramework - trackEvent: found instance, testFrameworkState=TestFrameworkState.LOG_REPORT hookState=HookState.POST instance=-145148935
11:48:21.283 [TC_LF_002_verify_invalid_login@1] INFO  c.b.v2.framework.TestNgFramework - trackEvent: load test results
11:48:21.283 [TC_LF_002_verify_invalid_login@1] INFO  c.b.v2.framework.TestNgFramework - trackEvent: found instance, testFrameworkState=TestFrameworkState.TEST hookState=HookState.POST instance=-145148935
11:48:21.283 [TC_LF_002_verify_invalid_login@1] INFO  c.b.v2.module.WebdriverModule - onAfterTest: event=com.browserstack.v2.eventBus.Event@481cbd2f
11:48:21.290 [TC_LF_001_verify_login@2] INFO  c.b.v2.framework.TestNgFramework - args CHECK = [TestResult name=clearCookies status=STARTED method=TS_002_Login_Functionality.clearCookies()[pri:0, instance:testCases.TS_002_Login_Functionality@440e3ce6] output={null}]
11:48:21.290 [TC_LF_001_verify_login@2] INFO  c.b.v2.framework.TestNgFramework - Hook Started in PRE key = AFTER_METHOD & hook = {hook_name=clearCookies, hook_result=pending, test_file_path=opencart\src\test\java\testCases\TS_002_Login_Functionality.java, event_started_at=2025-06-03T11:48:21.290491400, hook_id=7a2f0288-6b5d-43d5-8fe6-26be379f0203, hook_logs=[], key=AFTER_METHOD, custom_metadata={}, test_location=opencart\src\test\java\testCases\TS_002_Login_Functionality.java}  and args = [[TestResult name=clearCookies status=STARTED method=TS_002_Login_Functionality.clearCookies()[pri:0, instance:testCases.TS_002_Login_Functionality@440e3ce6] output={null}], TS_002_Login_Functionality.clearCookies()[pri:0, instance:testCases.TS_002_Login_Functionality@440e3ce6]]
11:48:21.290 [TC_LF_001_verify_login@2] INFO  c.b.v2.framework.TestNgFramework - trackHookEvents: hook state=AFTER_METHOD.HookState.PRE , hooks started={BEFORE_CLASS=[], AFTER_METHOD=[{hook_name=clearCookies, hook_result=pending, test_file_path=opencart\src\test\java\testCases\TS_002_Login_Functionality.java, event_started_at=2025-06-03T11:48:21.290491400, hook_id=7a2f0288-6b5d-43d5-8fe6-26be379f0203, hook_logs=[], key=AFTER_METHOD, custom_metadata={}, test_location=opencart\src\test\java\testCases\TS_002_Login_Functionality.java}]} , hooks finished={BEFORE_CLASS=[{hook_name=setup, hook_result=passed, test_file_path=opencart\src\test\java\testCases\TS_002_Login_Functionality.java, event_started_at=2025-06-03T11:47:46.273076600, hook_id=550cb690-9e43-4b03-bd79-878b62272e7a, hook_logs=[], logs=[], key=BEFORE_CLASS, custom_metadata={}, event_ended_at=2025-06-03T11:48:16.699006100, test_location=opencart\src\test\java\testCases\TS_002_Login_Functionality.java}], AFTER_METHOD=[]}
11:48:21.295 [TC_LF_001_verify_login@2] INFO  c.b.v2.module.TestHubModule - sendTestFrameworkEvent: event=com.browserstack.v2.eventBus.Event@429f903a, response=success: true

11:48:21.296 [clearCookies@2] INFO  c.b.v2.module.WebdriverModule - beforeCommandExecute: event=com.browserstack.v2.eventBus.Event@46f3f8e7
11:48:21.296 [clearCookies@2] INFO  c.b.v2.module.WebdriverModule - beforeCommandExecute: event=com.browserstack.v2.eventBus.Event@6939d315
11:48:21.390 [clearCookies@2] INFO  c.b.v2.module.WebdriverModule - afterCommandExecute: event=com.browserstack.v2.eventBus.Event@57199048
11:48:21.390 [clearCookies@2] INFO  c.b.v2.module.WebdriverModule - afterCommandExecute: event=com.browserstack.v2.eventBus.Event@21ae414
11:48:21.390 [clearCookies@2] INFO  c.b.v2.framework.TestNgFramework - trackEvent: found instance, testFrameworkState=TestFrameworkState.AFTER_METHOD hookState=HookState.POST instance=-145147973
11:48:21.391 [clearCookies@2] INFO  c.b.v2.framework.TestNgFramework - trackEvent: track hook events
11:48:21.520 [TC_LF_006_verify_forgot_password_link@0] INFO  c.b.v2.module.WebdriverModule - afterCommandExecute: event=com.browserstack.v2.eventBus.Event@54b1949
11:48:21.520 [TC_LF_006_verify_forgot_password_link@0] INFO  c.b.v2.module.WebdriverModule - beforeCommandExecute: event=com.browserstack.v2.eventBus.Event@21859595
11:48:21.521 [TC_LF_006_verify_forgot_password_link@0] INFO  c.b.v2.module.WebdriverModule - beforeCommandExecute: event=com.browserstack.v2.eventBus.Event@554d766a
11:48:21.584 [TC_LF_006_verify_forgot_password_link@0] INFO  c.b.v2.module.WebdriverModule - afterCommandExecute: event=com.browserstack.v2.eventBus.Event@5435ca63
11:48:21.584 [TC_LF_006_verify_forgot_password_link@0] INFO  c.b.v2.module.WebdriverModule - afterCommandExecute: event=com.browserstack.v2.eventBus.Event@9e900fd
11:48:21.585 [TC_LF_006_verify_forgot_password_link@0] INFO  c.b.v2.framework.TestNgFramework - trackEvent: found instance, testFrameworkState=TestFrameworkState.LOG_REPORT hookState=HookState.PRE instance=-145149897
11:48:21.585 [TC_LF_006_verify_forgot_password_link@0] INFO  c.b.v2.framework.TestNgFramework - trackEvent: found instance, testFrameworkState=TestFrameworkState.LOG_REPORT hookState=HookState.POST instance=-145149897
11:48:21.585 [TC_LF_006_verify_forgot_password_link@0] INFO  c.b.v2.framework.TestNgFramework - trackEvent: load test results
11:48:21.585 [TC_LF_006_verify_forgot_password_link@0] INFO  c.b.v2.framework.TestNgFramework - trackEvent: found instance, testFrameworkState=TestFrameworkState.TEST hookState=HookState.POST instance=-145149897
11:48:21.585 [TC_LF_006_verify_forgot_password_link@0] INFO  c.b.v2.module.WebdriverModule - onAfterTest: event=com.browserstack.v2.eventBus.Event@4cd0568
11:48:21.612 [TC_LF_002_verify_invalid_login@1] ERROR c.b.utils.SeleniumMethodUtils - Done for sessionid 9222f9ba4e3bcd407480d43b61eea7b584cd0403
11:48:21.635 [clearCookies@2] INFO  c.b.v2.framework.TestNgFramework - args CHECK = [TestResult name=clearCookies status=SUCCESS method=TS_002_Login_Functionality.clearCookies()[pri:0, instance:testCases.TS_002_Login_Functionality@440e3ce6] output={null}]
11:48:21.635 [clearCookies@2] INFO  c.b.v2.framework.TestNgFramework - Hook List in Post [{hook_name=clearCookies, hook_result=pending, test_file_path=opencart\src\test\java\testCases\TS_002_Login_Functionality.java, event_started_at=2025-06-03T11:48:21.290491400, hook_id=7a2f0288-6b5d-43d5-8fe6-26be379f0203, hook_logs=[], key=AFTER_METHOD, custom_metadata={}, test_location=opencart\src\test\java\testCases\TS_002_Login_Functionality.java}] and args = [[TestResult name=clearCookies status=SUCCESS method=TS_002_Login_Functionality.clearCookies()[pri:0, instance:testCases.TS_002_Login_Functionality@440e3ce6] output={null}], TS_002_Login_Functionality.clearCookies()[pri:0, instance:testCases.TS_002_Login_Functionality@440e3ce6]]
11:48:21.635 [clearCookies@2] INFO  c.b.v2.framework.TestNgFramework - Processing HookLevel attachments from directory: C:\Users\devbase\.browserstack\UploadedAttachments-67\HookLevel
11:48:21.635 [clearCookies@2] INFO  c.b.v2.framework.TestNgFramework - Checking hookLevelFiles: []
11:48:21.635 [clearCookies@2] INFO  c.b.v2.framework.TestNgFramework - checking Paths of files = C:\Users\devbase\.browserstack\UploadedAttachments-67\HookLevel\BuildLevelHookEvent and abs path = C:\Users\devbase\.browserstack\UploadedAttachments-67\HookLevel\BuildLevelHookEvent 
11:48:21.636 [clearCookies@2] INFO  c.b.v2.framework.TestNgFramework - Processing BuildLevelHookEvent attachments from directory: C:\Users\devbase\.browserstack\UploadedAttachments-67\HookLevel\BuildLevelHookEvent
11:48:21.636 [clearCookies@2] INFO  c.b.v2.framework.TestNgFramework - Processing TestLevel attachments eventLogs: []
11:48:21.636 [clearCookies@2] INFO  c.b.v2.framework.TestNgFramework - sendLogCreatedEvent: No Log Events to send
11:48:21.636 [clearCookies@2] INFO  c.b.v2.framework.TestNgFramework - trackHookEvents: hook state=AFTER_METHOD.HookState.POST , hooks started={BEFORE_CLASS=[], AFTER_METHOD=[]} , hooks finished={BEFORE_CLASS=[{hook_name=setup, hook_result=passed, test_file_path=opencart\src\test\java\testCases\TS_002_Login_Functionality.java, event_started_at=2025-06-03T11:47:46.273076600, hook_id=550cb690-9e43-4b03-bd79-878b62272e7a, hook_logs=[], logs=[], key=BEFORE_CLASS, custom_metadata={}, event_ended_at=2025-06-03T11:48:16.699006100, test_location=opencart\src\test\java\testCases\TS_002_Login_Functionality.java}], AFTER_METHOD=[{hook_name=clearCookies, hook_result=passed, test_file_path=opencart\src\test\java\testCases\TS_002_Login_Functionality.java, event_started_at=2025-06-03T11:48:21.290491400, hook_id=7a2f0288-6b5d-43d5-8fe6-26be379f0203, hook_logs=[], logs=[], key=AFTER_METHOD, custom_metadata={}, event_ended_at=2025-06-03T11:48:21.635900600, test_location=opencart\src\test\java\testCases\TS_002_Login_Functionality.java}]}
11:48:21.639 [clearCookies@2] INFO  c.b.v2.module.TestHubModule - sendTestFrameworkEvent: event=com.browserstack.v2.eventBus.Event@329ee7d8, response=success: true

11:48:21.644 [clearCookies@2] INFO  c.b.v2.framework.TestNgFramework - trackTestNgTest: saved instance contextId=-145147973 target=C:/Users/RPA Base/Projects/opencart/src/test/java/testCases-2@2 instances=[-145148935, -145147973, -145149897]
11:48:21.644 [clearCookies@2] INFO  c.b.v2.framework.TestNgFramework - trackEvent: found instance, testFrameworkState=TestFrameworkState.TEST hookState=HookState.PRE instance=-145147973
11:48:21.924 [TC_LF_002_verify_invalid_login@1] INFO  c.b.v2.module.TestHubModule - onAfterTest: event={com.browserstack.v2.eventBus.Event@481cbd2f}
11:48:21.925 [TC_LF_006_verify_forgot_password_link@0] ERROR c.b.utils.SeleniumMethodUtils - Done for sessionid c45a53cd53655682349941b7b9b03114175b3da1
11:48:21.929 [TC_LF_002_verify_invalid_login@1] INFO  c.b.v2.module.TestHubModule - sendTestSessionEvent: event=com.browserstack.v2.eventBus.Event@481cbd2f, response=success: true

11:48:21.935 [TC_LF_002_verify_invalid_login@1] INFO  c.b.v2.module.TestHubModule - sendTestFrameworkEvent: event=com.browserstack.v2.eventBus.Event@481cbd2f, response=success: true

11:48:21.939 [TC_LF_002_verify_invalid_login@1] INFO  c.b.v2.framework.TestNgFramework - trackEvent: found instance, testFrameworkState=TestFrameworkState.AFTER_METHOD hookState=HookState.PRE instance=-145148935
11:48:21.939 [TC_LF_002_verify_invalid_login@1] INFO  c.b.v2.framework.TestNgFramework - trackEvent: track hook events
11:48:21.963 [clearCookies@2] INFO  c.b.v2.framework.TestNgFramework - trackEvent: loaded initial test data to instance, testFrameworkState=TestFrameworkState.TEST hookState=HookState.PRE instance=-145147973
11:48:21.963 [clearCookies@2] INFO  c.b.v2.module.WebdriverModule - onBeforeTest: event=com.browserstack.v2.eventBus.Event@4830dfd8
11:48:21.969 [clearCookies@2] INFO  c.b.v2.module.TestHubModule - sendTestFrameworkEvent: event=com.browserstack.v2.eventBus.Event@4830dfd8, response=success: true

11:48:21.970 [clearCookies@2] INFO  c.b.v2.module.ObservabilityModule - onBeforeTest: event={instance=com.browserstack.v2.instance.TestFrameworkInstance@70e2212c, testFrameworkState=TestFrameworkState.TEST, testInstance=com.browserstack.v2.instance.TestFrameworkInstance@70e2212c, hookState=HookState.PRE}
11:48:21.970 [clearCookies@2] INFO  c.b.v2.module.ObservabilityModule - performO11ySync: Performing O11y Sync
11:48:21.982 [TC_LF_002_verify_invalid_login@2] INFO  c.b.v2.module.WebdriverModule - beforeCommandExecute: event=com.browserstack.v2.eventBus.Event@31bd6e39
11:48:22.096 [TC_LF_002_verify_invalid_login@2] INFO  c.b.v2.module.WebdriverModule - afterCommandExecute: event=com.browserstack.v2.eventBus.Event@6e2f98ac
11:48:22.096 [TC_LF_002_verify_invalid_login@2] INFO  c.b.v2.module.WebdriverModule - beforeCommandExecute: event=com.browserstack.v2.eventBus.Event@7130a358
11:48:22.151 [TC_LF_002_verify_invalid_login@1] INFO  c.b.v2.framework.TestNgFramework - args CHECK = [TestResult name=clearCookies status=STARTED method=TS_002_Login_Functionality.clearCookies()[pri:0, instance:testCases.TS_002_Login_Functionality@4aa21f9d] output={null}]
11:48:22.151 [TC_LF_002_verify_invalid_login@1] INFO  c.b.v2.framework.TestNgFramework - Hook Started in PRE key = AFTER_METHOD & hook = {hook_name=clearCookies, hook_result=pending, test_file_path=opencart\src\test\java\testCases\TS_002_Login_Functionality.java, event_started_at=2025-06-03T11:48:22.151244200, hook_id=e11e8250-5f8c-4012-aab3-cb78106a852f, hook_logs=[], key=AFTER_METHOD, custom_metadata={}, test_location=opencart\src\test\java\testCases\TS_002_Login_Functionality.java}  and args = [[TestResult name=clearCookies status=STARTED method=TS_002_Login_Functionality.clearCookies()[pri:0, instance:testCases.TS_002_Login_Functionality@4aa21f9d] output={null}], TS_002_Login_Functionality.clearCookies()[pri:0, instance:testCases.TS_002_Login_Functionality@4aa21f9d]]
11:48:22.152 [TC_LF_002_verify_invalid_login@1] INFO  c.b.v2.framework.TestNgFramework - trackHookEvents: hook state=AFTER_METHOD.HookState.PRE , hooks started={AFTER_METHOD=[{hook_name=clearCookies, hook_result=pending, test_file_path=opencart\src\test\java\testCases\TS_002_Login_Functionality.java, event_started_at=2025-06-03T11:48:22.151244200, hook_id=e11e8250-5f8c-4012-aab3-cb78106a852f, hook_logs=[], key=AFTER_METHOD, custom_metadata={}, test_location=opencart\src\test\java\testCases\TS_002_Login_Functionality.java}]} , hooks finished={AFTER_METHOD=[]}
11:48:22.155 [TC_LF_002_verify_invalid_login@1] INFO  c.b.v2.module.TestHubModule - sendTestFrameworkEvent: event=com.browserstack.v2.eventBus.Event@3e119942, response=success: true

11:48:22.157 [clearCookies@1] INFO  c.b.v2.module.WebdriverModule - beforeCommandExecute: event=com.browserstack.v2.eventBus.Event@158d47b1
11:48:22.157 [clearCookies@1] INFO  c.b.v2.module.WebdriverModule - beforeCommandExecute: event=com.browserstack.v2.eventBus.Event@14dff24d
11:48:22.216 [clearCookies@1] INFO  c.b.v2.module.WebdriverModule - afterCommandExecute: event=com.browserstack.v2.eventBus.Event@2636a21d
11:48:22.216 [clearCookies@1] INFO  c.b.v2.module.WebdriverModule - afterCommandExecute: event=com.browserstack.v2.eventBus.Event@38aae473
11:48:22.217 [clearCookies@1] INFO  c.b.v2.framework.TestNgFramework - trackEvent: found instance, testFrameworkState=TestFrameworkState.AFTER_METHOD hookState=HookState.POST instance=-145148935
11:48:22.217 [clearCookies@1] INFO  c.b.v2.framework.TestNgFramework - trackEvent: track hook events
11:48:22.242 [TC_LF_006_verify_forgot_password_link@0] INFO  c.b.v2.module.TestHubModule - onAfterTest: event={com.browserstack.v2.eventBus.Event@4cd0568}
11:48:22.260 [TC_LF_006_verify_forgot_password_link@0] INFO  c.b.v2.module.TestHubModule - sendTestSessionEvent: event=com.browserstack.v2.eventBus.Event@4cd0568, response=success: true

11:48:22.269 [TC_LF_006_verify_forgot_password_link@0] INFO  c.b.v2.module.TestHubModule - sendTestFrameworkEvent: event=com.browserstack.v2.eventBus.Event@4cd0568, response=success: true

11:48:22.274 [TC_LF_006_verify_forgot_password_link@0] INFO  c.b.v2.framework.TestNgFramework - trackEvent: found instance, testFrameworkState=TestFrameworkState.AFTER_METHOD hookState=HookState.PRE instance=-145149897
11:48:22.275 [TC_LF_006_verify_forgot_password_link@0] INFO  c.b.v2.framework.TestNgFramework - trackEvent: track hook events
11:48:22.498 [clearCookies@1] INFO  c.b.v2.framework.TestNgFramework - args CHECK = [TestResult name=clearCookies status=SUCCESS method=TS_002_Login_Functionality.clearCookies()[pri:0, instance:testCases.TS_002_Login_Functionality@4aa21f9d] output={null}]
11:48:22.499 [clearCookies@1] INFO  c.b.v2.framework.TestNgFramework - Hook List in Post [{hook_name=clearCookies, hook_result=pending, test_file_path=opencart\src\test\java\testCases\TS_002_Login_Functionality.java, event_started_at=2025-06-03T11:48:22.151244200, hook_id=e11e8250-5f8c-4012-aab3-cb78106a852f, hook_logs=[], key=AFTER_METHOD, custom_metadata={}, test_location=opencart\src\test\java\testCases\TS_002_Login_Functionality.java}] and args = [[TestResult name=clearCookies status=SUCCESS method=TS_002_Login_Functionality.clearCookies()[pri:0, instance:testCases.TS_002_Login_Functionality@4aa21f9d] output={null}], TS_002_Login_Functionality.clearCookies()[pri:0, instance:testCases.TS_002_Login_Functionality@4aa21f9d]]
11:48:22.499 [clearCookies@1] INFO  c.b.v2.framework.TestNgFramework - Processing HookLevel attachments from directory: C:\Users\devbase\.browserstack\UploadedAttachments-66\HookLevel
11:48:22.499 [clearCookies@1] INFO  c.b.v2.framework.TestNgFramework - Checking hookLevelFiles: []
11:48:22.499 [clearCookies@1] INFO  c.b.v2.framework.TestNgFramework - checking Paths of files = C:\Users\devbase\.browserstack\UploadedAttachments-66\HookLevel\BuildLevelHookEvent and abs path = C:\Users\devbase\.browserstack\UploadedAttachments-66\HookLevel\BuildLevelHookEvent 
11:48:22.499 [clearCookies@1] INFO  c.b.v2.framework.TestNgFramework - Processing BuildLevelHookEvent attachments from directory: C:\Users\devbase\.browserstack\UploadedAttachments-66\HookLevel\BuildLevelHookEvent
11:48:22.499 [clearCookies@1] INFO  c.b.v2.framework.TestNgFramework - Processing TestLevel attachments eventLogs: []
11:48:22.499 [clearCookies@1] INFO  c.b.v2.framework.TestNgFramework - sendLogCreatedEvent: No Log Events to send
11:48:22.500 [clearCookies@1] INFO  c.b.v2.framework.TestNgFramework - trackHookEvents: hook state=AFTER_METHOD.HookState.POST , hooks started={AFTER_METHOD=[]} , hooks finished={AFTER_METHOD=[{hook_name=clearCookies, hook_result=passed, test_file_path=opencart\src\test\java\testCases\TS_002_Login_Functionality.java, event_started_at=2025-06-03T11:48:22.151244200, hook_id=e11e8250-5f8c-4012-aab3-cb78106a852f, hook_logs=[], logs=[], key=AFTER_METHOD, custom_metadata={}, event_ended_at=2025-06-03T11:48:22.499268200, test_location=opencart\src\test\java\testCases\TS_002_Login_Functionality.java}]}
11:48:22.504 [clearCookies@1] INFO  c.b.v2.module.TestHubModule - sendTestFrameworkEvent: event=com.browserstack.v2.eventBus.Event@5090d81d, response=success: true

11:48:22.510 [clearCookies@1] INFO  c.b.v2.framework.TestNgFramework - trackTestNgTest: saved instance contextId=-145148935 target=C:/Users/RPA Base/Projects/opencart/src/test/java/testCases-1@1 instances=[-145148935, -145147973, -145149897]
11:48:22.510 [clearCookies@1] INFO  c.b.v2.framework.TestNgFramework - trackEvent: found instance, testFrameworkState=TestFrameworkState.TEST hookState=HookState.PRE instance=-145148935
11:48:22.523 [TC_LF_006_verify_forgot_password_link@0] INFO  c.b.v2.framework.TestNgFramework - args CHECK = [TestResult name=clearCookies status=STARTED method=TS_002_Login_Functionality.clearCookies()[pri:0, instance:testCases.TS_002_Login_Functionality@3291b443] output={null}]
11:48:22.523 [TC_LF_006_verify_forgot_password_link@0] INFO  c.b.v2.framework.TestNgFramework - Hook Started in PRE key = AFTER_METHOD & hook = {hook_name=clearCookies, hook_result=pending, test_file_path=opencart\src\test\java\testCases\TS_002_Login_Functionality.java, event_started_at=2025-06-03T11:48:22.523280900, hook_id=c0b7b289-90c6-4045-a547-d8e2d86f72a9, hook_logs=[], key=AFTER_METHOD, custom_metadata={}, test_location=opencart\src\test\java\testCases\TS_002_Login_Functionality.java}  and args = [[TestResult name=clearCookies status=STARTED method=TS_002_Login_Functionality.clearCookies()[pri:0, instance:testCases.TS_002_Login_Functionality@3291b443] output={null}], TS_002_Login_Functionality.clearCookies()[pri:0, instance:testCases.TS_002_Login_Functionality@3291b443]]
11:48:22.523 [TC_LF_006_verify_forgot_password_link@0] INFO  c.b.v2.framework.TestNgFramework - trackHookEvents: hook state=AFTER_METHOD.HookState.PRE , hooks started={AFTER_METHOD=[{hook_name=clearCookies, hook_result=pending, test_file_path=opencart\src\test\java\testCases\TS_002_Login_Functionality.java, event_started_at=2025-06-03T11:48:22.523280900, hook_id=c0b7b289-90c6-4045-a547-d8e2d86f72a9, hook_logs=[], key=AFTER_METHOD, custom_metadata={}, test_location=opencart\src\test\java\testCases\TS_002_Login_Functionality.java}]} , hooks finished={AFTER_METHOD=[]}
11:48:22.527 [TC_LF_006_verify_forgot_password_link@0] INFO  c.b.v2.module.TestHubModule - sendTestFrameworkEvent: event=com.browserstack.v2.eventBus.Event@73164e64, response=success: true

11:48:22.529 [clearCookies@0] INFO  c.b.v2.module.WebdriverModule - beforeCommandExecute: event=com.browserstack.v2.eventBus.Event@7175dd8b
11:48:22.529 [clearCookies@0] INFO  c.b.v2.module.WebdriverModule - beforeCommandExecute: event=com.browserstack.v2.eventBus.Event@24ce5680
11:48:22.556 [clearCookies@0] INFO  c.b.v2.module.WebdriverModule - afterCommandExecute: event=com.browserstack.v2.eventBus.Event@65ea4913
11:48:22.556 [clearCookies@0] INFO  c.b.v2.module.WebdriverModule - afterCommandExecute: event=com.browserstack.v2.eventBus.Event@67f1e3f8
11:48:22.556 [clearCookies@0] INFO  c.b.v2.framework.TestNgFramework - trackEvent: found instance, testFrameworkState=TestFrameworkState.AFTER_METHOD hookState=HookState.POST instance=-145149897
11:48:22.556 [clearCookies@0] INFO  c.b.v2.framework.TestNgFramework - trackEvent: track hook events
11:48:22.743 [clearCookies@1] INFO  c.b.v2.framework.TestNgFramework - trackEvent: loaded initial test data to instance, testFrameworkState=TestFrameworkState.TEST hookState=HookState.PRE instance=-145148935
11:48:22.744 [clearCookies@1] INFO  c.b.v2.module.WebdriverModule - onBeforeTest: event=com.browserstack.v2.eventBus.Event@33de7c8
11:48:22.748 [clearCookies@1] INFO  c.b.v2.module.TestHubModule - sendTestFrameworkEvent: event=com.browserstack.v2.eventBus.Event@33de7c8, response=success: true

11:48:22.749 [clearCookies@1] INFO  c.b.v2.module.ObservabilityModule - onBeforeTest: event={instance=com.browserstack.v2.instance.TestFrameworkInstance@6fdadcdf, testFrameworkState=TestFrameworkState.TEST, testInstance=com.browserstack.v2.instance.TestFrameworkInstance@6fdadcdf, hookState=HookState.PRE}
11:48:22.749 [clearCookies@1] INFO  c.b.v2.module.ObservabilityModule - performO11ySync: Performing O11y Sync
11:48:22.765 [TC_LF_003_verify_invalid_email_valid_password@1] INFO  c.b.v2.module.WebdriverModule - beforeCommandExecute: event=com.browserstack.v2.eventBus.Event@71725bef
11:48:22.792 [TC_LF_003_verify_invalid_email_valid_password@1] INFO  c.b.v2.module.WebdriverModule - afterCommandExecute: event=com.browserstack.v2.eventBus.Event@2eafa60f
11:48:22.792 [TC_LF_003_verify_invalid_email_valid_password@1] INFO  c.b.v2.module.WebdriverModule - beforeCommandExecute: event=com.browserstack.v2.eventBus.Event@235a60cf
11:48:22.796 [clearCookies@0] INFO  c.b.v2.framework.TestNgFramework - args CHECK = [TestResult name=clearCookies status=SUCCESS method=TS_002_Login_Functionality.clearCookies()[pri:0, instance:testCases.TS_002_Login_Functionality@3291b443] output={null}]
11:48:22.796 [clearCookies@0] INFO  c.b.v2.framework.TestNgFramework - Hook List in Post [{hook_name=clearCookies, hook_result=pending, test_file_path=opencart\src\test\java\testCases\TS_002_Login_Functionality.java, event_started_at=2025-06-03T11:48:22.523280900, hook_id=c0b7b289-90c6-4045-a547-d8e2d86f72a9, hook_logs=[], key=AFTER_METHOD, custom_metadata={}, test_location=opencart\src\test\java\testCases\TS_002_Login_Functionality.java}] and args = [[TestResult name=clearCookies status=SUCCESS method=TS_002_Login_Functionality.clearCookies()[pri:0, instance:testCases.TS_002_Login_Functionality@3291b443] output={null}], TS_002_Login_Functionality.clearCookies()[pri:0, instance:testCases.TS_002_Login_Functionality@3291b443]]
11:48:22.797 [clearCookies@0] INFO  c.b.v2.framework.TestNgFramework - Processing HookLevel attachments from directory: C:\Users\devbase\.browserstack\UploadedAttachments-65\HookLevel
11:48:22.797 [clearCookies@0] INFO  c.b.v2.framework.TestNgFramework - Checking hookLevelFiles: []
11:48:22.797 [clearCookies@0] INFO  c.b.v2.framework.TestNgFramework - checking Paths of files = C:\Users\devbase\.browserstack\UploadedAttachments-65\HookLevel\BuildLevelHookEvent and abs path = C:\Users\devbase\.browserstack\UploadedAttachments-65\HookLevel\BuildLevelHookEvent 
11:48:22.797 [clearCookies@0] INFO  c.b.v2.framework.TestNgFramework - Processing BuildLevelHookEvent attachments from directory: C:\Users\devbase\.browserstack\UploadedAttachments-65\HookLevel\BuildLevelHookEvent
11:48:22.797 [clearCookies@0] INFO  c.b.v2.framework.TestNgFramework - Processing TestLevel attachments eventLogs: []
11:48:22.797 [clearCookies@0] INFO  c.b.v2.framework.TestNgFramework - sendLogCreatedEvent: No Log Events to send
11:48:22.797 [clearCookies@0] INFO  c.b.v2.framework.TestNgFramework - trackHookEvents: hook state=AFTER_METHOD.HookState.POST , hooks started={AFTER_METHOD=[]} , hooks finished={AFTER_METHOD=[{hook_name=clearCookies, hook_result=passed, test_file_path=opencart\src\test\java\testCases\TS_002_Login_Functionality.java, event_started_at=2025-06-03T11:48:22.523280900, hook_id=c0b7b289-90c6-4045-a547-d8e2d86f72a9, hook_logs=[], logs=[], key=AFTER_METHOD, custom_metadata={}, event_ended_at=2025-06-03T11:48:22.796246300, test_location=opencart\src\test\java\testCases\TS_002_Login_Functionality.java}]}
11:48:22.800 [clearCookies@0] INFO  c.b.v2.module.TestHubModule - sendTestFrameworkEvent: event=com.browserstack.v2.eventBus.Event@31886033, response=success: true

11:48:22.804 [clearCookies@0] INFO  c.b.v2.framework.TestNgFramework - trackTestNgTest: saved instance contextId=-145149897 target=C:/Users/RPA Base/Projects/opencart/src/test/java/testCases-0@0 instances=[-145148935, -145147973, -145149897]
11:48:22.804 [clearCookies@0] INFO  c.b.v2.framework.TestNgFramework - trackEvent: found instance, testFrameworkState=TestFrameworkState.TEST hookState=HookState.PRE instance=-145149897
11:48:23.058 [clearCookies@0] INFO  c.b.v2.framework.TestNgFramework - trackEvent: loaded initial test data to instance, testFrameworkState=TestFrameworkState.TEST hookState=HookState.PRE instance=-145149897
11:48:23.058 [clearCookies@0] INFO  c.b.v2.module.WebdriverModule - onBeforeTest: event=com.browserstack.v2.eventBus.Event@2ad96fc3
11:48:23.061 [clearCookies@0] INFO  c.b.v2.module.TestHubModule - sendTestFrameworkEvent: event=com.browserstack.v2.eventBus.Event@2ad96fc3, response=success: true

11:48:23.063 [clearCookies@0] INFO  c.b.v2.module.ObservabilityModule - onBeforeTest: event={instance=com.browserstack.v2.instance.TestFrameworkInstance@67cbcf79, testFrameworkState=TestFrameworkState.TEST, testInstance=com.browserstack.v2.instance.TestFrameworkInstance@67cbcf79, hookState=HookState.PRE}
11:48:23.063 [clearCookies@0] INFO  c.b.v2.module.ObservabilityModule - performO11ySync: Performing O11y Sync
11:48:23.078 [TC_LF_007_verify_email_password_placeholder@0] INFO  c.b.v2.module.WebdriverModule - beforeCommandExecute: event=com.browserstack.v2.eventBus.Event@f1cceab
11:48:23.102 [TC_LF_007_verify_email_password_placeholder@0] INFO  c.b.v2.module.WebdriverModule - afterCommandExecute: event=com.browserstack.v2.eventBus.Event@5d6308ef
11:48:23.102 [TC_LF_007_verify_email_password_placeholder@0] INFO  c.b.v2.module.WebdriverModule - beforeCommandExecute: event=com.browserstack.v2.eventBus.Event@7f7287e8
11:48:23.107 [TC_LF_003_verify_invalid_email_valid_password@1] INFO  c.b.v2.module.WebdriverModule - afterCommandExecute: event=com.browserstack.v2.eventBus.Event@6c66d2e3
11:48:23.107 [TC_LF_003_verify_invalid_email_valid_password@1] INFO  c.b.v2.module.WebdriverModule - beforeCommandExecute: event=com.browserstack.v2.eventBus.Event@7b39459b
11:48:23.142 [TC_LF_003_verify_invalid_email_valid_password@1] INFO  c.b.v2.module.WebdriverModule - afterCommandExecute: event=com.browserstack.v2.eventBus.Event@d16866c
11:48:23.142 [TC_LF_003_verify_invalid_email_valid_password@1] INFO  c.b.v2.module.WebdriverModule - beforeCommandExecute: event=com.browserstack.v2.eventBus.Event@52c6d2a9
11:48:23.154 [TC_LF_007_verify_email_password_placeholder@0] INFO  c.b.v2.module.WebdriverModule - afterCommandExecute: event=com.browserstack.v2.eventBus.Event@330c5213
11:48:23.154 [TC_LF_007_verify_email_password_placeholder@0] INFO  c.b.v2.module.WebdriverModule - beforeCommandExecute: event=com.browserstack.v2.eventBus.Event@7d9888e1
11:48:23.189 [TC_LF_007_verify_email_password_placeholder@0] INFO  c.b.v2.module.WebdriverModule - afterCommandExecute: event=com.browserstack.v2.eventBus.Event@3be480af
11:48:23.189 [TC_LF_007_verify_email_password_placeholder@0] INFO  c.b.v2.module.WebdriverModule - beforeCommandExecute: event=com.browserstack.v2.eventBus.Event@22c23327
11:48:23.447 [TC_LF_007_verify_email_password_placeholder@0] INFO  c.b.v2.module.WebdriverModule - afterCommandExecute: event=com.browserstack.v2.eventBus.Event@16d4e675
11:48:23.447 [TC_LF_007_verify_email_password_placeholder@0] INFO  c.b.v2.module.WebdriverModule - beforeCommandExecute: event=com.browserstack.v2.eventBus.Event@5b7071e6
11:48:23.474 [TC_LF_007_verify_email_password_placeholder@0] INFO  c.b.v2.module.WebdriverModule - afterCommandExecute: event=com.browserstack.v2.eventBus.Event@5784285d
11:48:23.474 [TC_LF_007_verify_email_password_placeholder@0] INFO  c.b.v2.module.WebdriverModule - beforeCommandExecute: event=com.browserstack.v2.eventBus.Event@52a434b1
11:48:23.496 [TC_LF_007_verify_email_password_placeholder@0] INFO  c.b.v2.module.WebdriverModule - afterCommandExecute: event=com.browserstack.v2.eventBus.Event@56b2ce90
11:48:23.496 [TC_LF_007_verify_email_password_placeholder@0] INFO  c.b.v2.module.WebdriverModule - beforeCommandExecute: event=com.browserstack.v2.eventBus.Event@30fd3028
11:48:23.525 [TC_LF_007_verify_email_password_placeholder@0] INFO  c.b.v2.module.WebdriverModule - afterCommandExecute: event=com.browserstack.v2.eventBus.Event@37eff826
11:48:23.525 [TC_LF_007_verify_email_password_placeholder@0] INFO  c.b.v2.module.WebdriverModule - beforeCommandExecute: event=com.browserstack.v2.eventBus.Event@2f6c48a6
11:48:23.548 [TC_LF_007_verify_email_password_placeholder@0] INFO  c.b.v2.module.WebdriverModule - afterCommandExecute: event=com.browserstack.v2.eventBus.Event@11f54690
11:48:23.549 [TC_LF_007_verify_email_password_placeholder@0] INFO  c.b.v2.framework.TestNgFramework - trackEvent: found instance, testFrameworkState=TestFrameworkState.LOG_REPORT hookState=HookState.PRE instance=-145149897
11:48:23.549 [TC_LF_007_verify_email_password_placeholder@0] INFO  c.b.v2.framework.TestNgFramework - trackEvent: found instance, testFrameworkState=TestFrameworkState.LOG_REPORT hookState=HookState.POST instance=-145149897
11:48:23.549 [TC_LF_007_verify_email_password_placeholder@0] INFO  c.b.v2.framework.TestNgFramework - trackEvent: load test results
11:48:23.549 [TC_LF_007_verify_email_password_placeholder@0] INFO  c.b.v2.framework.TestNgFramework - trackEvent: found instance, testFrameworkState=TestFrameworkState.TEST hookState=HookState.POST instance=-145149897
11:48:23.549 [TC_LF_007_verify_email_password_placeholder@0] INFO  c.b.v2.module.WebdriverModule - onAfterTest: event=com.browserstack.v2.eventBus.Event@36c24438
11:48:23.709 [TC_LF_003_verify_invalid_email_valid_password@1] INFO  c.b.v2.module.WebdriverModule - afterCommandExecute: event=com.browserstack.v2.eventBus.Event@55d94639
11:48:23.710 [TC_LF_003_verify_invalid_email_valid_password@1] INFO  c.b.v2.module.WebdriverModule - beforeCommandExecute: event=com.browserstack.v2.eventBus.Event@4de48110
11:48:23.744 [TC_LF_003_verify_invalid_email_valid_password@1] INFO  c.b.v2.module.WebdriverModule - afterCommandExecute: event=com.browserstack.v2.eventBus.Event@5c0e5c87
11:48:23.744 [TC_LF_003_verify_invalid_email_valid_password@1] INFO  c.b.v2.module.WebdriverModule - beforeCommandExecute: event=com.browserstack.v2.eventBus.Event@4366e03d
11:48:23.899 [TC_LF_007_verify_email_password_placeholder@0] ERROR c.b.utils.SeleniumMethodUtils - Done for sessionid c45a53cd53655682349941b7b9b03114175b3da1
11:48:24.214 [TC_LF_007_verify_email_password_placeholder@0] INFO  c.b.v2.module.TestHubModule - onAfterTest: event={com.browserstack.v2.eventBus.Event@36c24438}
11:48:24.219 [TC_LF_007_verify_email_password_placeholder@0] INFO  c.b.v2.module.TestHubModule - sendTestSessionEvent: event=com.browserstack.v2.eventBus.Event@36c24438, response=success: true

11:48:24.224 [TC_LF_007_verify_email_password_placeholder@0] INFO  c.b.v2.module.TestHubModule - sendTestFrameworkEvent: event=com.browserstack.v2.eventBus.Event@36c24438, response=success: true

11:48:24.227 [TC_LF_007_verify_email_password_placeholder@0] INFO  c.b.v2.framework.TestNgFramework - trackEvent: found instance, testFrameworkState=TestFrameworkState.AFTER_METHOD hookState=HookState.PRE instance=-145149897
11:48:24.227 [TC_LF_007_verify_email_password_placeholder@0] INFO  c.b.v2.framework.TestNgFramework - trackEvent: track hook events
11:48:24.288 [TC_LF_003_verify_invalid_email_valid_password@1] INFO  c.b.v2.module.WebdriverModule - afterCommandExecute: event=com.browserstack.v2.eventBus.Event@28aa2350
11:48:24.288 [TC_LF_003_verify_invalid_email_valid_password@1] INFO  c.b.v2.module.WebdriverModule - beforeCommandExecute: event=com.browserstack.v2.eventBus.Event@1df6692d
11:48:24.322 [TC_LF_003_verify_invalid_email_valid_password@1] INFO  c.b.v2.module.WebdriverModule - afterCommandExecute: event=com.browserstack.v2.eventBus.Event@4a90b08e
11:48:24.322 [TC_LF_003_verify_invalid_email_valid_password@1] INFO  c.b.v2.module.WebdriverModule - beforeCommandExecute: event=com.browserstack.v2.eventBus.Event@6d61777f
11:48:24.436 [TC_LF_007_verify_email_password_placeholder@0] INFO  c.b.v2.framework.TestNgFramework - args CHECK = [TestResult name=clearCookies status=STARTED method=TS_002_Login_Functionality.clearCookies()[pri:0, instance:testCases.TS_002_Login_Functionality@3291b443] output={null}]
11:48:24.436 [TC_LF_007_verify_email_password_placeholder@0] INFO  c.b.v2.framework.TestNgFramework - Hook Started in PRE key = AFTER_METHOD & hook = {hook_name=clearCookies, hook_result=pending, test_file_path=opencart\src\test\java\testCases\TS_002_Login_Functionality.java, event_started_at=2025-06-03T11:48:24.436640200, hook_id=bdbf9264-ac0a-478d-b515-5a6dfb7fa023, hook_logs=[], key=AFTER_METHOD, custom_metadata={}, test_location=opencart\src\test\java\testCases\TS_002_Login_Functionality.java}  and args = [[TestResult name=clearCookies status=STARTED method=TS_002_Login_Functionality.clearCookies()[pri:0, instance:testCases.TS_002_Login_Functionality@3291b443] output={null}], TS_002_Login_Functionality.clearCookies()[pri:0, instance:testCases.TS_002_Login_Functionality@3291b443]]
11:48:24.436 [TC_LF_007_verify_email_password_placeholder@0] INFO  c.b.v2.framework.TestNgFramework - trackHookEvents: hook state=AFTER_METHOD.HookState.PRE , hooks started={AFTER_METHOD=[{hook_name=clearCookies, hook_result=pending, test_file_path=opencart\src\test\java\testCases\TS_002_Login_Functionality.java, event_started_at=2025-06-03T11:48:24.436640200, hook_id=bdbf9264-ac0a-478d-b515-5a6dfb7fa023, hook_logs=[], key=AFTER_METHOD, custom_metadata={}, test_location=opencart\src\test\java\testCases\TS_002_Login_Functionality.java}]} , hooks finished={AFTER_METHOD=[]}
11:48:24.441 [TC_LF_007_verify_email_password_placeholder@0] INFO  c.b.v2.module.TestHubModule - sendTestFrameworkEvent: event=com.browserstack.v2.eventBus.Event@4e345f32, response=success: true

11:48:24.444 [clearCookies@0] INFO  c.b.v2.module.WebdriverModule - beforeCommandExecute: event=com.browserstack.v2.eventBus.Event@7aa0d9da
11:48:24.444 [clearCookies@0] INFO  c.b.v2.module.WebdriverModule - beforeCommandExecute: event=com.browserstack.v2.eventBus.Event@89e0035
11:48:24.477 [clearCookies@0] INFO  c.b.v2.module.WebdriverModule - afterCommandExecute: event=com.browserstack.v2.eventBus.Event@64bf03db
11:48:24.477 [clearCookies@0] INFO  c.b.v2.module.WebdriverModule - afterCommandExecute: event=com.browserstack.v2.eventBus.Event@38e16f4
11:48:24.477 [clearCookies@0] INFO  c.b.v2.framework.TestNgFramework - trackEvent: found instance, testFrameworkState=TestFrameworkState.AFTER_METHOD hookState=HookState.POST instance=-145149897
11:48:24.477 [clearCookies@0] INFO  c.b.v2.framework.TestNgFramework - trackEvent: track hook events
11:48:24.696 [TC_LF_003_verify_invalid_email_valid_password@1] INFO  c.b.v2.module.WebdriverModule - afterCommandExecute: event=com.browserstack.v2.eventBus.Event@47cb3737
11:48:24.696 [TC_LF_003_verify_invalid_email_valid_password@1] INFO  c.b.v2.module.WebdriverModule - beforeCommandExecute: event=com.browserstack.v2.eventBus.Event@2a01d1f5
11:48:24.709 [clearCookies@0] INFO  c.b.v2.framework.TestNgFramework - args CHECK = [TestResult name=clearCookies status=SUCCESS method=TS_002_Login_Functionality.clearCookies()[pri:0, instance:testCases.TS_002_Login_Functionality@3291b443] output={null}]
11:48:24.710 [clearCookies@0] INFO  c.b.v2.framework.TestNgFramework - Hook List in Post [{hook_name=clearCookies, hook_result=pending, test_file_path=opencart\src\test\java\testCases\TS_002_Login_Functionality.java, event_started_at=2025-06-03T11:48:24.436640200, hook_id=bdbf9264-ac0a-478d-b515-5a6dfb7fa023, hook_logs=[], key=AFTER_METHOD, custom_metadata={}, test_location=opencart\src\test\java\testCases\TS_002_Login_Functionality.java}] and args = [[TestResult name=clearCookies status=SUCCESS method=TS_002_Login_Functionality.clearCookies()[pri:0, instance:testCases.TS_002_Login_Functionality@3291b443] output={null}], TS_002_Login_Functionality.clearCookies()[pri:0, instance:testCases.TS_002_Login_Functionality@3291b443]]
11:48:24.710 [clearCookies@0] INFO  c.b.v2.framework.TestNgFramework - Processing HookLevel attachments from directory: C:\Users\devbase\.browserstack\UploadedAttachments-65\HookLevel
11:48:24.711 [clearCookies@0] INFO  c.b.v2.framework.TestNgFramework - Checking hookLevelFiles: []
11:48:24.711 [clearCookies@0] INFO  c.b.v2.framework.TestNgFramework - checking Paths of files = C:\Users\devbase\.browserstack\UploadedAttachments-65\HookLevel\BuildLevelHookEvent and abs path = C:\Users\devbase\.browserstack\UploadedAttachments-65\HookLevel\BuildLevelHookEvent 
11:48:24.711 [clearCookies@0] INFO  c.b.v2.framework.TestNgFramework - Processing BuildLevelHookEvent attachments from directory: C:\Users\devbase\.browserstack\UploadedAttachments-65\HookLevel\BuildLevelHookEvent
11:48:24.711 [clearCookies@0] INFO  c.b.v2.framework.TestNgFramework - Processing TestLevel attachments eventLogs: []
11:48:24.711 [clearCookies@0] INFO  c.b.v2.framework.TestNgFramework - sendLogCreatedEvent: No Log Events to send
11:48:24.712 [clearCookies@0] INFO  c.b.v2.framework.TestNgFramework - trackHookEvents: hook state=AFTER_METHOD.HookState.POST , hooks started={AFTER_METHOD=[]} , hooks finished={AFTER_METHOD=[{hook_name=clearCookies, hook_result=passed, test_file_path=opencart\src\test\java\testCases\TS_002_Login_Functionality.java, event_started_at=2025-06-03T11:48:24.436640200, hook_id=bdbf9264-ac0a-478d-b515-5a6dfb7fa023, hook_logs=[], logs=[], key=AFTER_METHOD, custom_metadata={}, event_ended_at=2025-06-03T11:48:24.710572200, test_location=opencart\src\test\java\testCases\TS_002_Login_Functionality.java}]}
11:48:24.714 [clearCookies@0] INFO  c.b.v2.module.TestHubModule - sendTestFrameworkEvent: event=com.browserstack.v2.eventBus.Event@688caffd, response=success: true

11:48:24.719 [clearCookies@0] INFO  c.b.v2.framework.TestNgFramework - trackTestNgTest: saved instance contextId=-145149897 target=C:/Users/RPA Base/Projects/opencart/src/test/java/testCases-0@0 instances=[-145148935, -145147973, -145149897]
11:48:24.719 [clearCookies@0] INFO  c.b.v2.framework.TestNgFramework - trackEvent: found instance, testFrameworkState=TestFrameworkState.TEST hookState=HookState.PRE instance=-145149897
11:48:24.733 [TC_LF_003_verify_invalid_email_valid_password@1] INFO  c.b.v2.module.WebdriverModule - afterCommandExecute: event=com.browserstack.v2.eventBus.Event@76d485d8
11:48:24.733 [TC_LF_003_verify_invalid_email_valid_password@1] INFO  c.b.v2.module.WebdriverModule - beforeCommandExecute: event=com.browserstack.v2.eventBus.Event@6a4dde4c
11:48:24.937 [clearCookies@0] INFO  c.b.v2.framework.TestNgFramework - trackEvent: loaded initial test data to instance, testFrameworkState=TestFrameworkState.TEST hookState=HookState.PRE instance=-145149897
11:48:24.937 [clearCookies@0] INFO  c.b.v2.module.WebdriverModule - onBeforeTest: event=com.browserstack.v2.eventBus.Event@39b863b
11:48:24.941 [clearCookies@0] INFO  c.b.v2.module.TestHubModule - sendTestFrameworkEvent: event=com.browserstack.v2.eventBus.Event@39b863b, response=success: true

11:48:24.942 [clearCookies@0] INFO  c.b.v2.module.ObservabilityModule - onBeforeTest: event={instance=com.browserstack.v2.instance.TestFrameworkInstance@7172b4a6, testFrameworkState=TestFrameworkState.TEST, testInstance=com.browserstack.v2.instance.TestFrameworkInstance@7172b4a6, hookState=HookState.PRE}
11:48:24.942 [clearCookies@0] INFO  c.b.v2.module.ObservabilityModule - performO11ySync: Performing O11y Sync
11:48:24.957 [TC_LF_009_verify_login_logout_and_back@0] INFO  c.b.v2.module.WebdriverModule - beforeCommandExecute: event=com.browserstack.v2.eventBus.Event@2cbf004c
11:48:24.985 [TC_LF_009_verify_login_logout_and_back@0] INFO  c.b.v2.module.WebdriverModule - afterCommandExecute: event=com.browserstack.v2.eventBus.Event@478a1899
11:48:24.985 [TC_LF_009_verify_login_logout_and_back@0] INFO  c.b.v2.module.WebdriverModule - beforeCommandExecute: event=com.browserstack.v2.eventBus.Event@376d0324
11:48:25.051 [TC_LF_009_verify_login_logout_and_back@0] INFO  c.b.v2.module.WebdriverModule - afterCommandExecute: event=com.browserstack.v2.eventBus.Event@588dcbac
11:48:25.051 [TC_LF_009_verify_login_logout_and_back@0] INFO  c.b.v2.module.WebdriverModule - beforeCommandExecute: event=com.browserstack.v2.eventBus.Event@40b76ffc
11:48:25.092 [TC_LF_009_verify_login_logout_and_back@0] INFO  c.b.v2.module.WebdriverModule - afterCommandExecute: event=com.browserstack.v2.eventBus.Event@50b330a0
11:48:25.092 [TC_LF_009_verify_login_logout_and_back@0] INFO  c.b.v2.module.WebdriverModule - beforeCommandExecute: event=com.browserstack.v2.eventBus.Event@6b51ea5d
11:48:25.362 [TC_LF_009_verify_login_logout_and_back@0] INFO  c.b.v2.module.WebdriverModule - afterCommandExecute: event=com.browserstack.v2.eventBus.Event@629cd684
11:48:25.362 [TC_LF_009_verify_login_logout_and_back@0] INFO  c.b.v2.module.WebdriverModule - beforeCommandExecute: event=com.browserstack.v2.eventBus.Event@63aff9df
11:48:25.376 [TC_LF_002_verify_invalid_login@2] INFO  c.b.v2.module.WebdriverModule - afterCommandExecute: event=com.browserstack.v2.eventBus.Event@2c3adf79
11:48:25.377 [TC_LF_002_verify_invalid_login@2] INFO  c.b.v2.framework.TestNgFramework - trackEvent: found instance, testFrameworkState=TestFrameworkState.LOG_REPORT hookState=HookState.PRE instance=-145147973
11:48:25.377 [TC_LF_002_verify_invalid_login@2] INFO  c.b.v2.framework.TestNgFramework - trackEvent: found instance, testFrameworkState=TestFrameworkState.LOG_REPORT hookState=HookState.POST instance=-145147973
11:48:25.377 [TC_LF_002_verify_invalid_login@2] INFO  c.b.v2.framework.TestNgFramework - trackEvent: load test results
11:48:25.377 [TC_LF_002_verify_invalid_login@2] INFO  c.b.v2.framework.TestNgFramework - trackEvent: found instance, testFrameworkState=TestFrameworkState.TEST hookState=HookState.POST instance=-145147973
11:48:25.377 [TC_LF_002_verify_invalid_login@2] INFO  c.b.v2.module.WebdriverModule - onAfterTest: event=com.browserstack.v2.eventBus.Event@5bdf7941
11:48:25.403 [TC_LF_009_verify_login_logout_and_back@0] INFO  c.b.v2.module.WebdriverModule - afterCommandExecute: event=com.browserstack.v2.eventBus.Event@23f19cc5
11:48:25.403 [TC_LF_009_verify_login_logout_and_back@0] INFO  c.b.v2.module.WebdriverModule - beforeCommandExecute: event=com.browserstack.v2.eventBus.Event@8e16166
11:48:25.461 [TC_LF_009_verify_login_logout_and_back@0] INFO  c.b.v2.module.WebdriverModule - afterCommandExecute: event=com.browserstack.v2.eventBus.Event@25249359
11:48:25.461 [TC_LF_009_verify_login_logout_and_back@0] INFO  c.b.v2.module.WebdriverModule - beforeCommandExecute: event=com.browserstack.v2.eventBus.Event@652c2da1
11:48:25.499 [TC_LF_009_verify_login_logout_and_back@0] INFO  c.b.v2.module.WebdriverModule - afterCommandExecute: event=com.browserstack.v2.eventBus.Event@4efda7d
11:48:25.499 [TC_LF_009_verify_login_logout_and_back@0] INFO  c.b.v2.module.WebdriverModule - beforeCommandExecute: event=com.browserstack.v2.eventBus.Event@645c4a1c
11:48:25.563 [TC_LF_009_verify_login_logout_and_back@0] INFO  c.b.v2.module.WebdriverModule - afterCommandExecute: event=com.browserstack.v2.eventBus.Event@318e02ad
11:48:25.563 [TC_LF_009_verify_login_logout_and_back@0] INFO  c.b.v2.module.WebdriverModule - beforeCommandExecute: event=com.browserstack.v2.eventBus.Event@5841bc
11:48:25.591 [TC_LF_009_verify_login_logout_and_back@0] INFO  c.b.v2.module.WebdriverModule - afterCommandExecute: event=com.browserstack.v2.eventBus.Event@128977b3
11:48:25.591 [TC_LF_009_verify_login_logout_and_back@0] INFO  c.b.v2.module.WebdriverModule - beforeCommandExecute: event=com.browserstack.v2.eventBus.Event@4dd232d4
11:48:26.156 [TC_LF_003_verify_invalid_email_valid_password@1] INFO  c.b.v2.module.WebdriverModule - afterCommandExecute: event=com.browserstack.v2.eventBus.Event@736a3c8e
11:48:26.156 [TC_LF_003_verify_invalid_email_valid_password@1] INFO  c.b.v2.module.WebdriverModule - beforeCommandExecute: event=com.browserstack.v2.eventBus.Event@69d46090
11:48:26.186 [TC_LF_003_verify_invalid_email_valid_password@1] INFO  c.b.v2.module.WebdriverModule - afterCommandExecute: event=com.browserstack.v2.eventBus.Event@690d5283
11:48:26.186 [TC_LF_003_verify_invalid_email_valid_password@1] INFO  c.b.v2.module.WebdriverModule - beforeCommandExecute: event=com.browserstack.v2.eventBus.Event@192d9069
11:48:26.215 [TC_LF_003_verify_invalid_email_valid_password@1] INFO  c.b.v2.module.WebdriverModule - afterCommandExecute: event=com.browserstack.v2.eventBus.Event@3d50dff4
11:48:26.216 [TC_LF_003_verify_invalid_email_valid_password@1] INFO  c.b.v2.framework.TestNgFramework - trackEvent: found instance, testFrameworkState=TestFrameworkState.LOG_REPORT hookState=HookState.PRE instance=-145148935
11:48:26.216 [TC_LF_003_verify_invalid_email_valid_password@1] INFO  c.b.v2.framework.TestNgFramework - trackEvent: found instance, testFrameworkState=TestFrameworkState.LOG_REPORT hookState=HookState.POST instance=-145148935
11:48:26.216 [TC_LF_003_verify_invalid_email_valid_password@1] INFO  c.b.v2.framework.TestNgFramework - trackEvent: load test results
11:48:26.216 [TC_LF_003_verify_invalid_email_valid_password@1] INFO  c.b.v2.framework.TestNgFramework - trackEvent: found instance, testFrameworkState=TestFrameworkState.TEST hookState=HookState.POST instance=-145148935
11:48:26.216 [TC_LF_003_verify_invalid_email_valid_password@1] INFO  c.b.v2.module.WebdriverModule - onAfterTest: event=com.browserstack.v2.eventBus.Event@70d78814
11:48:26.333 [TC_LF_002_verify_invalid_login@2] ERROR c.b.utils.SeleniumMethodUtils - Done for sessionid 16c0a30a0fb02a2055b26186b717279d4c25e1d6
11:48:26.563 [TC_LF_003_verify_invalid_email_valid_password@1] ERROR c.b.utils.SeleniumMethodUtils - Done for sessionid 9222f9ba4e3bcd407480d43b61eea7b584cd0403
11:48:26.679 [TC_LF_002_verify_invalid_login@2] INFO  c.b.v2.module.TestHubModule - onAfterTest: event={com.browserstack.v2.eventBus.Event@5bdf7941}
11:48:26.687 [TC_LF_002_verify_invalid_login@2] INFO  c.b.v2.module.TestHubModule - sendTestSessionEvent: event=com.browserstack.v2.eventBus.Event@5bdf7941, response=success: true

11:48:26.692 [TC_LF_002_verify_invalid_login@2] INFO  c.b.v2.module.TestHubModule - sendTestFrameworkEvent: event=com.browserstack.v2.eventBus.Event@5bdf7941, response=success: true

11:48:26.696 [TC_LF_002_verify_invalid_login@2] INFO  c.b.v2.framework.TestNgFramework - trackEvent: found instance, testFrameworkState=TestFrameworkState.AFTER_METHOD hookState=HookState.PRE instance=-145147973
11:48:26.696 [TC_LF_002_verify_invalid_login@2] INFO  c.b.v2.framework.TestNgFramework - trackEvent: track hook events
11:48:26.722 [TC_LF_009_verify_login_logout_and_back@0] INFO  c.b.v2.module.WebdriverModule - afterCommandExecute: event=com.browserstack.v2.eventBus.Event@bbce3ea
11:48:26.723 [TC_LF_009_verify_login_logout_and_back@0] INFO  c.b.v2.module.WebdriverModule - beforeCommandExecute: event=com.browserstack.v2.eventBus.Event@c3fa455
11:48:26.723 [TC_LF_009_verify_login_logout_and_back@0] INFO  c.b.v2.module.WebdriverModule - beforeCommandExecute: event=com.browserstack.v2.eventBus.Event@75317bba
11:48:26.780 [TC_LF_009_verify_login_logout_and_back@0] INFO  c.b.v2.module.WebdriverModule - afterCommandExecute: event=com.browserstack.v2.eventBus.Event@587986ce
11:48:26.780 [TC_LF_009_verify_login_logout_and_back@0] INFO  c.b.v2.module.WebdriverModule - afterCommandExecute: event=com.browserstack.v2.eventBus.Event@98da744
11:48:26.780 [TC_LF_009_verify_login_logout_and_back@0] INFO  c.b.v2.module.WebdriverModule - beforeCommandExecute: event=com.browserstack.v2.eventBus.Event@4bb90d29
11:48:26.811 [TC_LF_009_verify_login_logout_and_back@0] INFO  c.b.v2.module.WebdriverModule - afterCommandExecute: event=com.browserstack.v2.eventBus.Event@45e68672
11:48:26.811 [TC_LF_009_verify_login_logout_and_back@0] INFO  c.b.v2.module.WebdriverModule - beforeCommandExecute: event=com.browserstack.v2.eventBus.Event@33badcca
11:48:26.904 [TC_LF_003_verify_invalid_email_valid_password@1] INFO  c.b.v2.module.TestHubModule - onAfterTest: event={com.browserstack.v2.eventBus.Event@70d78814}
11:48:26.908 [TC_LF_003_verify_invalid_email_valid_password@1] INFO  c.b.v2.module.TestHubModule - sendTestSessionEvent: event=com.browserstack.v2.eventBus.Event@70d78814, response=success: true

11:48:26.913 [TC_LF_003_verify_invalid_email_valid_password@1] INFO  c.b.v2.module.TestHubModule - sendTestFrameworkEvent: event=com.browserstack.v2.eventBus.Event@70d78814, response=success: true

11:48:26.916 [TC_LF_003_verify_invalid_email_valid_password@1] INFO  c.b.v2.framework.TestNgFramework - trackEvent: found instance, testFrameworkState=TestFrameworkState.AFTER_METHOD hookState=HookState.PRE instance=-145148935
11:48:26.916 [TC_LF_003_verify_invalid_email_valid_password@1] INFO  c.b.v2.framework.TestNgFramework - trackEvent: track hook events
11:48:26.925 [TC_LF_002_verify_invalid_login@2] INFO  c.b.v2.framework.TestNgFramework - args CHECK = [TestResult name=clearCookies status=STARTED method=TS_002_Login_Functionality.clearCookies()[pri:0, instance:testCases.TS_002_Login_Functionality@440e3ce6] output={null}]
11:48:26.925 [TC_LF_002_verify_invalid_login@2] INFO  c.b.v2.framework.TestNgFramework - Hook Started in PRE key = AFTER_METHOD & hook = {hook_name=clearCookies, hook_result=pending, test_file_path=opencart\src\test\java\testCases\TS_002_Login_Functionality.java, event_started_at=2025-06-03T11:48:26.925891100, hook_id=47c92d8b-fce9-4aa1-8569-99123c3fe29f, hook_logs=[], key=AFTER_METHOD, custom_metadata={}, test_location=opencart\src\test\java\testCases\TS_002_Login_Functionality.java}  and args = [[TestResult name=clearCookies status=STARTED method=TS_002_Login_Functionality.clearCookies()[pri:0, instance:testCases.TS_002_Login_Functionality@440e3ce6] output={null}], TS_002_Login_Functionality.clearCookies()[pri:0, instance:testCases.TS_002_Login_Functionality@440e3ce6]]
11:48:26.925 [TC_LF_002_verify_invalid_login@2] INFO  c.b.v2.framework.TestNgFramework - trackHookEvents: hook state=AFTER_METHOD.HookState.PRE , hooks started={AFTER_METHOD=[{hook_name=clearCookies, hook_result=pending, test_file_path=opencart\src\test\java\testCases\TS_002_Login_Functionality.java, event_started_at=2025-06-03T11:48:26.925891100, hook_id=47c92d8b-fce9-4aa1-8569-99123c3fe29f, hook_logs=[], key=AFTER_METHOD, custom_metadata={}, test_location=opencart\src\test\java\testCases\TS_002_Login_Functionality.java}]} , hooks finished={AFTER_METHOD=[]}
11:48:26.929 [TC_LF_002_verify_invalid_login@2] INFO  c.b.v2.module.TestHubModule - sendTestFrameworkEvent: event=com.browserstack.v2.eventBus.Event@7a37f6c3, response=success: true

11:48:26.930 [clearCookies@2] INFO  c.b.v2.module.WebdriverModule - beforeCommandExecute: event=com.browserstack.v2.eventBus.Event@21fc70e3
11:48:26.930 [clearCookies@2] INFO  c.b.v2.module.WebdriverModule - beforeCommandExecute: event=com.browserstack.v2.eventBus.Event@251a9e57
11:48:27.026 [clearCookies@2] INFO  c.b.v2.module.WebdriverModule - afterCommandExecute: event=com.browserstack.v2.eventBus.Event@60dee5d9
11:48:27.026 [clearCookies@2] INFO  c.b.v2.module.WebdriverModule - afterCommandExecute: event=com.browserstack.v2.eventBus.Event@6c11f79c
11:48:27.026 [clearCookies@2] INFO  c.b.v2.framework.TestNgFramework - trackEvent: found instance, testFrameworkState=TestFrameworkState.AFTER_METHOD hookState=HookState.POST instance=-145147973
11:48:27.026 [clearCookies@2] INFO  c.b.v2.framework.TestNgFramework - trackEvent: track hook events
11:48:27.111 [TC_LF_009_verify_login_logout_and_back@0] INFO  c.b.v2.module.WebdriverModule - afterCommandExecute: event=com.browserstack.v2.eventBus.Event@30acbc1e
11:48:27.111 [TC_LF_009_verify_login_logout_and_back@0] INFO  c.b.v2.module.WebdriverModule - beforeCommandExecute: event=com.browserstack.v2.eventBus.Event@32199f18
11:48:27.138 [TC_LF_009_verify_login_logout_and_back@0] INFO  c.b.v2.module.WebdriverModule - afterCommandExecute: event=com.browserstack.v2.eventBus.Event@3e7913a8
11:48:27.138 [TC_LF_009_verify_login_logout_and_back@0] INFO  c.b.v2.module.WebdriverModule - beforeCommandExecute: event=com.browserstack.v2.eventBus.Event@392228bc
11:48:27.151 [TC_LF_003_verify_invalid_email_valid_password@1] INFO  c.b.v2.framework.TestNgFramework - args CHECK = [TestResult name=clearCookies status=STARTED method=TS_002_Login_Functionality.clearCookies()[pri:0, instance:testCases.TS_002_Login_Functionality@4aa21f9d] output={null}]
11:48:27.152 [TC_LF_003_verify_invalid_email_valid_password@1] INFO  c.b.v2.framework.TestNgFramework - Hook Started in PRE key = AFTER_METHOD & hook = {hook_name=clearCookies, hook_result=pending, test_file_path=opencart\src\test\java\testCases\TS_002_Login_Functionality.java, event_started_at=2025-06-03T11:48:27.152555400, hook_id=dc185602-e728-4924-a23d-242de06d5a12, hook_logs=[], key=AFTER_METHOD, custom_metadata={}, test_location=opencart\src\test\java\testCases\TS_002_Login_Functionality.java}  and args = [[TestResult name=clearCookies status=STARTED method=TS_002_Login_Functionality.clearCookies()[pri:0, instance:testCases.TS_002_Login_Functionality@4aa21f9d] output={null}], TS_002_Login_Functionality.clearCookies()[pri:0, instance:testCases.TS_002_Login_Functionality@4aa21f9d]]
11:48:27.152 [TC_LF_003_verify_invalid_email_valid_password@1] INFO  c.b.v2.framework.TestNgFramework - trackHookEvents: hook state=AFTER_METHOD.HookState.PRE , hooks started={AFTER_METHOD=[{hook_name=clearCookies, hook_result=pending, test_file_path=opencart\src\test\java\testCases\TS_002_Login_Functionality.java, event_started_at=2025-06-03T11:48:27.152555400, hook_id=dc185602-e728-4924-a23d-242de06d5a12, hook_logs=[], key=AFTER_METHOD, custom_metadata={}, test_location=opencart\src\test\java\testCases\TS_002_Login_Functionality.java}]} , hooks finished={AFTER_METHOD=[]}
11:48:27.155 [TC_LF_003_verify_invalid_email_valid_password@1] INFO  c.b.v2.module.TestHubModule - sendTestFrameworkEvent: event=com.browserstack.v2.eventBus.Event@624cd6ed, response=success: true

11:48:27.156 [clearCookies@1] INFO  c.b.v2.module.WebdriverModule - beforeCommandExecute: event=com.browserstack.v2.eventBus.Event@421d0b27
11:48:27.156 [clearCookies@1] INFO  c.b.v2.module.WebdriverModule - beforeCommandExecute: event=com.browserstack.v2.eventBus.Event@7decdbc7
11:48:27.206 [TC_LF_009_verify_login_logout_and_back@0] INFO  c.b.v2.module.WebdriverModule - afterCommandExecute: event=com.browserstack.v2.eventBus.Event@97dae11
11:48:27.206 [TC_LF_009_verify_login_logout_and_back@0] INFO  c.b.v2.module.WebdriverModule - beforeCommandExecute: event=com.browserstack.v2.eventBus.Event@7c8bf740
11:48:27.212 [clearCookies@1] INFO  c.b.v2.module.WebdriverModule - afterCommandExecute: event=com.browserstack.v2.eventBus.Event@79938129
11:48:27.212 [clearCookies@1] INFO  c.b.v2.module.WebdriverModule - afterCommandExecute: event=com.browserstack.v2.eventBus.Event@19678170
11:48:27.212 [clearCookies@1] INFO  c.b.v2.framework.TestNgFramework - trackEvent: found instance, testFrameworkState=TestFrameworkState.AFTER_METHOD hookState=HookState.POST instance=-145148935
11:48:27.212 [clearCookies@1] INFO  c.b.v2.framework.TestNgFramework - trackEvent: track hook events
11:48:27.247 [clearCookies@2] INFO  c.b.v2.framework.TestNgFramework - args CHECK = [TestResult name=clearCookies status=SUCCESS method=TS_002_Login_Functionality.clearCookies()[pri:0, instance:testCases.TS_002_Login_Functionality@440e3ce6] output={null}]
11:48:27.247 [clearCookies@2] INFO  c.b.v2.framework.TestNgFramework - Hook List in Post [{hook_name=clearCookies, hook_result=pending, test_file_path=opencart\src\test\java\testCases\TS_002_Login_Functionality.java, event_started_at=2025-06-03T11:48:26.925891100, hook_id=47c92d8b-fce9-4aa1-8569-99123c3fe29f, hook_logs=[], key=AFTER_METHOD, custom_metadata={}, test_location=opencart\src\test\java\testCases\TS_002_Login_Functionality.java}] and args = [[TestResult name=clearCookies status=SUCCESS method=TS_002_Login_Functionality.clearCookies()[pri:0, instance:testCases.TS_002_Login_Functionality@440e3ce6] output={null}], TS_002_Login_Functionality.clearCookies()[pri:0, instance:testCases.TS_002_Login_Functionality@440e3ce6]]
11:48:27.247 [clearCookies@2] INFO  c.b.v2.framework.TestNgFramework - Processing HookLevel attachments from directory: C:\Users\devbase\.browserstack\UploadedAttachments-67\HookLevel
11:48:27.247 [clearCookies@2] INFO  c.b.v2.framework.TestNgFramework - Checking hookLevelFiles: []
11:48:27.247 [clearCookies@2] INFO  c.b.v2.framework.TestNgFramework - checking Paths of files = C:\Users\devbase\.browserstack\UploadedAttachments-67\HookLevel\BuildLevelHookEvent and abs path = C:\Users\devbase\.browserstack\UploadedAttachments-67\HookLevel\BuildLevelHookEvent 
11:48:27.248 [clearCookies@2] INFO  c.b.v2.framework.TestNgFramework - Processing BuildLevelHookEvent attachments from directory: C:\Users\devbase\.browserstack\UploadedAttachments-67\HookLevel\BuildLevelHookEvent
11:48:27.248 [clearCookies@2] INFO  c.b.v2.framework.TestNgFramework - Processing TestLevel attachments eventLogs: []
11:48:27.248 [clearCookies@2] INFO  c.b.v2.framework.TestNgFramework - sendLogCreatedEvent: No Log Events to send
11:48:27.248 [clearCookies@2] INFO  c.b.v2.framework.TestNgFramework - trackHookEvents: hook state=AFTER_METHOD.HookState.POST , hooks started={AFTER_METHOD=[]} , hooks finished={AFTER_METHOD=[{hook_name=clearCookies, hook_result=passed, test_file_path=opencart\src\test\java\testCases\TS_002_Login_Functionality.java, event_started_at=2025-06-03T11:48:26.925891100, hook_id=47c92d8b-fce9-4aa1-8569-99123c3fe29f, hook_logs=[], logs=[], key=AFTER_METHOD, custom_metadata={}, event_ended_at=2025-06-03T11:48:27.247810700, test_location=opencart\src\test\java\testCases\TS_002_Login_Functionality.java}]}
11:48:27.252 [TC_LF_009_verify_login_logout_and_back@0] INFO  c.b.v2.module.WebdriverModule - afterCommandExecute: event=com.browserstack.v2.eventBus.Event@179ef7cf
11:48:27.252 [clearCookies@2] INFO  c.b.v2.module.TestHubModule - sendTestFrameworkEvent: event=com.browserstack.v2.eventBus.Event@2b9847a2, response=success: true

11:48:27.252 [TC_LF_009_verify_login_logout_and_back@0] INFO  c.b.v2.module.WebdriverModule - beforeCommandExecute: event=com.browserstack.v2.eventBus.Event@4f91e53c
11:48:27.256 [clearCookies@2] INFO  c.b.v2.framework.TestNgFramework - trackTestNgTest: saved instance contextId=-145147973 target=C:/Users/RPA Base/Projects/opencart/src/test/java/testCases-2@2 instances=[-145148935, -145147973, -145149897]
11:48:27.256 [clearCookies@2] INFO  c.b.v2.framework.TestNgFramework - trackEvent: found instance, testFrameworkState=TestFrameworkState.TEST hookState=HookState.PRE instance=-145147973
11:48:27.446 [clearCookies@1] INFO  c.b.v2.framework.TestNgFramework - args CHECK = [TestResult name=clearCookies status=SUCCESS method=TS_002_Login_Functionality.clearCookies()[pri:0, instance:testCases.TS_002_Login_Functionality@4aa21f9d] output={null}]
11:48:27.446 [clearCookies@1] INFO  c.b.v2.framework.TestNgFramework - Hook List in Post [{hook_name=clearCookies, hook_result=pending, test_file_path=opencart\src\test\java\testCases\TS_002_Login_Functionality.java, event_started_at=2025-06-03T11:48:27.152555400, hook_id=dc185602-e728-4924-a23d-242de06d5a12, hook_logs=[], key=AFTER_METHOD, custom_metadata={}, test_location=opencart\src\test\java\testCases\TS_002_Login_Functionality.java}] and args = [[TestResult name=clearCookies status=SUCCESS method=TS_002_Login_Functionality.clearCookies()[pri:0, instance:testCases.TS_002_Login_Functionality@4aa21f9d] output={null}], TS_002_Login_Functionality.clearCookies()[pri:0, instance:testCases.TS_002_Login_Functionality@4aa21f9d]]
11:48:27.446 [clearCookies@1] INFO  c.b.v2.framework.TestNgFramework - Processing HookLevel attachments from directory: C:\Users\devbase\.browserstack\UploadedAttachments-66\HookLevel
11:48:27.446 [clearCookies@1] INFO  c.b.v2.framework.TestNgFramework - Checking hookLevelFiles: []
11:48:27.446 [clearCookies@1] INFO  c.b.v2.framework.TestNgFramework - checking Paths of files = C:\Users\devbase\.browserstack\UploadedAttachments-66\HookLevel\BuildLevelHookEvent and abs path = C:\Users\devbase\.browserstack\UploadedAttachments-66\HookLevel\BuildLevelHookEvent 
11:48:27.446 [clearCookies@1] INFO  c.b.v2.framework.TestNgFramework - Processing BuildLevelHookEvent attachments from directory: C:\Users\devbase\.browserstack\UploadedAttachments-66\HookLevel\BuildLevelHookEvent
11:48:27.446 [clearCookies@1] INFO  c.b.v2.framework.TestNgFramework - Processing TestLevel attachments eventLogs: []
11:48:27.446 [clearCookies@1] INFO  c.b.v2.framework.TestNgFramework - sendLogCreatedEvent: No Log Events to send
11:48:27.447 [clearCookies@1] INFO  c.b.v2.framework.TestNgFramework - trackHookEvents: hook state=AFTER_METHOD.HookState.POST , hooks started={AFTER_METHOD=[]} , hooks finished={AFTER_METHOD=[{hook_name=clearCookies, hook_result=passed, test_file_path=opencart\src\test\java\testCases\TS_002_Login_Functionality.java, event_started_at=2025-06-03T11:48:27.152555400, hook_id=dc185602-e728-4924-a23d-242de06d5a12, hook_logs=[], logs=[], key=AFTER_METHOD, custom_metadata={}, event_ended_at=2025-06-03T11:48:27.446891600, test_location=opencart\src\test\java\testCases\TS_002_Login_Functionality.java}]}
11:48:27.449 [clearCookies@1] INFO  c.b.v2.module.TestHubModule - sendTestFrameworkEvent: event=com.browserstack.v2.eventBus.Event@68960033, response=success: true

11:48:27.454 [clearCookies@1] INFO  c.b.v2.framework.TestNgFramework - trackTestNgTest: saved instance contextId=-145148935 target=C:/Users/RPA Base/Projects/opencart/src/test/java/testCases-1@1 instances=[-145148935, -145147973, -145149897]
11:48:27.454 [clearCookies@1] INFO  c.b.v2.framework.TestNgFramework - trackEvent: found instance, testFrameworkState=TestFrameworkState.TEST hookState=HookState.PRE instance=-145148935
11:48:27.491 [clearCookies@2] INFO  c.b.v2.framework.TestNgFramework - trackEvent: loaded initial test data to instance, testFrameworkState=TestFrameworkState.TEST hookState=HookState.PRE instance=-145147973
11:48:27.491 [clearCookies@2] INFO  c.b.v2.module.WebdriverModule - onBeforeTest: event=com.browserstack.v2.eventBus.Event@6b6bec1f
11:48:27.494 [clearCookies@2] INFO  c.b.v2.module.TestHubModule - sendTestFrameworkEvent: event=com.browserstack.v2.eventBus.Event@6b6bec1f, response=success: true

11:48:27.496 [clearCookies@2] INFO  c.b.v2.module.ObservabilityModule - onBeforeTest: event={instance=com.browserstack.v2.instance.TestFrameworkInstance@549ea323, testFrameworkState=TestFrameworkState.TEST, testInstance=com.browserstack.v2.instance.TestFrameworkInstance@549ea323, hookState=HookState.PRE}
11:48:27.496 [clearCookies@2] INFO  c.b.v2.module.ObservabilityModule - performO11ySync: Performing O11y Sync
11:48:27.520 [TC_LF_003_verify_invalid_email_valid_password@2] INFO  c.b.v2.module.WebdriverModule - beforeCommandExecute: event=com.browserstack.v2.eventBus.Event@7bd07241
11:48:27.618 [TC_LF_003_verify_invalid_email_valid_password@2] INFO  c.b.v2.module.WebdriverModule - afterCommandExecute: event=com.browserstack.v2.eventBus.Event@5ca95c80
11:48:27.618 [TC_LF_003_verify_invalid_email_valid_password@2] INFO  c.b.v2.module.WebdriverModule - beforeCommandExecute: event=com.browserstack.v2.eventBus.Event@4bfbb254
11:48:27.668 [clearCookies@1] INFO  c.b.v2.framework.TestNgFramework - trackEvent: loaded initial test data to instance, testFrameworkState=TestFrameworkState.TEST hookState=HookState.PRE instance=-145148935
11:48:27.668 [clearCookies@1] INFO  c.b.v2.module.WebdriverModule - onBeforeTest: event=com.browserstack.v2.eventBus.Event@b1ea0ed
11:48:27.671 [clearCookies@1] INFO  c.b.v2.module.TestHubModule - sendTestFrameworkEvent: event=com.browserstack.v2.eventBus.Event@b1ea0ed, response=success: true

11:48:27.672 [clearCookies@1] INFO  c.b.v2.module.ObservabilityModule - onBeforeTest: event={instance=com.browserstack.v2.instance.TestFrameworkInstance@4b0f3562, testFrameworkState=TestFrameworkState.TEST, testInstance=com.browserstack.v2.instance.TestFrameworkInstance@4b0f3562, hookState=HookState.PRE}
11:48:27.672 [clearCookies@1] INFO  c.b.v2.module.ObservabilityModule - performO11ySync: Performing O11y Sync
11:48:27.689 [TC_LF_004_verify_valid_email_invalid_password@1] INFO  c.b.v2.module.WebdriverModule - beforeCommandExecute: event=com.browserstack.v2.eventBus.Event@4051ae27
11:48:27.710 [TC_LF_009_verify_login_logout_and_back@0] INFO  c.b.v2.module.WebdriverModule - afterCommandExecute: event=com.browserstack.v2.eventBus.Event@65d10bb5
11:48:27.710 [TC_LF_009_verify_login_logout_and_back@0] INFO  c.b.v2.module.WebdriverModule - beforeCommandExecute: event=com.browserstack.v2.eventBus.Event@7ca856fd
11:48:27.714 [TC_LF_004_verify_valid_email_invalid_password@1] INFO  c.b.v2.module.WebdriverModule - afterCommandExecute: event=com.browserstack.v2.eventBus.Event@755a4e93
11:48:27.714 [TC_LF_004_verify_valid_email_invalid_password@1] INFO  c.b.v2.module.WebdriverModule - beforeCommandExecute: event=com.browserstack.v2.eventBus.Event@6686968f
11:48:27.747 [TC_LF_009_verify_login_logout_and_back@0] INFO  c.b.v2.module.WebdriverModule - afterCommandExecute: event=com.browserstack.v2.eventBus.Event@1c27cc83
11:48:27.747 [TC_LF_009_verify_login_logout_and_back@0] INFO  c.b.v2.module.WebdriverModule - beforeCommandExecute: event=com.browserstack.v2.eventBus.Event@4e0bdec0
11:48:27.777 [TC_LF_009_verify_login_logout_and_back@0] INFO  c.b.v2.module.WebdriverModule - afterCommandExecute: event=com.browserstack.v2.eventBus.Event@30a3e8d4
11:48:27.777 [TC_LF_009_verify_login_logout_and_back@0] INFO  c.b.v2.framework.TestNgFramework - trackEvent: found instance, testFrameworkState=TestFrameworkState.LOG_REPORT hookState=HookState.PRE instance=-145149897
11:48:27.777 [TC_LF_009_verify_login_logout_and_back@0] INFO  c.b.v2.framework.TestNgFramework - trackEvent: found instance, testFrameworkState=TestFrameworkState.LOG_REPORT hookState=HookState.POST instance=-145149897
11:48:27.777 [TC_LF_009_verify_login_logout_and_back@0] INFO  c.b.v2.framework.TestNgFramework - trackEvent: load test results
11:48:27.777 [TC_LF_009_verify_login_logout_and_back@0] INFO  c.b.v2.framework.TestNgFramework - trackEvent: found instance, testFrameworkState=TestFrameworkState.TEST hookState=HookState.POST instance=-145149897
11:48:27.777 [TC_LF_009_verify_login_logout_and_back@0] INFO  c.b.v2.module.WebdriverModule - onAfterTest: event=com.browserstack.v2.eventBus.Event@75d51967
11:48:28.033 [TC_LF_004_verify_valid_email_invalid_password@1] INFO  c.b.v2.module.WebdriverModule - afterCommandExecute: event=com.browserstack.v2.eventBus.Event@322356f9
11:48:28.033 [TC_LF_004_verify_valid_email_invalid_password@1] INFO  c.b.v2.module.WebdriverModule - beforeCommandExecute: event=com.browserstack.v2.eventBus.Event@251eb6cf
11:48:28.080 [TC_LF_004_verify_valid_email_invalid_password@1] INFO  c.b.v2.module.WebdriverModule - afterCommandExecute: event=com.browserstack.v2.eventBus.Event@5a17f7c4
11:48:28.080 [TC_LF_004_verify_valid_email_invalid_password@1] INFO  c.b.v2.module.WebdriverModule - beforeCommandExecute: event=com.browserstack.v2.eventBus.Event@5129d20e
11:48:28.106 [TC_LF_009_verify_login_logout_and_back@0] ERROR c.b.utils.SeleniumMethodUtils - Done for sessionid c45a53cd53655682349941b7b9b03114175b3da1
11:48:28.457 [TC_LF_009_verify_login_logout_and_back@0] INFO  c.b.v2.module.TestHubModule - onAfterTest: event={com.browserstack.v2.eventBus.Event@75d51967}
11:48:28.462 [TC_LF_009_verify_login_logout_and_back@0] INFO  c.b.v2.module.TestHubModule - sendTestSessionEvent: event=com.browserstack.v2.eventBus.Event@75d51967, response=success: true

11:48:28.467 [TC_LF_009_verify_login_logout_and_back@0] INFO  c.b.v2.module.TestHubModule - sendTestFrameworkEvent: event=com.browserstack.v2.eventBus.Event@75d51967, response=success: true

11:48:28.470 [TC_LF_009_verify_login_logout_and_back@0] INFO  c.b.v2.framework.TestNgFramework - trackEvent: found instance, testFrameworkState=TestFrameworkState.AFTER_METHOD hookState=HookState.PRE instance=-145149897
11:48:28.470 [TC_LF_009_verify_login_logout_and_back@0] INFO  c.b.v2.framework.TestNgFramework - trackEvent: track hook events
11:48:28.633 [TC_LF_004_verify_valid_email_invalid_password@1] INFO  c.b.v2.module.WebdriverModule - afterCommandExecute: event=com.browserstack.v2.eventBus.Event@1a01b0bf
11:48:28.633 [TC_LF_004_verify_valid_email_invalid_password@1] INFO  c.b.v2.module.WebdriverModule - beforeCommandExecute: event=com.browserstack.v2.eventBus.Event@55e7d748
11:48:28.673 [TC_LF_004_verify_valid_email_invalid_password@1] INFO  c.b.v2.module.WebdriverModule - afterCommandExecute: event=com.browserstack.v2.eventBus.Event@6e4f2ee0
11:48:28.674 [TC_LF_004_verify_valid_email_invalid_password@1] INFO  c.b.v2.module.WebdriverModule - beforeCommandExecute: event=com.browserstack.v2.eventBus.Event@753e3d3d
11:48:28.711 [TC_LF_009_verify_login_logout_and_back@0] INFO  c.b.v2.framework.TestNgFramework - args CHECK = [TestResult name=clearCookies status=STARTED method=TS_002_Login_Functionality.clearCookies()[pri:0, instance:testCases.TS_002_Login_Functionality@3291b443] output={null}]
11:48:28.711 [TC_LF_009_verify_login_logout_and_back@0] INFO  c.b.v2.framework.TestNgFramework - Hook Started in PRE key = AFTER_METHOD & hook = {hook_name=clearCookies, hook_result=pending, test_file_path=opencart\src\test\java\testCases\TS_002_Login_Functionality.java, event_started_at=2025-06-03T11:48:28.711880800, hook_id=8d8cdc0f-793c-455e-b270-64bd7d2b0543, hook_logs=[], key=AFTER_METHOD, custom_metadata={}, test_location=opencart\src\test\java\testCases\TS_002_Login_Functionality.java}  and args = [[TestResult name=clearCookies status=STARTED method=TS_002_Login_Functionality.clearCookies()[pri:0, instance:testCases.TS_002_Login_Functionality@3291b443] output={null}], TS_002_Login_Functionality.clearCookies()[pri:0, instance:testCases.TS_002_Login_Functionality@3291b443]]
11:48:28.711 [TC_LF_009_verify_login_logout_and_back@0] INFO  c.b.v2.framework.TestNgFramework - trackHookEvents: hook state=AFTER_METHOD.HookState.PRE , hooks started={AFTER_METHOD=[{hook_name=clearCookies, hook_result=pending, test_file_path=opencart\src\test\java\testCases\TS_002_Login_Functionality.java, event_started_at=2025-06-03T11:48:28.711880800, hook_id=8d8cdc0f-793c-455e-b270-64bd7d2b0543, hook_logs=[], key=AFTER_METHOD, custom_metadata={}, test_location=opencart\src\test\java\testCases\TS_002_Login_Functionality.java}]} , hooks finished={AFTER_METHOD=[]}
11:48:28.715 [TC_LF_009_verify_login_logout_and_back@0] INFO  c.b.v2.module.TestHubModule - sendTestFrameworkEvent: event=com.browserstack.v2.eventBus.Event@74d08c59, response=success: true

11:48:28.716 [clearCookies@0] INFO  c.b.v2.module.WebdriverModule - beforeCommandExecute: event=com.browserstack.v2.eventBus.Event@2b4ef9b2
11:48:28.716 [clearCookies@0] INFO  c.b.v2.module.WebdriverModule - beforeCommandExecute: event=com.browserstack.v2.eventBus.Event@91fee02
11:48:28.777 [clearCookies@0] INFO  c.b.v2.module.WebdriverModule - afterCommandExecute: event=com.browserstack.v2.eventBus.Event@79dd193c
11:48:28.777 [clearCookies@0] INFO  c.b.v2.module.WebdriverModule - afterCommandExecute: event=com.browserstack.v2.eventBus.Event@2815d18b
11:48:28.778 [clearCookies@0] INFO  c.b.v2.framework.TestNgFramework - trackEvent: found instance, testFrameworkState=TestFrameworkState.AFTER_METHOD hookState=HookState.POST instance=-145149897
11:48:28.778 [clearCookies@0] INFO  c.b.v2.framework.TestNgFramework - trackEvent: track hook events
11:48:28.988 [clearCookies@0] INFO  c.b.v2.framework.TestNgFramework - args CHECK = [TestResult name=clearCookies status=SUCCESS method=TS_002_Login_Functionality.clearCookies()[pri:0, instance:testCases.TS_002_Login_Functionality@3291b443] output={null}]
11:48:28.988 [clearCookies@0] INFO  c.b.v2.framework.TestNgFramework - Hook List in Post [{hook_name=clearCookies, hook_result=pending, test_file_path=opencart\src\test\java\testCases\TS_002_Login_Functionality.java, event_started_at=2025-06-03T11:48:28.711880800, hook_id=8d8cdc0f-793c-455e-b270-64bd7d2b0543, hook_logs=[], key=AFTER_METHOD, custom_metadata={}, test_location=opencart\src\test\java\testCases\TS_002_Login_Functionality.java}] and args = [[TestResult name=clearCookies status=SUCCESS method=TS_002_Login_Functionality.clearCookies()[pri:0, instance:testCases.TS_002_Login_Functionality@3291b443] output={null}], TS_002_Login_Functionality.clearCookies()[pri:0, instance:testCases.TS_002_Login_Functionality@3291b443]]
11:48:28.988 [clearCookies@0] INFO  c.b.v2.framework.TestNgFramework - Processing HookLevel attachments from directory: C:\Users\devbase\.browserstack\UploadedAttachments-65\HookLevel
11:48:28.988 [clearCookies@0] INFO  c.b.v2.framework.TestNgFramework - Checking hookLevelFiles: []
11:48:28.989 [clearCookies@0] INFO  c.b.v2.framework.TestNgFramework - checking Paths of files = C:\Users\devbase\.browserstack\UploadedAttachments-65\HookLevel\BuildLevelHookEvent and abs path = C:\Users\devbase\.browserstack\UploadedAttachments-65\HookLevel\BuildLevelHookEvent 
11:48:28.989 [clearCookies@0] INFO  c.b.v2.framework.TestNgFramework - Processing BuildLevelHookEvent attachments from directory: C:\Users\devbase\.browserstack\UploadedAttachments-65\HookLevel\BuildLevelHookEvent
11:48:28.989 [clearCookies@0] INFO  c.b.v2.framework.TestNgFramework - Processing TestLevel attachments eventLogs: []
11:48:28.989 [clearCookies@0] INFO  c.b.v2.framework.TestNgFramework - sendLogCreatedEvent: No Log Events to send
11:48:28.989 [clearCookies@0] INFO  c.b.v2.framework.TestNgFramework - trackHookEvents: hook state=AFTER_METHOD.HookState.POST , hooks started={AFTER_METHOD=[]} , hooks finished={AFTER_METHOD=[{hook_name=clearCookies, hook_result=passed, test_file_path=opencart\src\test\java\testCases\TS_002_Login_Functionality.java, event_started_at=2025-06-03T11:48:28.711880800, hook_id=8d8cdc0f-793c-455e-b270-64bd7d2b0543, hook_logs=[], logs=[], key=AFTER_METHOD, custom_metadata={}, event_ended_at=2025-06-03T11:48:28.988367700, test_location=opencart\src\test\java\testCases\TS_002_Login_Functionality.java}]}
11:48:28.992 [clearCookies@0] INFO  c.b.v2.module.TestHubModule - sendTestFrameworkEvent: event=com.browserstack.v2.eventBus.Event@15c95ed0, response=success: true

11:48:28.998 [clearCookies@0] INFO  c.b.v2.framework.TestNgFramework - trackTestNgTest: saved instance contextId=-145149897 target=C:/Users/RPA Base/Projects/opencart/src/test/java/testCases-0@0 instances=[-145148935, -145147973, -145149897]
11:48:28.998 [clearCookies@0] INFO  c.b.v2.framework.TestNgFramework - trackEvent: found instance, testFrameworkState=TestFrameworkState.TEST hookState=HookState.PRE instance=-145149897
11:48:29.166 [TC_LF_004_verify_valid_email_invalid_password@1] INFO  c.b.v2.module.WebdriverModule - afterCommandExecute: event=com.browserstack.v2.eventBus.Event@7cc82c59
11:48:29.166 [TC_LF_004_verify_valid_email_invalid_password@1] INFO  c.b.v2.module.WebdriverModule - beforeCommandExecute: event=com.browserstack.v2.eventBus.Event@273feeb9
11:48:29.205 [TC_LF_004_verify_valid_email_invalid_password@1] INFO  c.b.v2.module.WebdriverModule - afterCommandExecute: event=com.browserstack.v2.eventBus.Event@66821376
11:48:29.205 [TC_LF_004_verify_valid_email_invalid_password@1] INFO  c.b.v2.module.WebdriverModule - beforeCommandExecute: event=com.browserstack.v2.eventBus.Event@786cf5c4
11:48:29.223 [clearCookies@0] INFO  c.b.v2.framework.TestNgFramework - trackEvent: loaded initial test data to instance, testFrameworkState=TestFrameworkState.TEST hookState=HookState.PRE instance=-145149897
11:48:29.223 [clearCookies@0] INFO  c.b.v2.module.WebdriverModule - onBeforeTest: event=com.browserstack.v2.eventBus.Event@e03b5f7
11:48:29.228 [clearCookies@0] INFO  c.b.v2.module.TestHubModule - sendTestFrameworkEvent: event=com.browserstack.v2.eventBus.Event@e03b5f7, response=success: true

11:48:29.229 [clearCookies@0] INFO  c.b.v2.module.ObservabilityModule - onBeforeTest: event={instance=com.browserstack.v2.instance.TestFrameworkInstance@738577c7, testFrameworkState=TestFrameworkState.TEST, testInstance=com.browserstack.v2.instance.TestFrameworkInstance@738577c7, hookState=HookState.PRE}
11:48:29.230 [clearCookies@0] INFO  c.b.v2.module.ObservabilityModule - performO11ySync: Performing O11y Sync
11:48:29.249 [TC_LF_013_verify_password_visibility@0] INFO  c.b.v2.module.WebdriverModule - beforeCommandExecute: event=com.browserstack.v2.eventBus.Event@772b0165
11:48:29.313 [TC_LF_013_verify_password_visibility@0] INFO  c.b.v2.module.WebdriverModule - afterCommandExecute: event=com.browserstack.v2.eventBus.Event@1c6539f5
11:48:29.313 [TC_LF_013_verify_password_visibility@0] INFO  c.b.v2.module.WebdriverModule - beforeCommandExecute: event=com.browserstack.v2.eventBus.Event@459b4c2a
11:48:29.376 [TC_LF_013_verify_password_visibility@0] INFO  c.b.v2.module.WebdriverModule - afterCommandExecute: event=com.browserstack.v2.eventBus.Event@41ba8b5c
11:48:29.376 [TC_LF_013_verify_password_visibility@0] INFO  c.b.v2.module.WebdriverModule - beforeCommandExecute: event=com.browserstack.v2.eventBus.Event@32a8da91
11:48:29.412 [TC_LF_013_verify_password_visibility@0] INFO  c.b.v2.module.WebdriverModule - afterCommandExecute: event=com.browserstack.v2.eventBus.Event@5f617d6b
11:48:29.412 [TC_LF_013_verify_password_visibility@0] INFO  c.b.v2.module.WebdriverModule - beforeCommandExecute: event=com.browserstack.v2.eventBus.Event@583954ab
11:48:29.571 [TC_LF_004_verify_valid_email_invalid_password@1] INFO  c.b.v2.module.WebdriverModule - afterCommandExecute: event=com.browserstack.v2.eventBus.Event@32968ec6
11:48:29.571 [TC_LF_004_verify_valid_email_invalid_password@1] INFO  c.b.v2.module.WebdriverModule - beforeCommandExecute: event=com.browserstack.v2.eventBus.Event@5a6cbfc3
11:48:29.608 [TC_LF_004_verify_valid_email_invalid_password@1] INFO  c.b.v2.module.WebdriverModule - afterCommandExecute: event=com.browserstack.v2.eventBus.Event@5d255245
11:48:29.608 [TC_LF_004_verify_valid_email_invalid_password@1] INFO  c.b.v2.module.WebdriverModule - beforeCommandExecute: event=com.browserstack.v2.eventBus.Event@23e0c86a
11:48:29.697 [TC_LF_013_verify_password_visibility@0] INFO  c.b.v2.module.WebdriverModule - afterCommandExecute: event=com.browserstack.v2.eventBus.Event@66a37e9f
11:48:29.697 [TC_LF_013_verify_password_visibility@0] INFO  c.b.v2.module.WebdriverModule - beforeCommandExecute: event=com.browserstack.v2.eventBus.Event@7e44354
11:48:29.730 [TC_LF_013_verify_password_visibility@0] INFO  c.b.v2.module.WebdriverModule - afterCommandExecute: event=com.browserstack.v2.eventBus.Event@4a9201d8
11:48:29.730 [TC_LF_013_verify_password_visibility@0] INFO  c.b.v2.module.WebdriverModule - beforeCommandExecute: event=com.browserstack.v2.eventBus.Event@6430f24a
11:48:29.755 [TC_LF_013_verify_password_visibility@0] INFO  c.b.v2.module.WebdriverModule - afterCommandExecute: event=com.browserstack.v2.eventBus.Event@282dc5d9
11:48:29.755 [TC_LF_013_verify_password_visibility@0] INFO  c.b.v2.framework.TestNgFramework - trackEvent: found instance, testFrameworkState=TestFrameworkState.LOG_REPORT hookState=HookState.PRE instance=-145149897
11:48:29.755 [TC_LF_013_verify_password_visibility@0] INFO  c.b.v2.framework.TestNgFramework - trackEvent: found instance, testFrameworkState=TestFrameworkState.LOG_REPORT hookState=HookState.POST instance=-145149897
11:48:29.755 [TC_LF_013_verify_password_visibility@0] INFO  c.b.v2.framework.TestNgFramework - trackEvent: load test results
11:48:29.755 [TC_LF_013_verify_password_visibility@0] INFO  c.b.v2.framework.TestNgFramework - trackEvent: found instance, testFrameworkState=TestFrameworkState.TEST hookState=HookState.POST instance=-145149897
11:48:29.755 [TC_LF_013_verify_password_visibility@0] INFO  c.b.v2.module.WebdriverModule - onAfterTest: event=com.browserstack.v2.eventBus.Event@4b8dbe08
11:48:29.967 [TC_LF_004_verify_valid_email_invalid_password@1] INFO  c.b.v2.module.WebdriverModule - afterCommandExecute: event=com.browserstack.v2.eventBus.Event@473b6e03
11:48:29.967 [TC_LF_004_verify_valid_email_invalid_password@1] INFO  c.b.v2.module.WebdriverModule - beforeCommandExecute: event=com.browserstack.v2.eventBus.Event@30e7b320
11:48:30.086 [TC_LF_013_verify_password_visibility@0] ERROR c.b.utils.SeleniumMethodUtils - Done for sessionid c45a53cd53655682349941b7b9b03114175b3da1
11:48:30.480 [TC_LF_013_verify_password_visibility@0] INFO  c.b.v2.module.TestHubModule - onAfterTest: event={com.browserstack.v2.eventBus.Event@4b8dbe08}
11:48:30.486 [TC_LF_013_verify_password_visibility@0] INFO  c.b.v2.module.TestHubModule - sendTestSessionEvent: event=com.browserstack.v2.eventBus.Event@4b8dbe08, response=success: true

11:48:30.491 [TC_LF_013_verify_password_visibility@0] INFO  c.b.v2.module.TestHubModule - sendTestFrameworkEvent: event=com.browserstack.v2.eventBus.Event@4b8dbe08, response=success: true

11:48:30.495 [TC_LF_013_verify_password_visibility@0] INFO  c.b.v2.framework.TestNgFramework - trackEvent: found instance, testFrameworkState=TestFrameworkState.AFTER_METHOD hookState=HookState.PRE instance=-145149897
11:48:30.495 [TC_LF_013_verify_password_visibility@0] INFO  c.b.v2.framework.TestNgFramework - trackEvent: track hook events
11:48:30.619 [TC_LF_004_verify_valid_email_invalid_password@1] INFO  c.b.v2.module.WebdriverModule - afterCommandExecute: event=com.browserstack.v2.eventBus.Event@8012dcb
11:48:30.619 [TC_LF_004_verify_valid_email_invalid_password@1] INFO  c.b.v2.module.WebdriverModule - beforeCommandExecute: event=com.browserstack.v2.eventBus.Event@3c94217d
11:48:30.653 [TC_LF_004_verify_valid_email_invalid_password@1] INFO  c.b.v2.module.WebdriverModule - afterCommandExecute: event=com.browserstack.v2.eventBus.Event@4f737d34
11:48:30.654 [TC_LF_004_verify_valid_email_invalid_password@1] INFO  c.b.v2.framework.TestNgFramework - trackEvent: found instance, testFrameworkState=TestFrameworkState.LOG_REPORT hookState=HookState.PRE instance=-145148935
11:48:30.654 [TC_LF_004_verify_valid_email_invalid_password@1] INFO  c.b.v2.framework.TestNgFramework - trackEvent: found instance, testFrameworkState=TestFrameworkState.LOG_REPORT hookState=HookState.POST instance=-145148935
11:48:30.654 [TC_LF_004_verify_valid_email_invalid_password@1] INFO  c.b.v2.framework.TestNgFramework - trackEvent: load test results
11:48:30.654 [TC_LF_004_verify_valid_email_invalid_password@1] INFO  c.b.v2.framework.TestNgFramework - trackEvent: found instance, testFrameworkState=TestFrameworkState.TEST hookState=HookState.POST instance=-145148935
11:48:30.654 [TC_LF_004_verify_valid_email_invalid_password@1] INFO  c.b.v2.module.WebdriverModule - onAfterTest: event=com.browserstack.v2.eventBus.Event@4a097743
11:48:30.711 [TC_LF_013_verify_password_visibility@0] INFO  c.b.v2.framework.TestNgFramework - args CHECK = [TestResult name=clearCookies status=STARTED method=TS_002_Login_Functionality.clearCookies()[pri:0, instance:testCases.TS_002_Login_Functionality@3291b443] output={null}]
11:48:30.711 [TC_LF_013_verify_password_visibility@0] INFO  c.b.v2.framework.TestNgFramework - Hook Started in PRE key = AFTER_METHOD & hook = {hook_name=clearCookies, hook_result=pending, test_file_path=opencart\src\test\java\testCases\TS_002_Login_Functionality.java, event_started_at=2025-06-03T11:48:30.711631600, hook_id=6c270ca3-5135-4a7e-90c8-9282b021b784, hook_logs=[], key=AFTER_METHOD, custom_metadata={}, test_location=opencart\src\test\java\testCases\TS_002_Login_Functionality.java}  and args = [[TestResult name=clearCookies status=STARTED method=TS_002_Login_Functionality.clearCookies()[pri:0, instance:testCases.TS_002_Login_Functionality@3291b443] output={null}], TS_002_Login_Functionality.clearCookies()[pri:0, instance:testCases.TS_002_Login_Functionality@3291b443]]
11:48:30.711 [TC_LF_013_verify_password_visibility@0] INFO  c.b.v2.framework.TestNgFramework - trackHookEvents: hook state=AFTER_METHOD.HookState.PRE , hooks started={AFTER_METHOD=[{hook_name=clearCookies, hook_result=pending, test_file_path=opencart\src\test\java\testCases\TS_002_Login_Functionality.java, event_started_at=2025-06-03T11:48:30.711631600, hook_id=6c270ca3-5135-4a7e-90c8-9282b021b784, hook_logs=[], key=AFTER_METHOD, custom_metadata={}, test_location=opencart\src\test\java\testCases\TS_002_Login_Functionality.java}]} , hooks finished={AFTER_METHOD=[]}
11:48:30.714 [TC_LF_013_verify_password_visibility@0] INFO  c.b.v2.module.TestHubModule - sendTestFrameworkEvent: event=com.browserstack.v2.eventBus.Event@1186f0a, response=success: true

11:48:30.716 [clearCookies@0] INFO  c.b.v2.module.WebdriverModule - beforeCommandExecute: event=com.browserstack.v2.eventBus.Event@414689a3
11:48:30.716 [clearCookies@0] INFO  c.b.v2.module.WebdriverModule - beforeCommandExecute: event=com.browserstack.v2.eventBus.Event@1b382971
11:48:30.757 [clearCookies@0] INFO  c.b.v2.module.WebdriverModule - afterCommandExecute: event=com.browserstack.v2.eventBus.Event@599a6523
11:48:30.757 [clearCookies@0] INFO  c.b.v2.module.WebdriverModule - afterCommandExecute: event=com.browserstack.v2.eventBus.Event@7f5c3630
11:48:30.757 [clearCookies@0] INFO  c.b.v2.framework.TestNgFramework - trackEvent: found instance, testFrameworkState=TestFrameworkState.AFTER_METHOD hookState=HookState.POST instance=-145149897
11:48:30.757 [clearCookies@0] INFO  c.b.v2.framework.TestNgFramework - trackEvent: track hook events
11:48:30.857 [TC_LF_003_verify_invalid_email_valid_password@2] INFO  c.b.v2.module.WebdriverModule - afterCommandExecute: event=com.browserstack.v2.eventBus.Event@36d6d92f
11:48:30.857 [TC_LF_003_verify_invalid_email_valid_password@2] INFO  c.b.v2.framework.TestNgFramework - trackEvent: found instance, testFrameworkState=TestFrameworkState.LOG_REPORT hookState=HookState.PRE instance=-145147973
11:48:30.857 [TC_LF_003_verify_invalid_email_valid_password@2] INFO  c.b.v2.framework.TestNgFramework - trackEvent: found instance, testFrameworkState=TestFrameworkState.LOG_REPORT hookState=HookState.POST instance=-145147973
11:48:30.857 [TC_LF_003_verify_invalid_email_valid_password@2] INFO  c.b.v2.framework.TestNgFramework - trackEvent: load test results
11:48:30.857 [TC_LF_003_verify_invalid_email_valid_password@2] INFO  c.b.v2.framework.TestNgFramework - trackEvent: found instance, testFrameworkState=TestFrameworkState.TEST hookState=HookState.POST instance=-145147973
11:48:30.857 [TC_LF_003_verify_invalid_email_valid_password@2] INFO  c.b.v2.module.WebdriverModule - onAfterTest: event=com.browserstack.v2.eventBus.Event@3dd6d14c
11:48:30.962 [clearCookies@0] INFO  c.b.v2.framework.TestNgFramework - args CHECK = [TestResult name=clearCookies status=SUCCESS method=TS_002_Login_Functionality.clearCookies()[pri:0, instance:testCases.TS_002_Login_Functionality@3291b443] output={null}]
11:48:30.962 [clearCookies@0] INFO  c.b.v2.framework.TestNgFramework - Hook List in Post [{hook_name=clearCookies, hook_result=pending, test_file_path=opencart\src\test\java\testCases\TS_002_Login_Functionality.java, event_started_at=2025-06-03T11:48:30.711631600, hook_id=6c270ca3-5135-4a7e-90c8-9282b021b784, hook_logs=[], key=AFTER_METHOD, custom_metadata={}, test_location=opencart\src\test\java\testCases\TS_002_Login_Functionality.java}] and args = [[TestResult name=clearCookies status=SUCCESS method=TS_002_Login_Functionality.clearCookies()[pri:0, instance:testCases.TS_002_Login_Functionality@3291b443] output={null}], TS_002_Login_Functionality.clearCookies()[pri:0, instance:testCases.TS_002_Login_Functionality@3291b443]]
11:48:30.962 [clearCookies@0] INFO  c.b.v2.framework.TestNgFramework - Processing HookLevel attachments from directory: C:\Users\devbase\.browserstack\UploadedAttachments-65\HookLevel
11:48:30.962 [clearCookies@0] INFO  c.b.v2.framework.TestNgFramework - Checking hookLevelFiles: []
11:48:30.963 [clearCookies@0] INFO  c.b.v2.framework.TestNgFramework - checking Paths of files = C:\Users\devbase\.browserstack\UploadedAttachments-65\HookLevel\BuildLevelHookEvent and abs path = C:\Users\devbase\.browserstack\UploadedAttachments-65\HookLevel\BuildLevelHookEvent 
11:48:30.963 [clearCookies@0] INFO  c.b.v2.framework.TestNgFramework - Processing BuildLevelHookEvent attachments from directory: C:\Users\devbase\.browserstack\UploadedAttachments-65\HookLevel\BuildLevelHookEvent
11:48:30.963 [clearCookies@0] INFO  c.b.v2.framework.TestNgFramework - Processing TestLevel attachments eventLogs: []
11:48:30.963 [clearCookies@0] INFO  c.b.v2.framework.TestNgFramework - sendLogCreatedEvent: No Log Events to send
11:48:30.963 [clearCookies@0] INFO  c.b.v2.framework.TestNgFramework - trackHookEvents: hook state=AFTER_METHOD.HookState.POST , hooks started={AFTER_METHOD=[]} , hooks finished={AFTER_METHOD=[{hook_name=clearCookies, hook_result=passed, test_file_path=opencart\src\test\java\testCases\TS_002_Login_Functionality.java, event_started_at=2025-06-03T11:48:30.711631600, hook_id=6c270ca3-5135-4a7e-90c8-9282b021b784, hook_logs=[], logs=[], key=AFTER_METHOD, custom_metadata={}, event_ended_at=2025-06-03T11:48:30.962979500, test_location=opencart\src\test\java\testCases\TS_002_Login_Functionality.java}]}
11:48:30.966 [clearCookies@0] INFO  c.b.v2.module.TestHubModule - sendTestFrameworkEvent: event=com.browserstack.v2.eventBus.Event@4441f4e2, response=success: true

11:48:30.971 [clearCookies@0] INFO  c.b.v2.framework.TestNgFramework - trackTestNgTest: saved instance contextId=-145149897 target=C:/Users/RPA Base/Projects/opencart/src/test/java/testCases-0@0 instances=[-145148935, -145147973, -145149897]
11:48:30.971 [clearCookies@0] INFO  c.b.v2.framework.TestNgFramework - trackEvent: found instance, testFrameworkState=TestFrameworkState.TEST hookState=HookState.PRE instance=-145149897
11:48:31.032 [TC_LF_004_verify_valid_email_invalid_password@1] ERROR c.b.utils.SeleniumMethodUtils - Done for sessionid 9222f9ba4e3bcd407480d43b61eea7b584cd0403
11:48:31.166 [clearCookies@0] INFO  c.b.v2.framework.TestNgFramework - trackEvent: loaded initial test data to instance, testFrameworkState=TestFrameworkState.TEST hookState=HookState.PRE instance=-145149897
11:48:31.166 [clearCookies@0] INFO  c.b.v2.module.WebdriverModule - onBeforeTest: event=com.browserstack.v2.eventBus.Event@1f3c0c7b
11:48:31.169 [clearCookies@0] INFO  c.b.v2.module.TestHubModule - sendTestFrameworkEvent: event=com.browserstack.v2.eventBus.Event@1f3c0c7b, response=success: true

11:48:31.171 [clearCookies@0] INFO  c.b.v2.module.ObservabilityModule - onBeforeTest: event={instance=com.browserstack.v2.instance.TestFrameworkInstance@645cbd12, testFrameworkState=TestFrameworkState.TEST, testInstance=com.browserstack.v2.instance.TestFrameworkInstance@645cbd12, hookState=HookState.PRE}
11:48:31.171 [clearCookies@0] INFO  c.b.v2.module.ObservabilityModule - performO11ySync: Performing O11y Sync
11:48:31.182 [TC_HyperLinkCheck@0] INFO  c.b.v2.module.WebdriverModule - beforeCommandExecute: event=com.browserstack.v2.eventBus.Event@673d0d50
11:48:31.201 [TC_LF_003_verify_invalid_email_valid_password@2] ERROR c.b.utils.SeleniumMethodUtils - Done for sessionid 16c0a30a0fb02a2055b26186b717279d4c25e1d6
11:48:31.219 [TC_HyperLinkCheck@0] INFO  c.b.v2.module.WebdriverModule - afterCommandExecute: event=com.browserstack.v2.eventBus.Event@3acaf070
11:48:31.226 [TC_HyperLinkCheck@0] INFO  c.b.v2.module.WebdriverModule - beforeCommandExecute: event=com.browserstack.v2.eventBus.Event@14281caf
11:48:31.249 [TC_HyperLinkCheck@0] INFO  c.b.v2.module.WebdriverModule - afterCommandExecute: event=com.browserstack.v2.eventBus.Event@1d453387
11:48:31.365 [TC_LF_004_verify_valid_email_invalid_password@1] INFO  c.b.v2.module.TestHubModule - onAfterTest: event={com.browserstack.v2.eventBus.Event@4a097743}
11:48:31.368 [TC_LF_004_verify_valid_email_invalid_password@1] INFO  c.b.v2.module.TestHubModule - sendTestSessionEvent: event=com.browserstack.v2.eventBus.Event@4a097743, response=success: true

11:48:31.374 [TC_LF_004_verify_valid_email_invalid_password@1] INFO  c.b.v2.module.TestHubModule - sendTestFrameworkEvent: event=com.browserstack.v2.eventBus.Event@4a097743, response=success: true

11:48:31.378 [TC_LF_004_verify_valid_email_invalid_password@1] INFO  c.b.v2.framework.TestNgFramework - trackEvent: found instance, testFrameworkState=TestFrameworkState.AFTER_METHOD hookState=HookState.PRE instance=-145148935
11:48:31.378 [TC_LF_004_verify_valid_email_invalid_password@1] INFO  c.b.v2.framework.TestNgFramework - trackEvent: track hook events
11:48:31.486 [TC_LF_003_verify_invalid_email_valid_password@2] INFO  c.b.v2.module.TestHubModule - onAfterTest: event={com.browserstack.v2.eventBus.Event@3dd6d14c}
11:48:31.489 [TC_LF_003_verify_invalid_email_valid_password@2] INFO  c.b.v2.module.TestHubModule - sendTestSessionEvent: event=com.browserstack.v2.eventBus.Event@3dd6d14c, response=success: true

11:48:31.494 [TC_LF_003_verify_invalid_email_valid_password@2] INFO  c.b.v2.module.TestHubModule - sendTestFrameworkEvent: event=com.browserstack.v2.eventBus.Event@3dd6d14c, response=success: true

11:48:31.499 [TC_LF_003_verify_invalid_email_valid_password@2] INFO  c.b.v2.framework.TestNgFramework - trackEvent: found instance, testFrameworkState=TestFrameworkState.AFTER_METHOD hookState=HookState.PRE instance=-145147973
11:48:31.500 [TC_LF_003_verify_invalid_email_valid_password@2] INFO  c.b.v2.framework.TestNgFramework - trackEvent: track hook events
11:48:31.595 [TC_LF_004_verify_valid_email_invalid_password@1] INFO  c.b.v2.framework.TestNgFramework - args CHECK = [TestResult name=clearCookies status=STARTED method=TS_002_Login_Functionality.clearCookies()[pri:0, instance:testCases.TS_002_Login_Functionality@4aa21f9d] output={null}]
11:48:31.595 [TC_LF_004_verify_valid_email_invalid_password@1] INFO  c.b.v2.framework.TestNgFramework - Hook Started in PRE key = AFTER_METHOD & hook = {hook_name=clearCookies, hook_result=pending, test_file_path=opencart\src\test\java\testCases\TS_002_Login_Functionality.java, event_started_at=2025-06-03T11:48:31.595401500, hook_id=0497f6d1-a321-45cb-8045-cfa5c3f8f5bb, hook_logs=[], key=AFTER_METHOD, custom_metadata={}, test_location=opencart\src\test\java\testCases\TS_002_Login_Functionality.java}  and args = [[TestResult name=clearCookies status=STARTED method=TS_002_Login_Functionality.clearCookies()[pri:0, instance:testCases.TS_002_Login_Functionality@4aa21f9d] output={null}], TS_002_Login_Functionality.clearCookies()[pri:0, instance:testCases.TS_002_Login_Functionality@4aa21f9d]]
11:48:31.595 [TC_LF_004_verify_valid_email_invalid_password@1] INFO  c.b.v2.framework.TestNgFramework - trackHookEvents: hook state=AFTER_METHOD.HookState.PRE , hooks started={AFTER_METHOD=[{hook_name=clearCookies, hook_result=pending, test_file_path=opencart\src\test\java\testCases\TS_002_Login_Functionality.java, event_started_at=2025-06-03T11:48:31.595401500, hook_id=0497f6d1-a321-45cb-8045-cfa5c3f8f5bb, hook_logs=[], key=AFTER_METHOD, custom_metadata={}, test_location=opencart\src\test\java\testCases\TS_002_Login_Functionality.java}]} , hooks finished={AFTER_METHOD=[]}
11:48:31.597 [TC_LF_004_verify_valid_email_invalid_password@1] INFO  c.b.v2.module.TestHubModule - sendTestFrameworkEvent: event=com.browserstack.v2.eventBus.Event@6eb93cc2, response=success: true

11:48:31.599 [clearCookies@1] INFO  c.b.v2.module.WebdriverModule - beforeCommandExecute: event=com.browserstack.v2.eventBus.Event@1bd47077
11:48:31.599 [clearCookies@1] INFO  c.b.v2.module.WebdriverModule - beforeCommandExecute: event=com.browserstack.v2.eventBus.Event@27323dad
11:48:31.631 [TC_HyperLinkCheck@0] INFO  c.b.v2.framework.TestNgFramework - trackEvent: found instance, testFrameworkState=TestFrameworkState.LOG hookState=HookState.PRE instance=-145149897
11:48:31.632 [TC_HyperLinkCheck@0] INFO  c.b.v2.framework.TestNgFramework - trackEvent: load log entries
11:48:31.643 [TC_HyperLinkCheck@0] INFO  c.b.v2.module.TestHubModule - sendLogCreatedEvent: event=com.browserstack.v2.eventBus.Event@4e4d4c60, response=success: true

11:48:31.644 [TC_HyperLinkCheck@0] INFO  c.b.v2.module.TestHubModule - sendLogCreatedEvent: event=com.browserstack.v2.eventBus.Event@4e4d4c60
11:48:31.644 [TC_HyperLinkCheck@0] INFO  c.b.v2.module.WebdriverModule - beforeCommandExecute: event=com.browserstack.v2.eventBus.Event@26f87056
11:48:31.655 [clearCookies@1] INFO  c.b.v2.module.WebdriverModule - afterCommandExecute: event=com.browserstack.v2.eventBus.Event@4a4aa5
11:48:31.656 [clearCookies@1] INFO  c.b.v2.module.WebdriverModule - afterCommandExecute: event=com.browserstack.v2.eventBus.Event@734f9826
11:48:31.656 [clearCookies@1] INFO  c.b.v2.framework.TestNgFramework - trackEvent: found instance, testFrameworkState=TestFrameworkState.AFTER_METHOD hookState=HookState.POST instance=-145148935
11:48:31.656 [clearCookies@1] INFO  c.b.v2.framework.TestNgFramework - trackEvent: track hook events
11:48:31.671 [TC_HyperLinkCheck@0] INFO  c.b.v2.module.WebdriverModule - afterCommandExecute: event=com.browserstack.v2.eventBus.Event@265a95e5
11:48:31.717 [TC_LF_003_verify_invalid_email_valid_password@2] INFO  c.b.v2.framework.TestNgFramework - args CHECK = [TestResult name=clearCookies status=STARTED method=TS_002_Login_Functionality.clearCookies()[pri:0, instance:testCases.TS_002_Login_Functionality@440e3ce6] output={null}]
11:48:31.717 [TC_LF_003_verify_invalid_email_valid_password@2] INFO  c.b.v2.framework.TestNgFramework - Hook Started in PRE key = AFTER_METHOD & hook = {hook_name=clearCookies, hook_result=pending, test_file_path=opencart\src\test\java\testCases\TS_002_Login_Functionality.java, event_started_at=2025-06-03T11:48:31.717189300, hook_id=7d3cd9dc-269d-4043-b7e7-43a48e3dcb6e, hook_logs=[], key=AFTER_METHOD, custom_metadata={}, test_location=opencart\src\test\java\testCases\TS_002_Login_Functionality.java}  and args = [[TestResult name=clearCookies status=STARTED method=TS_002_Login_Functionality.clearCookies()[pri:0, instance:testCases.TS_002_Login_Functionality@440e3ce6] output={null}], TS_002_Login_Functionality.clearCookies()[pri:0, instance:testCases.TS_002_Login_Functionality@440e3ce6]]
11:48:31.717 [TC_LF_003_verify_invalid_email_valid_password@2] INFO  c.b.v2.framework.TestNgFramework - trackHookEvents: hook state=AFTER_METHOD.HookState.PRE , hooks started={AFTER_METHOD=[{hook_name=clearCookies, hook_result=pending, test_file_path=opencart\src\test\java\testCases\TS_002_Login_Functionality.java, event_started_at=2025-06-03T11:48:31.717189300, hook_id=7d3cd9dc-269d-4043-b7e7-43a48e3dcb6e, hook_logs=[], key=AFTER_METHOD, custom_metadata={}, test_location=opencart\src\test\java\testCases\TS_002_Login_Functionality.java}]} , hooks finished={AFTER_METHOD=[]}
11:48:31.720 [TC_LF_003_verify_invalid_email_valid_password@2] INFO  c.b.v2.module.TestHubModule - sendTestFrameworkEvent: event=com.browserstack.v2.eventBus.Event@73dc0b65, response=success: true

11:48:31.722 [clearCookies@2] INFO  c.b.v2.module.WebdriverModule - beforeCommandExecute: event=com.browserstack.v2.eventBus.Event@4e3d8dac
11:48:31.722 [clearCookies@2] INFO  c.b.v2.module.WebdriverModule - beforeCommandExecute: event=com.browserstack.v2.eventBus.Event@7b5ffcaa
11:48:31.800 [clearCookies@2] INFO  c.b.v2.module.WebdriverModule - afterCommandExecute: event=com.browserstack.v2.eventBus.Event@684b5787
11:48:31.801 [clearCookies@2] INFO  c.b.v2.module.WebdriverModule - afterCommandExecute: event=com.browserstack.v2.eventBus.Event@383b3eba
11:48:31.801 [clearCookies@2] INFO  c.b.v2.framework.TestNgFramework - trackEvent: found instance, testFrameworkState=TestFrameworkState.AFTER_METHOD hookState=HookState.POST instance=-145147973
11:48:31.801 [clearCookies@2] INFO  c.b.v2.framework.TestNgFramework - trackEvent: track hook events
11:48:31.870 [clearCookies@1] INFO  c.b.v2.framework.TestNgFramework - args CHECK = [TestResult name=clearCookies status=SUCCESS method=TS_002_Login_Functionality.clearCookies()[pri:0, instance:testCases.TS_002_Login_Functionality@4aa21f9d] output={null}]
11:48:31.870 [clearCookies@1] INFO  c.b.v2.framework.TestNgFramework - Hook List in Post [{hook_name=clearCookies, hook_result=pending, test_file_path=opencart\src\test\java\testCases\TS_002_Login_Functionality.java, event_started_at=2025-06-03T11:48:31.595401500, hook_id=0497f6d1-a321-45cb-8045-cfa5c3f8f5bb, hook_logs=[], key=AFTER_METHOD, custom_metadata={}, test_location=opencart\src\test\java\testCases\TS_002_Login_Functionality.java}] and args = [[TestResult name=clearCookies status=SUCCESS method=TS_002_Login_Functionality.clearCookies()[pri:0, instance:testCases.TS_002_Login_Functionality@4aa21f9d] output={null}], TS_002_Login_Functionality.clearCookies()[pri:0, instance:testCases.TS_002_Login_Functionality@4aa21f9d]]
11:48:31.870 [clearCookies@1] INFO  c.b.v2.framework.TestNgFramework - Processing HookLevel attachments from directory: C:\Users\devbase\.browserstack\UploadedAttachments-66\HookLevel
11:48:31.870 [clearCookies@1] INFO  c.b.v2.framework.TestNgFramework - Checking hookLevelFiles: []
11:48:31.870 [clearCookies@1] INFO  c.b.v2.framework.TestNgFramework - checking Paths of files = C:\Users\devbase\.browserstack\UploadedAttachments-66\HookLevel\BuildLevelHookEvent and abs path = C:\Users\devbase\.browserstack\UploadedAttachments-66\HookLevel\BuildLevelHookEvent 
11:48:31.870 [clearCookies@1] INFO  c.b.v2.framework.TestNgFramework - Processing BuildLevelHookEvent attachments from directory: C:\Users\devbase\.browserstack\UploadedAttachments-66\HookLevel\BuildLevelHookEvent
11:48:31.870 [clearCookies@1] INFO  c.b.v2.framework.TestNgFramework - Processing TestLevel attachments eventLogs: []
11:48:31.870 [clearCookies@1] INFO  c.b.v2.framework.TestNgFramework - sendLogCreatedEvent: No Log Events to send
11:48:31.871 [clearCookies@1] INFO  c.b.v2.framework.TestNgFramework - trackHookEvents: hook state=AFTER_METHOD.HookState.POST , hooks started={AFTER_METHOD=[]} , hooks finished={AFTER_METHOD=[{hook_name=clearCookies, hook_result=passed, test_file_path=opencart\src\test\java\testCases\TS_002_Login_Functionality.java, event_started_at=2025-06-03T11:48:31.595401500, hook_id=0497f6d1-a321-45cb-8045-cfa5c3f8f5bb, hook_logs=[], logs=[], key=AFTER_METHOD, custom_metadata={}, event_ended_at=2025-06-03T11:48:31.870972900, test_location=opencart\src\test\java\testCases\TS_002_Login_Functionality.java}]}
11:48:31.875 [clearCookies@1] INFO  c.b.v2.module.TestHubModule - sendTestFrameworkEvent: event=com.browserstack.v2.eventBus.Event@2005db6c, response=success: true

11:48:31.879 [clearCookies@1] INFO  c.b.v2.framework.TestNgFramework - trackTestNgTest: saved instance contextId=-145148935 target=C:/Users/RPA Base/Projects/opencart/src/test/java/testCases-1@1 instances=[-145148935, -145147973, -145149897]
11:48:31.879 [clearCookies@1] INFO  c.b.v2.framework.TestNgFramework - trackEvent: found instance, testFrameworkState=TestFrameworkState.TEST hookState=HookState.PRE instance=-145148935
11:48:32.022 [clearCookies@2] INFO  c.b.v2.framework.TestNgFramework - args CHECK = [TestResult name=clearCookies status=SUCCESS method=TS_002_Login_Functionality.clearCookies()[pri:0, instance:testCases.TS_002_Login_Functionality@440e3ce6] output={null}]
11:48:32.022 [clearCookies@2] INFO  c.b.v2.framework.TestNgFramework - Hook List in Post [{hook_name=clearCookies, hook_result=pending, test_file_path=opencart\src\test\java\testCases\TS_002_Login_Functionality.java, event_started_at=2025-06-03T11:48:31.717189300, hook_id=7d3cd9dc-269d-4043-b7e7-43a48e3dcb6e, hook_logs=[], key=AFTER_METHOD, custom_metadata={}, test_location=opencart\src\test\java\testCases\TS_002_Login_Functionality.java}] and args = [[TestResult name=clearCookies status=SUCCESS method=TS_002_Login_Functionality.clearCookies()[pri:0, instance:testCases.TS_002_Login_Functionality@440e3ce6] output={null}], TS_002_Login_Functionality.clearCookies()[pri:0, instance:testCases.TS_002_Login_Functionality@440e3ce6]]
11:48:32.022 [clearCookies@2] INFO  c.b.v2.framework.TestNgFramework - Processing HookLevel attachments from directory: C:\Users\devbase\.browserstack\UploadedAttachments-67\HookLevel
11:48:32.022 [clearCookies@2] INFO  c.b.v2.framework.TestNgFramework - Checking hookLevelFiles: []
11:48:32.022 [clearCookies@2] INFO  c.b.v2.framework.TestNgFramework - checking Paths of files = C:\Users\devbase\.browserstack\UploadedAttachments-67\HookLevel\BuildLevelHookEvent and abs path = C:\Users\devbase\.browserstack\UploadedAttachments-67\HookLevel\BuildLevelHookEvent 
11:48:32.022 [clearCookies@2] INFO  c.b.v2.framework.TestNgFramework - Processing BuildLevelHookEvent attachments from directory: C:\Users\devbase\.browserstack\UploadedAttachments-67\HookLevel\BuildLevelHookEvent
11:48:32.022 [clearCookies@2] INFO  c.b.v2.framework.TestNgFramework - Processing TestLevel attachments eventLogs: []
11:48:32.022 [clearCookies@2] INFO  c.b.v2.framework.TestNgFramework - sendLogCreatedEvent: No Log Events to send
11:48:32.023 [clearCookies@2] INFO  c.b.v2.framework.TestNgFramework - trackHookEvents: hook state=AFTER_METHOD.HookState.POST , hooks started={AFTER_METHOD=[]} , hooks finished={AFTER_METHOD=[{hook_name=clearCookies, hook_result=passed, test_file_path=opencart\src\test\java\testCases\TS_002_Login_Functionality.java, event_started_at=2025-06-03T11:48:31.717189300, hook_id=7d3cd9dc-269d-4043-b7e7-43a48e3dcb6e, hook_logs=[], logs=[], key=AFTER_METHOD, custom_metadata={}, event_ended_at=2025-06-03T11:48:32.022158800, test_location=opencart\src\test\java\testCases\TS_002_Login_Functionality.java}]}
11:48:32.025 [clearCookies@2] INFO  c.b.v2.module.TestHubModule - sendTestFrameworkEvent: event=com.browserstack.v2.eventBus.Event@4d9d2f57, response=success: true

11:48:32.032 [clearCookies@2] INFO  c.b.v2.framework.TestNgFramework - trackTestNgTest: saved instance contextId=-145147973 target=C:/Users/RPA Base/Projects/opencart/src/test/java/testCases-2@2 instances=[-145148935, -145147973, -145149897]
11:48:32.032 [clearCookies@2] INFO  c.b.v2.framework.TestNgFramework - trackEvent: found instance, testFrameworkState=TestFrameworkState.TEST hookState=HookState.PRE instance=-145147973
11:48:32.052 [TC_HyperLinkCheck@0] INFO  c.b.v2.framework.TestNgFramework - trackEvent: found instance, testFrameworkState=TestFrameworkState.LOG hookState=HookState.PRE instance=-145149897
11:48:32.052 [TC_HyperLinkCheck@0] INFO  c.b.v2.framework.TestNgFramework - trackEvent: load log entries
11:48:32.054 [TC_HyperLinkCheck@0] INFO  c.b.v2.module.TestHubModule - sendLogCreatedEvent: event=com.browserstack.v2.eventBus.Event@24d844b8, response=success: true

11:48:32.055 [TC_HyperLinkCheck@0] INFO  c.b.v2.module.TestHubModule - sendLogCreatedEvent: event=com.browserstack.v2.eventBus.Event@24d844b8
11:48:32.056 [TC_HyperLinkCheck@0] INFO  c.b.v2.module.WebdriverModule - beforeCommandExecute: event=com.browserstack.v2.eventBus.Event@429eee22
11:48:32.079 [TC_HyperLinkCheck@0] INFO  c.b.v2.module.WebdriverModule - afterCommandExecute: event=com.browserstack.v2.eventBus.Event@784543a1
11:48:32.106 [clearCookies@1] INFO  c.b.v2.framework.TestNgFramework - trackEvent: loaded initial test data to instance, testFrameworkState=TestFrameworkState.TEST hookState=HookState.PRE instance=-145148935
11:48:32.106 [clearCookies@1] INFO  c.b.v2.module.WebdriverModule - onBeforeTest: event=com.browserstack.v2.eventBus.Event@52c6634c
11:48:32.109 [clearCookies@1] INFO  c.b.v2.module.TestHubModule - sendTestFrameworkEvent: event=com.browserstack.v2.eventBus.Event@52c6634c, response=success: true

11:48:32.110 [clearCookies@1] INFO  c.b.v2.module.ObservabilityModule - onBeforeTest: event={instance=com.browserstack.v2.instance.TestFrameworkInstance@5381e015, testFrameworkState=TestFrameworkState.TEST, testInstance=com.browserstack.v2.instance.TestFrameworkInstance@5381e015, hookState=HookState.PRE}
11:48:32.110 [clearCookies@1] INFO  c.b.v2.module.ObservabilityModule - performO11ySync: Performing O11y Sync
11:48:32.124 [TC_LF_005_verify_empty_login@1] INFO  c.b.v2.module.WebdriverModule - beforeCommandExecute: event=com.browserstack.v2.eventBus.Event@2b63541a
11:48:32.150 [TC_LF_005_verify_empty_login@1] INFO  c.b.v2.module.WebdriverModule - afterCommandExecute: event=com.browserstack.v2.eventBus.Event@107eaa17
11:48:32.150 [TC_LF_005_verify_empty_login@1] INFO  c.b.v2.module.WebdriverModule - beforeCommandExecute: event=com.browserstack.v2.eventBus.Event@cfbd629
11:48:32.248 [TC_HyperLinkCheck@0] INFO  c.b.v2.framework.TestNgFramework - trackEvent: found instance, testFrameworkState=TestFrameworkState.LOG hookState=HookState.PRE instance=-145149897
11:48:32.248 [TC_HyperLinkCheck@0] INFO  c.b.v2.framework.TestNgFramework - trackEvent: load log entries
11:48:32.252 [TC_HyperLinkCheck@0] INFO  c.b.v2.module.TestHubModule - sendLogCreatedEvent: event=com.browserstack.v2.eventBus.Event@56e0dfb, response=success: true

11:48:32.252 [TC_HyperLinkCheck@0] INFO  c.b.v2.module.TestHubModule - sendLogCreatedEvent: event=com.browserstack.v2.eventBus.Event@56e0dfb
11:48:32.252 [clearCookies@2] INFO  c.b.v2.framework.TestNgFramework - trackEvent: loaded initial test data to instance, testFrameworkState=TestFrameworkState.TEST hookState=HookState.PRE instance=-145147973
11:48:32.252 [clearCookies@2] INFO  c.b.v2.module.WebdriverModule - onBeforeTest: event=com.browserstack.v2.eventBus.Event@5a70f2a
11:48:32.253 [TC_HyperLinkCheck@0] INFO  c.b.v2.module.WebdriverModule - beforeCommandExecute: event=com.browserstack.v2.eventBus.Event@7a5ac702
11:48:32.255 [clearCookies@2] INFO  c.b.v2.module.TestHubModule - sendTestFrameworkEvent: event=com.browserstack.v2.eventBus.Event@5a70f2a, response=success: true

11:48:32.257 [clearCookies@2] INFO  c.b.v2.module.ObservabilityModule - onBeforeTest: event={instance=com.browserstack.v2.instance.TestFrameworkInstance@7dbc2aa0, testFrameworkState=TestFrameworkState.TEST, testInstance=com.browserstack.v2.instance.TestFrameworkInstance@7dbc2aa0, hookState=HookState.PRE}
11:48:32.257 [clearCookies@2] INFO  c.b.v2.module.ObservabilityModule - performO11ySync: Performing O11y Sync
11:48:32.271 [TC_LF_004_verify_valid_email_invalid_password@2] INFO  c.b.v2.module.WebdriverModule - beforeCommandExecute: event=com.browserstack.v2.eventBus.Event@331c6fd5
11:48:32.273 [TC_HyperLinkCheck@0] INFO  c.b.v2.module.WebdriverModule - afterCommandExecute: event=com.browserstack.v2.eventBus.Event@6dcc07a8
11:48:32.343 [TC_LF_004_verify_valid_email_invalid_password@2] INFO  c.b.v2.module.WebdriverModule - afterCommandExecute: event=com.browserstack.v2.eventBus.Event@aa1dd04
11:48:32.343 [TC_LF_004_verify_valid_email_invalid_password@2] INFO  c.b.v2.module.WebdriverModule - beforeCommandExecute: event=com.browserstack.v2.eventBus.Event@73d5319f
11:48:32.407 [TC_HyperLinkCheck@0] INFO  c.b.v2.framework.TestNgFramework - trackEvent: found instance, testFrameworkState=TestFrameworkState.LOG hookState=HookState.PRE instance=-145149897
11:48:32.407 [TC_HyperLinkCheck@0] INFO  c.b.v2.framework.TestNgFramework - trackEvent: load log entries
11:48:32.410 [TC_HyperLinkCheck@0] INFO  c.b.v2.module.TestHubModule - sendLogCreatedEvent: event=com.browserstack.v2.eventBus.Event@14427d76, response=success: true

11:48:32.410 [TC_HyperLinkCheck@0] INFO  c.b.v2.module.TestHubModule - sendLogCreatedEvent: event=com.browserstack.v2.eventBus.Event@14427d76
11:48:32.411 [TC_HyperLinkCheck@0] INFO  c.b.v2.module.WebdriverModule - beforeCommandExecute: event=com.browserstack.v2.eventBus.Event@6adcc9b4
11:48:32.433 [TC_HyperLinkCheck@0] INFO  c.b.v2.module.WebdriverModule - afterCommandExecute: event=com.browserstack.v2.eventBus.Event@53216459
11:48:32.485 [TC_LF_005_verify_empty_login@1] INFO  c.b.v2.module.WebdriverModule - afterCommandExecute: event=com.browserstack.v2.eventBus.Event@5ac2b79d
11:48:32.485 [TC_LF_005_verify_empty_login@1] INFO  c.b.v2.module.WebdriverModule - beforeCommandExecute: event=com.browserstack.v2.eventBus.Event@34d8eb53
11:48:32.516 [TC_LF_005_verify_empty_login@1] INFO  c.b.v2.module.WebdriverModule - afterCommandExecute: event=com.browserstack.v2.eventBus.Event@57077761
11:48:32.516 [TC_LF_005_verify_empty_login@1] INFO  c.b.v2.module.WebdriverModule - beforeCommandExecute: event=com.browserstack.v2.eventBus.Event@41dd594f
11:48:32.828 [TC_HyperLinkCheck@0] INFO  c.b.v2.framework.TestNgFramework - trackEvent: found instance, testFrameworkState=TestFrameworkState.LOG hookState=HookState.PRE instance=-145149897
11:48:32.828 [TC_HyperLinkCheck@0] INFO  c.b.v2.framework.TestNgFramework - trackEvent: load log entries
11:48:32.833 [TC_HyperLinkCheck@0] INFO  c.b.v2.module.TestHubModule - sendLogCreatedEvent: event=com.browserstack.v2.eventBus.Event@796dae6e, response=success: true

11:48:32.833 [TC_HyperLinkCheck@0] INFO  c.b.v2.module.TestHubModule - sendLogCreatedEvent: event=com.browserstack.v2.eventBus.Event@796dae6e
11:48:32.834 [TC_HyperLinkCheck@0] INFO  c.b.v2.module.WebdriverModule - beforeCommandExecute: event=com.browserstack.v2.eventBus.Event@3acd8844
11:48:32.854 [TC_HyperLinkCheck@0] INFO  c.b.v2.module.WebdriverModule - afterCommandExecute: event=com.browserstack.v2.eventBus.Event@172b9cb
11:48:33.048 [TC_HyperLinkCheck@0] INFO  c.b.v2.framework.TestNgFramework - trackEvent: found instance, testFrameworkState=TestFrameworkState.LOG hookState=HookState.PRE instance=-145149897
11:48:33.048 [TC_HyperLinkCheck@0] INFO  c.b.v2.framework.TestNgFramework - trackEvent: load log entries
11:48:33.050 [TC_HyperLinkCheck@0] INFO  c.b.v2.module.TestHubModule - sendLogCreatedEvent: event=com.browserstack.v2.eventBus.Event@3d9b40c1, response=success: true

11:48:33.050 [TC_HyperLinkCheck@0] INFO  c.b.v2.module.TestHubModule - sendLogCreatedEvent: event=com.browserstack.v2.eventBus.Event@3d9b40c1
11:48:33.052 [TC_HyperLinkCheck@0] INFO  c.b.v2.module.WebdriverModule - beforeCommandExecute: event=com.browserstack.v2.eventBus.Event@6d22c67f
11:48:33.075 [TC_HyperLinkCheck@0] INFO  c.b.v2.module.WebdriverModule - afterCommandExecute: event=com.browserstack.v2.eventBus.Event@7189c3d4
11:48:33.151 [TC_LF_005_verify_empty_login@1] INFO  c.b.v2.module.WebdriverModule - afterCommandExecute: event=com.browserstack.v2.eventBus.Event@1e666784
11:48:33.151 [TC_LF_005_verify_empty_login@1] INFO  c.b.v2.module.WebdriverModule - beforeCommandExecute: event=com.browserstack.v2.eventBus.Event@253a78b3
11:48:33.207 [TC_LF_005_verify_empty_login@1] INFO  c.b.v2.module.WebdriverModule - afterCommandExecute: event=com.browserstack.v2.eventBus.Event@78eccd49
11:48:33.207 [TC_LF_005_verify_empty_login@1] INFO  c.b.v2.module.WebdriverModule - beforeCommandExecute: event=com.browserstack.v2.eventBus.Event@24002d73
11:48:33.447 [TC_HyperLinkCheck@0] INFO  c.b.v2.framework.TestNgFramework - trackEvent: found instance, testFrameworkState=TestFrameworkState.LOG hookState=HookState.PRE instance=-145149897
11:48:33.447 [TC_HyperLinkCheck@0] INFO  c.b.v2.framework.TestNgFramework - trackEvent: load log entries
11:48:33.449 [TC_HyperLinkCheck@0] INFO  c.b.v2.module.TestHubModule - sendLogCreatedEvent: event=com.browserstack.v2.eventBus.Event@30b4edfc, response=success: true

11:48:33.449 [TC_HyperLinkCheck@0] INFO  c.b.v2.module.TestHubModule - sendLogCreatedEvent: event=com.browserstack.v2.eventBus.Event@30b4edfc
11:48:33.451 [TC_HyperLinkCheck@0] INFO  c.b.v2.module.WebdriverModule - beforeCommandExecute: event=com.browserstack.v2.eventBus.Event@3ae68239
11:48:33.461 [TC_LF_005_verify_empty_login@1] INFO  c.b.v2.module.WebdriverModule - afterCommandExecute: event=com.browserstack.v2.eventBus.Event@1417aab8
11:48:33.461 [TC_LF_005_verify_empty_login@1] INFO  c.b.v2.module.WebdriverModule - beforeCommandExecute: event=com.browserstack.v2.eventBus.Event@4cc7877a
11:48:33.489 [TC_HyperLinkCheck@0] INFO  c.b.v2.module.WebdriverModule - afterCommandExecute: event=com.browserstack.v2.eventBus.Event@1f19ce16
11:48:33.499 [TC_LF_005_verify_empty_login@1] INFO  c.b.v2.module.WebdriverModule - afterCommandExecute: event=com.browserstack.v2.eventBus.Event@6e77430d
11:48:33.499 [TC_LF_005_verify_empty_login@1] INFO  c.b.v2.module.WebdriverModule - beforeCommandExecute: event=com.browserstack.v2.eventBus.Event@ac6c504
11:48:33.629 [TC_HyperLinkCheck@0] INFO  c.b.v2.framework.TestNgFramework - trackEvent: found instance, testFrameworkState=TestFrameworkState.LOG hookState=HookState.PRE instance=-145149897
11:48:33.629 [TC_HyperLinkCheck@0] INFO  c.b.v2.framework.TestNgFramework - trackEvent: load log entries
11:48:33.631 [TC_HyperLinkCheck@0] INFO  c.b.v2.module.TestHubModule - sendLogCreatedEvent: event=com.browserstack.v2.eventBus.Event@2fb2109a, response=success: true

11:48:33.631 [TC_HyperLinkCheck@0] INFO  c.b.v2.module.TestHubModule - sendLogCreatedEvent: event=com.browserstack.v2.eventBus.Event@2fb2109a
11:48:33.633 [TC_HyperLinkCheck@0] INFO  c.b.v2.module.WebdriverModule - beforeCommandExecute: event=com.browserstack.v2.eventBus.Event@292195d2
11:48:33.657 [TC_HyperLinkCheck@0] INFO  c.b.v2.module.WebdriverModule - afterCommandExecute: event=com.browserstack.v2.eventBus.Event@3886a9d1
11:48:33.757 [TC_LF_005_verify_empty_login@1] INFO  c.b.v2.module.WebdriverModule - afterCommandExecute: event=com.browserstack.v2.eventBus.Event@2ff1579b
11:48:33.758 [TC_LF_005_verify_empty_login@1] INFO  c.b.v2.module.WebdriverModule - beforeCommandExecute: event=com.browserstack.v2.eventBus.Event@4ee5618a
11:48:33.794 [TC_LF_005_verify_empty_login@1] INFO  c.b.v2.module.WebdriverModule - afterCommandExecute: event=com.browserstack.v2.eventBus.Event@4dffd5aa
11:48:33.795 [TC_LF_005_verify_empty_login@1] INFO  c.b.v2.module.WebdriverModule - beforeCommandExecute: event=com.browserstack.v2.eventBus.Event@3bcdd4fb
11:48:33.841 [TC_HyperLinkCheck@0] INFO  c.b.v2.framework.TestNgFramework - trackEvent: found instance, testFrameworkState=TestFrameworkState.LOG hookState=HookState.PRE instance=-145149897
11:48:33.841 [TC_HyperLinkCheck@0] INFO  c.b.v2.framework.TestNgFramework - trackEvent: load log entries
11:48:33.844 [TC_HyperLinkCheck@0] INFO  c.b.v2.module.TestHubModule - sendLogCreatedEvent: event=com.browserstack.v2.eventBus.Event@10637308, response=success: true

11:48:33.844 [TC_HyperLinkCheck@0] INFO  c.b.v2.module.TestHubModule - sendLogCreatedEvent: event=com.browserstack.v2.eventBus.Event@10637308
11:48:33.845 [TC_HyperLinkCheck@0] INFO  c.b.v2.module.WebdriverModule - beforeCommandExecute: event=com.browserstack.v2.eventBus.Event@7cdd5f08
11:48:33.869 [TC_HyperLinkCheck@0] INFO  c.b.v2.module.WebdriverModule - afterCommandExecute: event=com.browserstack.v2.eventBus.Event@2a41f4ef
11:48:34.018 [TC_HyperLinkCheck@0] INFO  c.b.v2.framework.TestNgFramework - trackEvent: found instance, testFrameworkState=TestFrameworkState.LOG hookState=HookState.PRE instance=-145149897
11:48:34.018 [TC_HyperLinkCheck@0] INFO  c.b.v2.framework.TestNgFramework - trackEvent: load log entries
11:48:34.021 [TC_HyperLinkCheck@0] INFO  c.b.v2.module.TestHubModule - sendLogCreatedEvent: event=com.browserstack.v2.eventBus.Event@76fee6d3, response=success: true

11:48:34.021 [TC_HyperLinkCheck@0] INFO  c.b.v2.module.TestHubModule - sendLogCreatedEvent: event=com.browserstack.v2.eventBus.Event@76fee6d3
11:48:34.028 [TC_HyperLinkCheck@0] INFO  c.b.v2.module.WebdriverModule - beforeCommandExecute: event=com.browserstack.v2.eventBus.Event@5fe75c90
11:48:34.048 [TC_HyperLinkCheck@0] INFO  c.b.v2.module.WebdriverModule - afterCommandExecute: event=com.browserstack.v2.eventBus.Event@373db925
11:48:34.198 [TC_HyperLinkCheck@0] INFO  c.b.v2.framework.TestNgFramework - trackEvent: found instance, testFrameworkState=TestFrameworkState.LOG hookState=HookState.PRE instance=-145149897
11:48:34.198 [TC_HyperLinkCheck@0] INFO  c.b.v2.framework.TestNgFramework - trackEvent: load log entries
11:48:34.200 [TC_HyperLinkCheck@0] INFO  c.b.v2.module.TestHubModule - sendLogCreatedEvent: event=com.browserstack.v2.eventBus.Event@4694ac6a, response=success: true

11:48:34.200 [TC_HyperLinkCheck@0] INFO  c.b.v2.module.TestHubModule - sendLogCreatedEvent: event=com.browserstack.v2.eventBus.Event@4694ac6a
11:48:34.202 [TC_HyperLinkCheck@0] INFO  c.b.v2.module.WebdriverModule - beforeCommandExecute: event=com.browserstack.v2.eventBus.Event@32d2dfc2
11:48:34.223 [TC_HyperLinkCheck@0] INFO  c.b.v2.module.WebdriverModule - afterCommandExecute: event=com.browserstack.v2.eventBus.Event@41f725e2
11:48:34.742 [TC_HyperLinkCheck@0] INFO  c.b.v2.framework.TestNgFramework - trackEvent: found instance, testFrameworkState=TestFrameworkState.LOG hookState=HookState.PRE instance=-145149897
11:48:34.742 [TC_HyperLinkCheck@0] INFO  c.b.v2.framework.TestNgFramework - trackEvent: load log entries
11:48:34.745 [TC_HyperLinkCheck@0] INFO  c.b.v2.module.TestHubModule - sendLogCreatedEvent: event=com.browserstack.v2.eventBus.Event@558c04, response=success: true

11:48:34.745 [TC_HyperLinkCheck@0] INFO  c.b.v2.module.TestHubModule - sendLogCreatedEvent: event=com.browserstack.v2.eventBus.Event@558c04
11:48:34.747 [TC_HyperLinkCheck@0] INFO  c.b.v2.module.WebdriverModule - beforeCommandExecute: event=com.browserstack.v2.eventBus.Event@3a1db2e7
11:48:34.778 [TC_HyperLinkCheck@0] INFO  c.b.v2.module.WebdriverModule - afterCommandExecute: event=com.browserstack.v2.eventBus.Event@58198198
11:48:35.004 [TC_HyperLinkCheck@0] INFO  c.b.v2.framework.TestNgFramework - trackEvent: found instance, testFrameworkState=TestFrameworkState.LOG hookState=HookState.PRE instance=-145149897
11:48:35.004 [TC_HyperLinkCheck@0] INFO  c.b.v2.framework.TestNgFramework - trackEvent: load log entries
11:48:35.006 [TC_HyperLinkCheck@0] INFO  c.b.v2.module.TestHubModule - sendLogCreatedEvent: event=com.browserstack.v2.eventBus.Event@778c2aaa, response=success: true

11:48:35.006 [TC_HyperLinkCheck@0] INFO  c.b.v2.module.TestHubModule - sendLogCreatedEvent: event=com.browserstack.v2.eventBus.Event@778c2aaa
11:48:35.008 [TC_HyperLinkCheck@0] INFO  c.b.v2.module.WebdriverModule - beforeCommandExecute: event=com.browserstack.v2.eventBus.Event@32a3e8de
11:48:35.027 [TC_HyperLinkCheck@0] INFO  c.b.v2.module.WebdriverModule - afterCommandExecute: event=com.browserstack.v2.eventBus.Event@21808358
11:48:35.194 [TC_HyperLinkCheck@0] INFO  c.b.v2.framework.TestNgFramework - trackEvent: found instance, testFrameworkState=TestFrameworkState.LOG hookState=HookState.PRE instance=-145149897
11:48:35.194 [TC_HyperLinkCheck@0] INFO  c.b.v2.framework.TestNgFramework - trackEvent: load log entries
11:48:35.197 [TC_HyperLinkCheck@0] INFO  c.b.v2.module.TestHubModule - sendLogCreatedEvent: event=com.browserstack.v2.eventBus.Event@1122cd17, response=success: true

11:48:35.197 [TC_HyperLinkCheck@0] INFO  c.b.v2.module.TestHubModule - sendLogCreatedEvent: event=com.browserstack.v2.eventBus.Event@1122cd17
11:48:35.198 [TC_HyperLinkCheck@0] INFO  c.b.v2.module.WebdriverModule - beforeCommandExecute: event=com.browserstack.v2.eventBus.Event@768e770c
11:48:35.215 [TC_LF_005_verify_empty_login@1] INFO  c.b.v2.module.WebdriverModule - afterCommandExecute: event=com.browserstack.v2.eventBus.Event@6eab3927
11:48:35.216 [TC_LF_005_verify_empty_login@1] INFO  c.b.v2.module.WebdriverModule - beforeCommandExecute: event=com.browserstack.v2.eventBus.Event@3ecb5f5
11:48:35.218 [TC_HyperLinkCheck@0] INFO  c.b.v2.module.WebdriverModule - afterCommandExecute: event=com.browserstack.v2.eventBus.Event@1c8b9440
11:48:35.255 [TC_LF_005_verify_empty_login@1] INFO  c.b.v2.module.WebdriverModule - afterCommandExecute: event=com.browserstack.v2.eventBus.Event@3817a3f5
11:48:35.255 [TC_LF_005_verify_empty_login@1] INFO  c.b.v2.module.WebdriverModule - beforeCommandExecute: event=com.browserstack.v2.eventBus.Event@7c2f6864
11:48:35.282 [TC_LF_005_verify_empty_login@1] INFO  c.b.v2.module.WebdriverModule - afterCommandExecute: event=com.browserstack.v2.eventBus.Event@70120ec
11:48:35.282 [TC_LF_005_verify_empty_login@1] INFO  c.b.v2.framework.TestNgFramework - trackEvent: found instance, testFrameworkState=TestFrameworkState.LOG_REPORT hookState=HookState.PRE instance=-145148935
11:48:35.282 [TC_LF_005_verify_empty_login@1] INFO  c.b.v2.framework.TestNgFramework - trackEvent: found instance, testFrameworkState=TestFrameworkState.LOG_REPORT hookState=HookState.POST instance=-145148935
11:48:35.282 [TC_LF_005_verify_empty_login@1] INFO  c.b.v2.framework.TestNgFramework - trackEvent: load test results
11:48:35.282 [TC_LF_005_verify_empty_login@1] INFO  c.b.v2.framework.TestNgFramework - trackEvent: found instance, testFrameworkState=TestFrameworkState.TEST hookState=HookState.POST instance=-145148935
11:48:35.282 [TC_LF_005_verify_empty_login@1] INFO  c.b.v2.module.WebdriverModule - onAfterTest: event=com.browserstack.v2.eventBus.Event@69df54d
11:48:35.394 [TC_HyperLinkCheck@0] INFO  c.b.v2.framework.TestNgFramework - trackEvent: found instance, testFrameworkState=TestFrameworkState.LOG hookState=HookState.PRE instance=-145149897
11:48:35.394 [TC_HyperLinkCheck@0] INFO  c.b.v2.framework.TestNgFramework - trackEvent: load log entries
11:48:35.398 [TC_HyperLinkCheck@0] INFO  c.b.v2.module.TestHubModule - sendLogCreatedEvent: event=com.browserstack.v2.eventBus.Event@4003210d, response=success: true

11:48:35.398 [TC_HyperLinkCheck@0] INFO  c.b.v2.module.TestHubModule - sendLogCreatedEvent: event=com.browserstack.v2.eventBus.Event@4003210d
11:48:35.400 [TC_HyperLinkCheck@0] INFO  c.b.v2.module.WebdriverModule - beforeCommandExecute: event=com.browserstack.v2.eventBus.Event@475c895b
11:48:35.422 [TC_HyperLinkCheck@0] INFO  c.b.v2.module.WebdriverModule - afterCommandExecute: event=com.browserstack.v2.eventBus.Event@613ce1a9
11:48:35.488 [TC_LF_004_verify_valid_email_invalid_password@2] INFO  c.b.v2.module.WebdriverModule - afterCommandExecute: event=com.browserstack.v2.eventBus.Event@48bb9359
11:48:35.488 [TC_LF_004_verify_valid_email_invalid_password@2] INFO  c.b.v2.framework.TestNgFramework - trackEvent: found instance, testFrameworkState=TestFrameworkState.LOG_REPORT hookState=HookState.PRE instance=-145147973
11:48:35.488 [TC_LF_004_verify_valid_email_invalid_password@2] INFO  c.b.v2.framework.TestNgFramework - trackEvent: found instance, testFrameworkState=TestFrameworkState.LOG_REPORT hookState=HookState.POST instance=-145147973
11:48:35.488 [TC_LF_004_verify_valid_email_invalid_password@2] INFO  c.b.v2.framework.TestNgFramework - trackEvent: load test results
11:48:35.489 [TC_LF_004_verify_valid_email_invalid_password@2] INFO  c.b.v2.framework.TestNgFramework - trackEvent: found instance, testFrameworkState=TestFrameworkState.TEST hookState=HookState.POST instance=-145147973
11:48:35.489 [TC_LF_004_verify_valid_email_invalid_password@2] INFO  c.b.v2.module.WebdriverModule - onAfterTest: event=com.browserstack.v2.eventBus.Event@51d1fa85
11:48:35.590 [TC_HyperLinkCheck@0] INFO  c.b.v2.framework.TestNgFramework - trackEvent: found instance, testFrameworkState=TestFrameworkState.LOG hookState=HookState.PRE instance=-145149897
11:48:35.590 [TC_HyperLinkCheck@0] INFO  c.b.v2.framework.TestNgFramework - trackEvent: load log entries
11:48:35.593 [TC_HyperLinkCheck@0] INFO  c.b.v2.module.TestHubModule - sendLogCreatedEvent: event=com.browserstack.v2.eventBus.Event@55110a98, response=success: true

11:48:35.593 [TC_HyperLinkCheck@0] INFO  c.b.v2.module.TestHubModule - sendLogCreatedEvent: event=com.browserstack.v2.eventBus.Event@55110a98
11:48:35.594 [TC_HyperLinkCheck@0] INFO  c.b.v2.module.WebdriverModule - beforeCommandExecute: event=com.browserstack.v2.eventBus.Event@43eb8bf4
11:48:35.610 [TC_HyperLinkCheck@0] INFO  c.b.v2.module.WebdriverModule - afterCommandExecute: event=com.browserstack.v2.eventBus.Event@710c5dbf
11:48:35.614 [TC_LF_005_verify_empty_login@1] ERROR c.b.utils.SeleniumMethodUtils - Done for sessionid 9222f9ba4e3bcd407480d43b61eea7b584cd0403
11:48:35.761 [TC_HyperLinkCheck@0] INFO  c.b.v2.framework.TestNgFramework - trackEvent: found instance, testFrameworkState=TestFrameworkState.LOG hookState=HookState.PRE instance=-145149897
11:48:35.761 [TC_HyperLinkCheck@0] INFO  c.b.v2.framework.TestNgFramework - trackEvent: load log entries
11:48:35.763 [TC_HyperLinkCheck@0] INFO  c.b.v2.module.TestHubModule - sendLogCreatedEvent: event=com.browserstack.v2.eventBus.Event@2eaee233, response=success: true

11:48:35.763 [TC_HyperLinkCheck@0] INFO  c.b.v2.module.TestHubModule - sendLogCreatedEvent: event=com.browserstack.v2.eventBus.Event@2eaee233
11:48:35.766 [TC_HyperLinkCheck@0] INFO  c.b.v2.module.WebdriverModule - beforeCommandExecute: event=com.browserstack.v2.eventBus.Event@278dab19
11:48:35.782 [TC_HyperLinkCheck@0] INFO  c.b.v2.module.WebdriverModule - afterCommandExecute: event=com.browserstack.v2.eventBus.Event@53aaafb5
11:48:35.827 [TC_LF_004_verify_valid_email_invalid_password@2] ERROR c.b.utils.SeleniumMethodUtils - Done for sessionid 16c0a30a0fb02a2055b26186b717279d4c25e1d6
11:48:35.928 [TC_HyperLinkCheck@0] INFO  c.b.v2.framework.TestNgFramework - trackEvent: found instance, testFrameworkState=TestFrameworkState.LOG hookState=HookState.PRE instance=-145149897
11:48:35.928 [TC_HyperLinkCheck@0] INFO  c.b.v2.framework.TestNgFramework - trackEvent: load log entries
11:48:35.931 [TC_HyperLinkCheck@0] INFO  c.b.v2.module.TestHubModule - sendLogCreatedEvent: event=com.browserstack.v2.eventBus.Event@16dc797c, response=success: true

11:48:35.932 [TC_HyperLinkCheck@0] INFO  c.b.v2.module.TestHubModule - sendLogCreatedEvent: event=com.browserstack.v2.eventBus.Event@16dc797c
11:48:35.933 [TC_HyperLinkCheck@0] INFO  c.b.v2.module.WebdriverModule - beforeCommandExecute: event=com.browserstack.v2.eventBus.Event@309ea046
11:48:35.952 [TC_LF_005_verify_empty_login@1] INFO  c.b.v2.module.TestHubModule - onAfterTest: event={com.browserstack.v2.eventBus.Event@69df54d}
11:48:35.955 [TC_HyperLinkCheck@0] INFO  c.b.v2.module.WebdriverModule - afterCommandExecute: event=com.browserstack.v2.eventBus.Event@2c9dbaa8
11:48:35.958 [TC_LF_005_verify_empty_login@1] INFO  c.b.v2.module.TestHubModule - sendTestSessionEvent: event=com.browserstack.v2.eventBus.Event@69df54d, response=success: true

11:48:35.962 [TC_LF_005_verify_empty_login@1] INFO  c.b.v2.module.TestHubModule - sendTestFrameworkEvent: event=com.browserstack.v2.eventBus.Event@69df54d, response=success: true

11:48:35.966 [TC_LF_005_verify_empty_login@1] INFO  c.b.v2.framework.TestNgFramework - trackEvent: found instance, testFrameworkState=TestFrameworkState.AFTER_METHOD hookState=HookState.PRE instance=-145148935
11:48:35.966 [TC_LF_005_verify_empty_login@1] INFO  c.b.v2.framework.TestNgFramework - trackEvent: track hook events
11:48:36.113 [TC_HyperLinkCheck@0] INFO  c.b.v2.framework.TestNgFramework - trackEvent: found instance, testFrameworkState=TestFrameworkState.LOG hookState=HookState.PRE instance=-145149897
11:48:36.113 [TC_HyperLinkCheck@0] INFO  c.b.v2.framework.TestNgFramework - trackEvent: load log entries
11:48:36.117 [TC_HyperLinkCheck@0] INFO  c.b.v2.module.TestHubModule - sendLogCreatedEvent: event=com.browserstack.v2.eventBus.Event@604140ad, response=success: true

11:48:36.117 [TC_HyperLinkCheck@0] INFO  c.b.v2.module.TestHubModule - sendLogCreatedEvent: event=com.browserstack.v2.eventBus.Event@604140ad
11:48:36.119 [TC_HyperLinkCheck@0] INFO  c.b.v2.module.WebdriverModule - beforeCommandExecute: event=com.browserstack.v2.eventBus.Event@44c45b65
11:48:36.139 [TC_HyperLinkCheck@0] INFO  c.b.v2.module.WebdriverModule - afterCommandExecute: event=com.browserstack.v2.eventBus.Event@650af26e
11:48:36.194 [TC_LF_005_verify_empty_login@1] INFO  c.b.v2.framework.TestNgFramework - args CHECK = [TestResult name=clearCookies status=STARTED method=TS_002_Login_Functionality.clearCookies()[pri:0, instance:testCases.TS_002_Login_Functionality@4aa21f9d] output={null}]
11:48:36.194 [TC_LF_005_verify_empty_login@1] INFO  c.b.v2.framework.TestNgFramework - Hook Started in PRE key = AFTER_METHOD & hook = {hook_name=clearCookies, hook_result=pending, test_file_path=opencart\src\test\java\testCases\TS_002_Login_Functionality.java, event_started_at=2025-06-03T11:48:36.194943, hook_id=b5694867-d05a-4e41-a890-9b604ad5a2aa, hook_logs=[], key=AFTER_METHOD, custom_metadata={}, test_location=opencart\src\test\java\testCases\TS_002_Login_Functionality.java}  and args = [[TestResult name=clearCookies status=STARTED method=TS_002_Login_Functionality.clearCookies()[pri:0, instance:testCases.TS_002_Login_Functionality@4aa21f9d] output={null}], TS_002_Login_Functionality.clearCookies()[pri:0, instance:testCases.TS_002_Login_Functionality@4aa21f9d]]
11:48:36.194 [TC_LF_005_verify_empty_login@1] INFO  c.b.v2.framework.TestNgFramework - trackHookEvents: hook state=AFTER_METHOD.HookState.PRE , hooks started={AFTER_METHOD=[{hook_name=clearCookies, hook_result=pending, test_file_path=opencart\src\test\java\testCases\TS_002_Login_Functionality.java, event_started_at=2025-06-03T11:48:36.194943, hook_id=b5694867-d05a-4e41-a890-9b604ad5a2aa, hook_logs=[], key=AFTER_METHOD, custom_metadata={}, test_location=opencart\src\test\java\testCases\TS_002_Login_Functionality.java}]} , hooks finished={AFTER_METHOD=[]}
11:48:36.197 [TC_LF_005_verify_empty_login@1] INFO  c.b.v2.module.TestHubModule - sendTestFrameworkEvent: event=com.browserstack.v2.eventBus.Event@40881b6a, response=success: true

11:48:36.199 [clearCookies@1] INFO  c.b.v2.module.WebdriverModule - beforeCommandExecute: event=com.browserstack.v2.eventBus.Event@7994568a
11:48:36.199 [clearCookies@1] INFO  c.b.v2.module.WebdriverModule - beforeCommandExecute: event=com.browserstack.v2.eventBus.Event@14b23dde
11:48:36.278 [clearCookies@1] INFO  c.b.v2.module.WebdriverModule - afterCommandExecute: event=com.browserstack.v2.eventBus.Event@14e13769
11:48:36.278 [clearCookies@1] INFO  c.b.v2.module.WebdriverModule - afterCommandExecute: event=com.browserstack.v2.eventBus.Event@7684ea3a
11:48:36.278 [clearCookies@1] INFO  c.b.v2.framework.TestNgFramework - trackEvent: found instance, testFrameworkState=TestFrameworkState.AFTER_METHOD hookState=HookState.POST instance=-145148935
11:48:36.278 [clearCookies@1] INFO  c.b.v2.framework.TestNgFramework - trackEvent: track hook events
11:48:36.297 [TC_HyperLinkCheck@0] INFO  c.b.v2.framework.TestNgFramework - trackEvent: found instance, testFrameworkState=TestFrameworkState.LOG hookState=HookState.PRE instance=-145149897
11:48:36.297 [TC_HyperLinkCheck@0] INFO  c.b.v2.framework.TestNgFramework - trackEvent: load log entries
11:48:36.299 [TC_HyperLinkCheck@0] INFO  c.b.v2.module.TestHubModule - sendLogCreatedEvent: event=com.browserstack.v2.eventBus.Event@7b071b51, response=success: true

11:48:36.299 [TC_HyperLinkCheck@0] INFO  c.b.v2.module.TestHubModule - sendLogCreatedEvent: event=com.browserstack.v2.eventBus.Event@7b071b51
11:48:36.300 [TC_HyperLinkCheck@0] INFO  c.b.v2.module.WebdriverModule - beforeCommandExecute: event=com.browserstack.v2.eventBus.Event@277e3908
11:48:36.321 [TC_HyperLinkCheck@0] INFO  c.b.v2.module.WebdriverModule - afterCommandExecute: event=com.browserstack.v2.eventBus.Event@1f67d3d4
11:48:36.490 [TC_HyperLinkCheck@0] INFO  c.b.v2.framework.TestNgFramework - trackEvent: found instance, testFrameworkState=TestFrameworkState.LOG hookState=HookState.PRE instance=-145149897
11:48:36.491 [TC_HyperLinkCheck@0] INFO  c.b.v2.framework.TestNgFramework - trackEvent: load log entries
11:48:36.497 [TC_HyperLinkCheck@0] INFO  c.b.v2.module.TestHubModule - sendLogCreatedEvent: event=com.browserstack.v2.eventBus.Event@79ea6820, response=success: true

11:48:36.498 [TC_HyperLinkCheck@0] INFO  c.b.v2.module.TestHubModule - sendLogCreatedEvent: event=com.browserstack.v2.eventBus.Event@79ea6820
11:48:36.501 [TC_HyperLinkCheck@0] INFO  c.b.v2.module.WebdriverModule - beforeCommandExecute: event=com.browserstack.v2.eventBus.Event@7af3839b
11:48:36.523 [TC_HyperLinkCheck@0] INFO  c.b.v2.module.WebdriverModule - afterCommandExecute: event=com.browserstack.v2.eventBus.Event@54b6dd
11:48:36.540 [clearCookies@1] INFO  c.b.v2.framework.TestNgFramework - args CHECK = [TestResult name=clearCookies status=SUCCESS method=TS_002_Login_Functionality.clearCookies()[pri:0, instance:testCases.TS_002_Login_Functionality@4aa21f9d] output={null}]
11:48:36.540 [clearCookies@1] INFO  c.b.v2.framework.TestNgFramework - Hook List in Post [{hook_name=clearCookies, hook_result=pending, test_file_path=opencart\src\test\java\testCases\TS_002_Login_Functionality.java, event_started_at=2025-06-03T11:48:36.194943, hook_id=b5694867-d05a-4e41-a890-9b604ad5a2aa, hook_logs=[], key=AFTER_METHOD, custom_metadata={}, test_location=opencart\src\test\java\testCases\TS_002_Login_Functionality.java}] and args = [[TestResult name=clearCookies status=SUCCESS method=TS_002_Login_Functionality.clearCookies()[pri:0, instance:testCases.TS_002_Login_Functionality@4aa21f9d] output={null}], TS_002_Login_Functionality.clearCookies()[pri:0, instance:testCases.TS_002_Login_Functionality@4aa21f9d]]
11:48:36.540 [clearCookies@1] INFO  c.b.v2.framework.TestNgFramework - Processing HookLevel attachments from directory: C:\Users\devbase\.browserstack\UploadedAttachments-66\HookLevel
11:48:36.540 [clearCookies@1] INFO  c.b.v2.framework.TestNgFramework - Checking hookLevelFiles: []
11:48:36.540 [clearCookies@1] INFO  c.b.v2.framework.TestNgFramework - checking Paths of files = C:\Users\devbase\.browserstack\UploadedAttachments-66\HookLevel\BuildLevelHookEvent and abs path = C:\Users\devbase\.browserstack\UploadedAttachments-66\HookLevel\BuildLevelHookEvent 
11:48:36.540 [clearCookies@1] INFO  c.b.v2.framework.TestNgFramework - Processing BuildLevelHookEvent attachments from directory: C:\Users\devbase\.browserstack\UploadedAttachments-66\HookLevel\BuildLevelHookEvent
11:48:36.540 [clearCookies@1] INFO  c.b.v2.framework.TestNgFramework - Processing TestLevel attachments eventLogs: []
11:48:36.540 [clearCookies@1] INFO  c.b.v2.framework.TestNgFramework - sendLogCreatedEvent: No Log Events to send
11:48:36.540 [clearCookies@1] INFO  c.b.v2.framework.TestNgFramework - trackHookEvents: hook state=AFTER_METHOD.HookState.POST , hooks started={AFTER_METHOD=[]} , hooks finished={AFTER_METHOD=[{hook_name=clearCookies, hook_result=passed, test_file_path=opencart\src\test\java\testCases\TS_002_Login_Functionality.java, event_started_at=2025-06-03T11:48:36.194943, hook_id=b5694867-d05a-4e41-a890-9b604ad5a2aa, hook_logs=[], logs=[], key=AFTER_METHOD, custom_metadata={}, event_ended_at=2025-06-03T11:48:36.540023, test_location=opencart\src\test\java\testCases\TS_002_Login_Functionality.java}]}
11:48:36.548 [clearCookies@1] INFO  c.b.v2.module.TestHubModule - sendTestFrameworkEvent: event=com.browserstack.v2.eventBus.Event@64e58f64, response=success: true

11:48:36.555 [clearCookies@1] INFO  c.b.v2.framework.TestNgFramework - trackTestNgTest: saved instance contextId=-145148935 target=C:/Users/RPA Base/Projects/opencart/src/test/java/testCases-1@1 instances=[-145148935, -145147973, -145149897]
11:48:36.555 [clearCookies@1] INFO  c.b.v2.framework.TestNgFramework - trackEvent: found instance, testFrameworkState=TestFrameworkState.TEST hookState=HookState.PRE instance=-145148935
11:48:36.679 [TC_HyperLinkCheck@0] INFO  c.b.v2.framework.TestNgFramework - trackEvent: found instance, testFrameworkState=TestFrameworkState.LOG hookState=HookState.PRE instance=-145149897
11:48:36.679 [TC_HyperLinkCheck@0] INFO  c.b.v2.framework.TestNgFramework - trackEvent: load log entries
11:48:36.682 [TC_HyperLinkCheck@0] INFO  c.b.v2.module.TestHubModule - sendLogCreatedEvent: event=com.browserstack.v2.eventBus.Event@15294b46, response=success: true

11:48:36.682 [TC_HyperLinkCheck@0] INFO  c.b.v2.module.TestHubModule - sendLogCreatedEvent: event=com.browserstack.v2.eventBus.Event@15294b46
11:48:36.683 [TC_HyperLinkCheck@0] INFO  c.b.v2.module.WebdriverModule - beforeCommandExecute: event=com.browserstack.v2.eventBus.Event@d426c45
11:48:36.699 [TC_LF_004_verify_valid_email_invalid_password@2] INFO  c.b.v2.module.TestHubModule - onAfterTest: event={com.browserstack.v2.eventBus.Event@51d1fa85}
11:48:36.705 [TC_LF_004_verify_valid_email_invalid_password@2] INFO  c.b.v2.module.TestHubModule - sendTestSessionEvent: event=com.browserstack.v2.eventBus.Event@51d1fa85, response=success: true

11:48:36.712 [TC_LF_004_verify_valid_email_invalid_password@2] INFO  c.b.v2.module.TestHubModule - sendTestFrameworkEvent: event=com.browserstack.v2.eventBus.Event@51d1fa85, response=success: true

11:48:36.717 [TC_HyperLinkCheck@0] INFO  c.b.v2.module.WebdriverModule - afterCommandExecute: event=com.browserstack.v2.eventBus.Event@3a79c454
11:48:36.719 [TC_LF_004_verify_valid_email_invalid_password@2] INFO  c.b.v2.framework.TestNgFramework - trackEvent: found instance, testFrameworkState=TestFrameworkState.AFTER_METHOD hookState=HookState.PRE instance=-145147973
11:48:36.719 [TC_LF_004_verify_valid_email_invalid_password@2] INFO  c.b.v2.framework.TestNgFramework - trackEvent: track hook events
11:48:36.853 [clearCookies@1] INFO  c.b.v2.framework.TestNgFramework - trackEvent: loaded initial test data to instance, testFrameworkState=TestFrameworkState.TEST hookState=HookState.PRE instance=-145148935
11:48:36.853 [clearCookies@1] INFO  c.b.v2.module.WebdriverModule - onBeforeTest: event=com.browserstack.v2.eventBus.Event@13b9791f
11:48:36.856 [clearCookies@1] INFO  c.b.v2.module.TestHubModule - sendTestFrameworkEvent: event=com.browserstack.v2.eventBus.Event@13b9791f, response=success: true

11:48:36.857 [clearCookies@1] INFO  c.b.v2.module.ObservabilityModule - onBeforeTest: event={instance=com.browserstack.v2.instance.TestFrameworkInstance@490797ed, testFrameworkState=TestFrameworkState.TEST, testInstance=com.browserstack.v2.instance.TestFrameworkInstance@490797ed, hookState=HookState.PRE}
11:48:36.857 [clearCookies@1] INFO  c.b.v2.module.ObservabilityModule - performO11ySync: Performing O11y Sync
11:48:36.864 [TC_HyperLinkCheck@0] INFO  c.b.v2.framework.TestNgFramework - trackEvent: found instance, testFrameworkState=TestFrameworkState.LOG hookState=HookState.PRE instance=-145149897
11:48:36.864 [TC_HyperLinkCheck@0] INFO  c.b.v2.framework.TestNgFramework - trackEvent: load log entries
11:48:36.866 [TC_HyperLinkCheck@0] INFO  c.b.v2.module.TestHubModule - sendLogCreatedEvent: event=com.browserstack.v2.eventBus.Event@7368f402, response=success: true

11:48:36.866 [TC_HyperLinkCheck@0] INFO  c.b.v2.module.TestHubModule - sendLogCreatedEvent: event=com.browserstack.v2.eventBus.Event@7368f402
11:48:36.867 [TC_HyperLinkCheck@0] INFO  c.b.v2.module.WebdriverModule - beforeCommandExecute: event=com.browserstack.v2.eventBus.Event@2835695c
11:48:36.867 [TC_LF_006_verify_forgot_password_link@1] INFO  c.b.v2.module.WebdriverModule - beforeCommandExecute: event=com.browserstack.v2.eventBus.Event@19ce5629
11:48:36.886 [TC_HyperLinkCheck@0] INFO  c.b.v2.module.WebdriverModule - afterCommandExecute: event=com.browserstack.v2.eventBus.Event@3095dc87
11:48:36.892 [TC_LF_006_verify_forgot_password_link@1] INFO  c.b.v2.module.WebdriverModule - afterCommandExecute: event=com.browserstack.v2.eventBus.Event@5bd84330
11:48:36.892 [TC_LF_006_verify_forgot_password_link@1] INFO  c.b.v2.module.WebdriverModule - beforeCommandExecute: event=com.browserstack.v2.eventBus.Event@6b44191e
11:48:37.037 [TC_HyperLinkCheck@0] INFO  c.b.v2.framework.TestNgFramework - trackEvent: found instance, testFrameworkState=TestFrameworkState.LOG hookState=HookState.PRE instance=-145149897
11:48:37.037 [TC_HyperLinkCheck@0] INFO  c.b.v2.framework.TestNgFramework - trackEvent: load log entries
11:48:37.046 [TC_HyperLinkCheck@0] INFO  c.b.v2.module.TestHubModule - sendLogCreatedEvent: event=com.browserstack.v2.eventBus.Event@60d1e821, response=success: true

11:48:37.046 [TC_HyperLinkCheck@0] INFO  c.b.v2.module.TestHubModule - sendLogCreatedEvent: event=com.browserstack.v2.eventBus.Event@60d1e821
11:48:37.048 [TC_HyperLinkCheck@0] INFO  c.b.v2.module.WebdriverModule - beforeCommandExecute: event=com.browserstack.v2.eventBus.Event@64e5203
11:48:37.076 [TC_HyperLinkCheck@0] INFO  c.b.v2.module.WebdriverModule - afterCommandExecute: event=com.browserstack.v2.eventBus.Event@844f944
11:48:37.112 [TC_LF_004_verify_valid_email_invalid_password@2] INFO  c.b.v2.framework.TestNgFramework - args CHECK = [TestResult name=clearCookies status=STARTED method=TS_002_Login_Functionality.clearCookies()[pri:0, instance:testCases.TS_002_Login_Functionality@440e3ce6] output={null}]
11:48:37.112 [TC_LF_004_verify_valid_email_invalid_password@2] INFO  c.b.v2.framework.TestNgFramework - Hook Started in PRE key = AFTER_METHOD & hook = {hook_name=clearCookies, hook_result=pending, test_file_path=opencart\src\test\java\testCases\TS_002_Login_Functionality.java, event_started_at=2025-06-03T11:48:37.112968400, hook_id=b7f63a09-3571-49cb-bb3a-6c7141ec19f5, hook_logs=[], key=AFTER_METHOD, custom_metadata={}, test_location=opencart\src\test\java\testCases\TS_002_Login_Functionality.java}  and args = [[TestResult name=clearCookies status=STARTED method=TS_002_Login_Functionality.clearCookies()[pri:0, instance:testCases.TS_002_Login_Functionality@440e3ce6] output={null}], TS_002_Login_Functionality.clearCookies()[pri:0, instance:testCases.TS_002_Login_Functionality@440e3ce6]]
11:48:37.112 [TC_LF_004_verify_valid_email_invalid_password@2] INFO  c.b.v2.framework.TestNgFramework - trackHookEvents: hook state=AFTER_METHOD.HookState.PRE , hooks started={AFTER_METHOD=[{hook_name=clearCookies, hook_result=pending, test_file_path=opencart\src\test\java\testCases\TS_002_Login_Functionality.java, event_started_at=2025-06-03T11:48:37.112968400, hook_id=b7f63a09-3571-49cb-bb3a-6c7141ec19f5, hook_logs=[], key=AFTER_METHOD, custom_metadata={}, test_location=opencart\src\test\java\testCases\TS_002_Login_Functionality.java}]} , hooks finished={AFTER_METHOD=[]}
11:48:37.116 [TC_LF_004_verify_valid_email_invalid_password@2] INFO  c.b.v2.module.TestHubModule - sendTestFrameworkEvent: event=com.browserstack.v2.eventBus.Event@41e90c97, response=success: true

11:48:37.117 [clearCookies@2] INFO  c.b.v2.module.WebdriverModule - beforeCommandExecute: event=com.browserstack.v2.eventBus.Event@1b93f684
11:48:37.117 [clearCookies@2] INFO  c.b.v2.module.WebdriverModule - beforeCommandExecute: event=com.browserstack.v2.eventBus.Event@876607b
11:48:37.193 [clearCookies@2] INFO  c.b.v2.module.WebdriverModule - afterCommandExecute: event=com.browserstack.v2.eventBus.Event@1f24856
11:48:37.193 [clearCookies@2] INFO  c.b.v2.module.WebdriverModule - afterCommandExecute: event=com.browserstack.v2.eventBus.Event@3bd9d74
11:48:37.193 [clearCookies@2] INFO  c.b.v2.framework.TestNgFramework - trackEvent: found instance, testFrameworkState=TestFrameworkState.AFTER_METHOD hookState=HookState.POST instance=-145147973
11:48:37.193 [clearCookies@2] INFO  c.b.v2.framework.TestNgFramework - trackEvent: track hook events
11:48:37.215 [TC_LF_006_verify_forgot_password_link@1] INFO  c.b.v2.module.WebdriverModule - afterCommandExecute: event=com.browserstack.v2.eventBus.Event@6c4a6862
11:48:37.216 [TC_LF_006_verify_forgot_password_link@1] INFO  c.b.v2.module.WebdriverModule - beforeCommandExecute: event=com.browserstack.v2.eventBus.Event@e8c68f2
11:48:37.218 [TC_HyperLinkCheck@0] INFO  c.b.v2.framework.TestNgFramework - trackEvent: found instance, testFrameworkState=TestFrameworkState.LOG hookState=HookState.PRE instance=-145149897
11:48:37.218 [TC_HyperLinkCheck@0] INFO  c.b.v2.framework.TestNgFramework - trackEvent: load log entries
11:48:37.222 [TC_HyperLinkCheck@0] INFO  c.b.v2.module.TestHubModule - sendLogCreatedEvent: event=com.browserstack.v2.eventBus.Event@1329fde9, response=success: true

11:48:37.223 [TC_HyperLinkCheck@0] INFO  c.b.v2.module.TestHubModule - sendLogCreatedEvent: event=com.browserstack.v2.eventBus.Event@1329fde9
11:48:37.225 [TC_HyperLinkCheck@0] INFO  c.b.v2.module.WebdriverModule - beforeCommandExecute: event=com.browserstack.v2.eventBus.Event@88beff
11:48:37.242 [TC_HyperLinkCheck@0] INFO  c.b.v2.module.WebdriverModule - afterCommandExecute: event=com.browserstack.v2.eventBus.Event@308825bc
11:48:37.273 [TC_LF_006_verify_forgot_password_link@1] INFO  c.b.v2.module.WebdriverModule - afterCommandExecute: event=com.browserstack.v2.eventBus.Event@159ce18d
11:48:37.274 [TC_LF_006_verify_forgot_password_link@1] INFO  c.b.v2.module.WebdriverModule - beforeCommandExecute: event=com.browserstack.v2.eventBus.Event@4daddcd
11:48:37.394 [TC_HyperLinkCheck@0] INFO  c.b.v2.framework.TestNgFramework - trackEvent: found instance, testFrameworkState=TestFrameworkState.LOG hookState=HookState.PRE instance=-145149897
11:48:37.394 [TC_HyperLinkCheck@0] INFO  c.b.v2.framework.TestNgFramework - trackEvent: load log entries
11:48:37.397 [TC_HyperLinkCheck@0] INFO  c.b.v2.module.TestHubModule - sendLogCreatedEvent: event=com.browserstack.v2.eventBus.Event@3f0c5e7f, response=success: true

11:48:37.397 [TC_HyperLinkCheck@0] INFO  c.b.v2.module.TestHubModule - sendLogCreatedEvent: event=com.browserstack.v2.eventBus.Event@3f0c5e7f
11:48:37.398 [TC_HyperLinkCheck@0] INFO  c.b.v2.module.WebdriverModule - beforeCommandExecute: event=com.browserstack.v2.eventBus.Event@57afb7ad
11:48:37.402 [clearCookies@2] INFO  c.b.v2.framework.TestNgFramework - args CHECK = [TestResult name=clearCookies status=SUCCESS method=TS_002_Login_Functionality.clearCookies()[pri:0, instance:testCases.TS_002_Login_Functionality@440e3ce6] output={null}]
11:48:37.402 [clearCookies@2] INFO  c.b.v2.framework.TestNgFramework - Hook List in Post [{hook_name=clearCookies, hook_result=pending, test_file_path=opencart\src\test\java\testCases\TS_002_Login_Functionality.java, event_started_at=2025-06-03T11:48:37.112968400, hook_id=b7f63a09-3571-49cb-bb3a-6c7141ec19f5, hook_logs=[], key=AFTER_METHOD, custom_metadata={}, test_location=opencart\src\test\java\testCases\TS_002_Login_Functionality.java}] and args = [[TestResult name=clearCookies status=SUCCESS method=TS_002_Login_Functionality.clearCookies()[pri:0, instance:testCases.TS_002_Login_Functionality@440e3ce6] output={null}], TS_002_Login_Functionality.clearCookies()[pri:0, instance:testCases.TS_002_Login_Functionality@440e3ce6]]
11:48:37.402 [clearCookies@2] INFO  c.b.v2.framework.TestNgFramework - Processing HookLevel attachments from directory: C:\Users\devbase\.browserstack\UploadedAttachments-67\HookLevel
11:48:37.402 [clearCookies@2] INFO  c.b.v2.framework.TestNgFramework - Checking hookLevelFiles: []
11:48:37.403 [clearCookies@2] INFO  c.b.v2.framework.TestNgFramework - checking Paths of files = C:\Users\devbase\.browserstack\UploadedAttachments-67\HookLevel\BuildLevelHookEvent and abs path = C:\Users\devbase\.browserstack\UploadedAttachments-67\HookLevel\BuildLevelHookEvent 
11:48:37.403 [clearCookies@2] INFO  c.b.v2.framework.TestNgFramework - Processing BuildLevelHookEvent attachments from directory: C:\Users\devbase\.browserstack\UploadedAttachments-67\HookLevel\BuildLevelHookEvent
11:48:37.403 [clearCookies@2] INFO  c.b.v2.framework.TestNgFramework - Processing TestLevel attachments eventLogs: []
11:48:37.403 [clearCookies@2] INFO  c.b.v2.framework.TestNgFramework - sendLogCreatedEvent: No Log Events to send
11:48:37.403 [clearCookies@2] INFO  c.b.v2.framework.TestNgFramework - trackHookEvents: hook state=AFTER_METHOD.HookState.POST , hooks started={AFTER_METHOD=[]} , hooks finished={AFTER_METHOD=[{hook_name=clearCookies, hook_result=passed, test_file_path=opencart\src\test\java\testCases\TS_002_Login_Functionality.java, event_started_at=2025-06-03T11:48:37.112968400, hook_id=b7f63a09-3571-49cb-bb3a-6c7141ec19f5, hook_logs=[], logs=[], key=AFTER_METHOD, custom_metadata={}, event_ended_at=2025-06-03T11:48:37.402167200, test_location=opencart\src\test\java\testCases\TS_002_Login_Functionality.java}]}
11:48:37.406 [clearCookies@2] INFO  c.b.v2.module.TestHubModule - sendTestFrameworkEvent: event=com.browserstack.v2.eventBus.Event@40ca80f2, response=success: true

11:48:37.410 [clearCookies@2] INFO  c.b.v2.framework.TestNgFramework - trackTestNgTest: saved instance contextId=-145147973 target=C:/Users/RPA Base/Projects/opencart/src/test/java/testCases-2@2 instances=[-145148935, -145147973, -145149897]
11:48:37.410 [clearCookies@2] INFO  c.b.v2.framework.TestNgFramework - trackEvent: found instance, testFrameworkState=TestFrameworkState.TEST hookState=HookState.PRE instance=-145147973
11:48:37.414 [TC_HyperLinkCheck@0] INFO  c.b.v2.module.WebdriverModule - afterCommandExecute: event=com.browserstack.v2.eventBus.Event@3f98ffc4
11:48:37.567 [TC_HyperLinkCheck@0] INFO  c.b.v2.framework.TestNgFramework - trackEvent: found instance, testFrameworkState=TestFrameworkState.LOG hookState=HookState.PRE instance=-145149897
11:48:37.567 [TC_HyperLinkCheck@0] INFO  c.b.v2.framework.TestNgFramework - trackEvent: load log entries
11:48:37.570 [TC_HyperLinkCheck@0] INFO  c.b.v2.module.TestHubModule - sendLogCreatedEvent: event=com.browserstack.v2.eventBus.Event@10cc75ce, response=success: true

11:48:37.570 [TC_HyperLinkCheck@0] INFO  c.b.v2.module.TestHubModule - sendLogCreatedEvent: event=com.browserstack.v2.eventBus.Event@10cc75ce
11:48:37.571 [TC_HyperLinkCheck@0] INFO  c.b.v2.module.WebdriverModule - beforeCommandExecute: event=com.browserstack.v2.eventBus.Event@24e91971
11:48:37.595 [TC_HyperLinkCheck@0] INFO  c.b.v2.module.WebdriverModule - afterCommandExecute: event=com.browserstack.v2.eventBus.Event@378ef1d4
11:48:37.622 [clearCookies@2] INFO  c.b.v2.framework.TestNgFramework - trackEvent: loaded initial test data to instance, testFrameworkState=TestFrameworkState.TEST hookState=HookState.PRE instance=-145147973
11:48:37.622 [clearCookies@2] INFO  c.b.v2.module.WebdriverModule - onBeforeTest: event=com.browserstack.v2.eventBus.Event@3d11a2a9
11:48:37.624 [clearCookies@2] INFO  c.b.v2.module.TestHubModule - sendTestFrameworkEvent: event=com.browserstack.v2.eventBus.Event@3d11a2a9, response=success: true

11:48:37.626 [clearCookies@2] INFO  c.b.v2.module.ObservabilityModule - onBeforeTest: event={instance=com.browserstack.v2.instance.TestFrameworkInstance@3396a676, testFrameworkState=TestFrameworkState.TEST, testInstance=com.browserstack.v2.instance.TestFrameworkInstance@3396a676, hookState=HookState.PRE}
11:48:37.626 [clearCookies@2] INFO  c.b.v2.module.ObservabilityModule - performO11ySync: Performing O11y Sync
11:48:37.642 [TC_LF_005_verify_empty_login@2] INFO  c.b.v2.module.WebdriverModule - beforeCommandExecute: event=com.browserstack.v2.eventBus.Event@272c6e60
11:48:37.749 [TC_LF_005_verify_empty_login@2] INFO  c.b.v2.module.WebdriverModule - afterCommandExecute: event=com.browserstack.v2.eventBus.Event@19e2acae
11:48:37.749 [TC_LF_005_verify_empty_login@2] INFO  c.b.v2.module.WebdriverModule - beforeCommandExecute: event=com.browserstack.v2.eventBus.Event@74bdcf31
11:48:37.829 [TC_HyperLinkCheck@0] INFO  c.b.v2.framework.TestNgFramework - trackEvent: found instance, testFrameworkState=TestFrameworkState.LOG hookState=HookState.PRE instance=-145149897
11:48:37.829 [TC_HyperLinkCheck@0] INFO  c.b.v2.framework.TestNgFramework - trackEvent: load log entries
11:48:37.831 [TC_HyperLinkCheck@0] INFO  c.b.v2.module.TestHubModule - sendLogCreatedEvent: event=com.browserstack.v2.eventBus.Event@4077d91f, response=success: true

11:48:37.831 [TC_HyperLinkCheck@0] INFO  c.b.v2.module.TestHubModule - sendLogCreatedEvent: event=com.browserstack.v2.eventBus.Event@4077d91f
11:48:37.832 [TC_HyperLinkCheck@0] INFO  c.b.v2.module.WebdriverModule - beforeCommandExecute: event=com.browserstack.v2.eventBus.Event@18e2620d
11:48:37.850 [TC_HyperLinkCheck@0] INFO  c.b.v2.module.WebdriverModule - afterCommandExecute: event=com.browserstack.v2.eventBus.Event@f348608
11:48:37.891 [TC_LF_006_verify_forgot_password_link@1] INFO  c.b.v2.module.WebdriverModule - afterCommandExecute: event=com.browserstack.v2.eventBus.Event@31ceba4b
11:48:37.891 [TC_LF_006_verify_forgot_password_link@1] INFO  c.b.v2.module.WebdriverModule - beforeCommandExecute: event=com.browserstack.v2.eventBus.Event@2637d10a
11:48:37.923 [TC_LF_006_verify_forgot_password_link@1] INFO  c.b.v2.module.WebdriverModule - afterCommandExecute: event=com.browserstack.v2.eventBus.Event@c3951de
11:48:37.923 [TC_LF_006_verify_forgot_password_link@1] INFO  c.b.v2.module.WebdriverModule - beforeCommandExecute: event=com.browserstack.v2.eventBus.Event@11c03353
11:48:38.025 [TC_HyperLinkCheck@0] INFO  c.b.v2.framework.TestNgFramework - trackEvent: found instance, testFrameworkState=TestFrameworkState.LOG hookState=HookState.PRE instance=-145149897
11:48:38.025 [TC_HyperLinkCheck@0] INFO  c.b.v2.framework.TestNgFramework - trackEvent: load log entries
11:48:38.027 [TC_HyperLinkCheck@0] INFO  c.b.v2.module.TestHubModule - sendLogCreatedEvent: event=com.browserstack.v2.eventBus.Event@391d7d4e, response=success: true

11:48:38.027 [TC_HyperLinkCheck@0] INFO  c.b.v2.module.TestHubModule - sendLogCreatedEvent: event=com.browserstack.v2.eventBus.Event@391d7d4e
11:48:38.028 [TC_HyperLinkCheck@0] INFO  c.b.v2.module.WebdriverModule - beforeCommandExecute: event=com.browserstack.v2.eventBus.Event@46a37104
11:48:38.044 [TC_HyperLinkCheck@0] INFO  c.b.v2.module.WebdriverModule - afterCommandExecute: event=com.browserstack.v2.eventBus.Event@16e82bb5
11:48:38.265 [TC_HyperLinkCheck@0] INFO  c.b.v2.framework.TestNgFramework - trackEvent: found instance, testFrameworkState=TestFrameworkState.LOG hookState=HookState.PRE instance=-145149897
11:48:38.265 [TC_HyperLinkCheck@0] INFO  c.b.v2.framework.TestNgFramework - trackEvent: load log entries
11:48:38.268 [TC_HyperLinkCheck@0] INFO  c.b.v2.module.TestHubModule - sendLogCreatedEvent: event=com.browserstack.v2.eventBus.Event@1f222da9, response=success: true

11:48:38.268 [TC_HyperLinkCheck@0] INFO  c.b.v2.module.TestHubModule - sendLogCreatedEvent: event=com.browserstack.v2.eventBus.Event@1f222da9
11:48:38.269 [TC_HyperLinkCheck@0] INFO  c.b.v2.module.WebdriverModule - beforeCommandExecute: event=com.browserstack.v2.eventBus.Event@58f313f1
11:48:38.293 [TC_HyperLinkCheck@0] INFO  c.b.v2.module.WebdriverModule - afterCommandExecute: event=com.browserstack.v2.eventBus.Event@5f67277
11:48:38.483 [TC_HyperLinkCheck@0] INFO  c.b.v2.framework.TestNgFramework - trackEvent: found instance, testFrameworkState=TestFrameworkState.LOG hookState=HookState.PRE instance=-145149897
11:48:38.483 [TC_HyperLinkCheck@0] INFO  c.b.v2.framework.TestNgFramework - trackEvent: load log entries
11:48:38.485 [TC_HyperLinkCheck@0] INFO  c.b.v2.module.TestHubModule - sendLogCreatedEvent: event=com.browserstack.v2.eventBus.Event@1da968b6, response=success: true

11:48:38.486 [TC_HyperLinkCheck@0] INFO  c.b.v2.module.TestHubModule - sendLogCreatedEvent: event=com.browserstack.v2.eventBus.Event@1da968b6
11:48:38.487 [TC_HyperLinkCheck@0] INFO  c.b.v2.module.WebdriverModule - beforeCommandExecute: event=com.browserstack.v2.eventBus.Event@4dba4c89
11:48:38.506 [TC_HyperLinkCheck@0] INFO  c.b.v2.module.WebdriverModule - afterCommandExecute: event=com.browserstack.v2.eventBus.Event@6219aada
11:48:38.529 [TC_LF_006_verify_forgot_password_link@1] INFO  c.b.v2.module.WebdriverModule - afterCommandExecute: event=com.browserstack.v2.eventBus.Event@29b297fa
11:48:38.529 [TC_LF_006_verify_forgot_password_link@1] INFO  c.b.v2.module.WebdriverModule - beforeCommandExecute: event=com.browserstack.v2.eventBus.Event@2c610c8e
11:48:38.529 [TC_LF_006_verify_forgot_password_link@1] INFO  c.b.v2.module.WebdriverModule - beforeCommandExecute: event=com.browserstack.v2.eventBus.Event@36d03655
11:48:38.551 [TC_LF_006_verify_forgot_password_link@1] INFO  c.b.v2.module.WebdriverModule - afterCommandExecute: event=com.browserstack.v2.eventBus.Event@1aa3d540
11:48:38.551 [TC_LF_006_verify_forgot_password_link@1] INFO  c.b.v2.module.WebdriverModule - afterCommandExecute: event=com.browserstack.v2.eventBus.Event@27139ca9
11:48:38.551 [TC_LF_006_verify_forgot_password_link@1] INFO  c.b.v2.framework.TestNgFramework - trackEvent: found instance, testFrameworkState=TestFrameworkState.LOG_REPORT hookState=HookState.PRE instance=-145148935
11:48:38.551 [TC_LF_006_verify_forgot_password_link@1] INFO  c.b.v2.framework.TestNgFramework - trackEvent: found instance, testFrameworkState=TestFrameworkState.LOG_REPORT hookState=HookState.POST instance=-145148935
11:48:38.551 [TC_LF_006_verify_forgot_password_link@1] INFO  c.b.v2.framework.TestNgFramework - trackEvent: load test results
11:48:38.551 [TC_LF_006_verify_forgot_password_link@1] INFO  c.b.v2.framework.TestNgFramework - trackEvent: found instance, testFrameworkState=TestFrameworkState.TEST hookState=HookState.POST instance=-145148935
11:48:38.551 [TC_LF_006_verify_forgot_password_link@1] INFO  c.b.v2.module.WebdriverModule - onAfterTest: event=com.browserstack.v2.eventBus.Event@332f1b9
11:48:38.663 [TC_HyperLinkCheck@0] INFO  c.b.v2.framework.TestNgFramework - trackEvent: found instance, testFrameworkState=TestFrameworkState.LOG hookState=HookState.PRE instance=-145149897
11:48:38.663 [TC_HyperLinkCheck@0] INFO  c.b.v2.framework.TestNgFramework - trackEvent: load log entries
11:48:38.665 [TC_HyperLinkCheck@0] INFO  c.b.v2.module.TestHubModule - sendLogCreatedEvent: event=com.browserstack.v2.eventBus.Event@37c54633, response=success: true

11:48:38.665 [TC_HyperLinkCheck@0] INFO  c.b.v2.module.TestHubModule - sendLogCreatedEvent: event=com.browserstack.v2.eventBus.Event@37c54633
11:48:38.667 [TC_HyperLinkCheck@0] INFO  c.b.v2.module.WebdriverModule - beforeCommandExecute: event=com.browserstack.v2.eventBus.Event@1f86b59
11:48:38.689 [TC_HyperLinkCheck@0] INFO  c.b.v2.module.WebdriverModule - afterCommandExecute: event=com.browserstack.v2.eventBus.Event@690a9f53
11:48:38.840 [TC_HyperLinkCheck@0] INFO  c.b.v2.framework.TestNgFramework - trackEvent: found instance, testFrameworkState=TestFrameworkState.LOG hookState=HookState.PRE instance=-145149897
11:48:38.840 [TC_HyperLinkCheck@0] INFO  c.b.v2.framework.TestNgFramework - trackEvent: load log entries
11:48:38.842 [TC_HyperLinkCheck@0] INFO  c.b.v2.module.TestHubModule - sendLogCreatedEvent: event=com.browserstack.v2.eventBus.Event@53c076f, response=success: true

11:48:38.843 [TC_HyperLinkCheck@0] INFO  c.b.v2.module.TestHubModule - sendLogCreatedEvent: event=com.browserstack.v2.eventBus.Event@53c076f
11:48:38.844 [TC_HyperLinkCheck@0] INFO  c.b.v2.module.WebdriverModule - beforeCommandExecute: event=com.browserstack.v2.eventBus.Event@6fd0102
11:48:38.880 [TC_HyperLinkCheck@0] INFO  c.b.v2.module.WebdriverModule - afterCommandExecute: event=com.browserstack.v2.eventBus.Event@77fad6cb
11:48:38.889 [TC_LF_006_verify_forgot_password_link@1] ERROR c.b.utils.SeleniumMethodUtils - Done for sessionid 9222f9ba4e3bcd407480d43b61eea7b584cd0403
11:48:39.107 [TC_HyperLinkCheck@0] INFO  c.b.v2.framework.TestNgFramework - trackEvent: found instance, testFrameworkState=TestFrameworkState.LOG hookState=HookState.PRE instance=-145149897
11:48:39.107 [TC_HyperLinkCheck@0] INFO  c.b.v2.framework.TestNgFramework - trackEvent: load log entries
11:48:39.110 [TC_HyperLinkCheck@0] INFO  c.b.v2.module.TestHubModule - sendLogCreatedEvent: event=com.browserstack.v2.eventBus.Event@4311d058, response=success: true

11:48:39.110 [TC_HyperLinkCheck@0] INFO  c.b.v2.module.TestHubModule - sendLogCreatedEvent: event=com.browserstack.v2.eventBus.Event@4311d058
11:48:39.111 [TC_HyperLinkCheck@0] INFO  c.b.v2.module.WebdriverModule - beforeCommandExecute: event=com.browserstack.v2.eventBus.Event@858af08
11:48:39.137 [TC_HyperLinkCheck@0] INFO  c.b.v2.module.WebdriverModule - afterCommandExecute: event=com.browserstack.v2.eventBus.Event@5af92f0e
11:48:39.212 [TC_LF_006_verify_forgot_password_link@1] INFO  c.b.v2.module.TestHubModule - onAfterTest: event={com.browserstack.v2.eventBus.Event@332f1b9}
11:48:39.215 [TC_LF_006_verify_forgot_password_link@1] INFO  c.b.v2.module.TestHubModule - sendTestSessionEvent: event=com.browserstack.v2.eventBus.Event@332f1b9, response=success: true

11:48:39.219 [TC_LF_006_verify_forgot_password_link@1] INFO  c.b.v2.module.TestHubModule - sendTestFrameworkEvent: event=com.browserstack.v2.eventBus.Event@332f1b9, response=success: true

11:48:39.221 [TC_LF_006_verify_forgot_password_link@1] INFO  c.b.v2.framework.TestNgFramework - trackEvent: found instance, testFrameworkState=TestFrameworkState.AFTER_METHOD hookState=HookState.PRE instance=-145148935
11:48:39.221 [TC_LF_006_verify_forgot_password_link@1] INFO  c.b.v2.framework.TestNgFramework - trackEvent: track hook events
11:48:39.306 [TC_HyperLinkCheck@0] INFO  c.b.v2.framework.TestNgFramework - trackEvent: found instance, testFrameworkState=TestFrameworkState.LOG hookState=HookState.PRE instance=-145149897
11:48:39.306 [TC_HyperLinkCheck@0] INFO  c.b.v2.framework.TestNgFramework - trackEvent: load log entries
11:48:39.308 [TC_HyperLinkCheck@0] INFO  c.b.v2.module.TestHubModule - sendLogCreatedEvent: event=com.browserstack.v2.eventBus.Event@57636826, response=success: true

11:48:39.308 [TC_HyperLinkCheck@0] INFO  c.b.v2.module.TestHubModule - sendLogCreatedEvent: event=com.browserstack.v2.eventBus.Event@57636826
11:48:39.309 [TC_HyperLinkCheck@0] INFO  c.b.v2.module.WebdriverModule - beforeCommandExecute: event=com.browserstack.v2.eventBus.Event@732cd155
11:48:39.333 [TC_HyperLinkCheck@0] INFO  c.b.v2.module.WebdriverModule - afterCommandExecute: event=com.browserstack.v2.eventBus.Event@2652466e
11:48:39.420 [TC_LF_006_verify_forgot_password_link@1] INFO  c.b.v2.framework.TestNgFramework - args CHECK = [TestResult name=clearCookies status=STARTED method=TS_002_Login_Functionality.clearCookies()[pri:0, instance:testCases.TS_002_Login_Functionality@4aa21f9d] output={null}]
11:48:39.420 [TC_LF_006_verify_forgot_password_link@1] INFO  c.b.v2.framework.TestNgFramework - Hook Started in PRE key = AFTER_METHOD & hook = {hook_name=clearCookies, hook_result=pending, test_file_path=opencart\src\test\java\testCases\TS_002_Login_Functionality.java, event_started_at=2025-06-03T11:48:39.420057300, hook_id=25a7a840-9bdd-4061-b7ac-968ff3deb067, hook_logs=[], key=AFTER_METHOD, custom_metadata={}, test_location=opencart\src\test\java\testCases\TS_002_Login_Functionality.java}  and args = [[TestResult name=clearCookies status=STARTED method=TS_002_Login_Functionality.clearCookies()[pri:0, instance:testCases.TS_002_Login_Functionality@4aa21f9d] output={null}], TS_002_Login_Functionality.clearCookies()[pri:0, instance:testCases.TS_002_Login_Functionality@4aa21f9d]]
11:48:39.420 [TC_LF_006_verify_forgot_password_link@1] INFO  c.b.v2.framework.TestNgFramework - trackHookEvents: hook state=AFTER_METHOD.HookState.PRE , hooks started={AFTER_METHOD=[{hook_name=clearCookies, hook_result=pending, test_file_path=opencart\src\test\java\testCases\TS_002_Login_Functionality.java, event_started_at=2025-06-03T11:48:39.420057300, hook_id=25a7a840-9bdd-4061-b7ac-968ff3deb067, hook_logs=[], key=AFTER_METHOD, custom_metadata={}, test_location=opencart\src\test\java\testCases\TS_002_Login_Functionality.java}]} , hooks finished={AFTER_METHOD=[]}
11:48:39.423 [TC_LF_006_verify_forgot_password_link@1] INFO  c.b.v2.module.TestHubModule - sendTestFrameworkEvent: event=com.browserstack.v2.eventBus.Event@f4973a0, response=success: true

11:48:39.424 [clearCookies@1] INFO  c.b.v2.module.WebdriverModule - beforeCommandExecute: event=com.browserstack.v2.eventBus.Event@675a486
11:48:39.424 [clearCookies@1] INFO  c.b.v2.module.WebdriverModule - beforeCommandExecute: event=com.browserstack.v2.eventBus.Event@675dea1a
11:48:39.483 [clearCookies@1] INFO  c.b.v2.module.WebdriverModule - afterCommandExecute: event=com.browserstack.v2.eventBus.Event@23cd4122
11:48:39.483 [clearCookies@1] INFO  c.b.v2.module.WebdriverModule - afterCommandExecute: event=com.browserstack.v2.eventBus.Event@c95e1d1
11:48:39.483 [clearCookies@1] INFO  c.b.v2.framework.TestNgFramework - trackEvent: found instance, testFrameworkState=TestFrameworkState.AFTER_METHOD hookState=HookState.POST instance=-145148935
11:48:39.483 [clearCookies@1] INFO  c.b.v2.framework.TestNgFramework - trackEvent: track hook events
11:48:39.486 [TC_HyperLinkCheck@0] INFO  c.b.v2.framework.TestNgFramework - trackEvent: found instance, testFrameworkState=TestFrameworkState.LOG hookState=HookState.PRE instance=-145149897
11:48:39.486 [TC_HyperLinkCheck@0] INFO  c.b.v2.framework.TestNgFramework - trackEvent: load log entries
11:48:39.489 [TC_HyperLinkCheck@0] INFO  c.b.v2.module.TestHubModule - sendLogCreatedEvent: event=com.browserstack.v2.eventBus.Event@10fe9126, response=success: true

11:48:39.489 [TC_HyperLinkCheck@0] INFO  c.b.v2.module.TestHubModule - sendLogCreatedEvent: event=com.browserstack.v2.eventBus.Event@10fe9126
11:48:39.491 [TC_HyperLinkCheck@0] INFO  c.b.v2.module.WebdriverModule - beforeCommandExecute: event=com.browserstack.v2.eventBus.Event@2d429ce8
11:48:39.551 [TC_HyperLinkCheck@0] INFO  c.b.v2.module.WebdriverModule - afterCommandExecute: event=com.browserstack.v2.eventBus.Event@180d263f
11:48:39.681 [clearCookies@1] INFO  c.b.v2.framework.TestNgFramework - args CHECK = [TestResult name=clearCookies status=SUCCESS method=TS_002_Login_Functionality.clearCookies()[pri:0, instance:testCases.TS_002_Login_Functionality@4aa21f9d] output={null}]
11:48:39.681 [clearCookies@1] INFO  c.b.v2.framework.TestNgFramework - Hook List in Post [{hook_name=clearCookies, hook_result=pending, test_file_path=opencart\src\test\java\testCases\TS_002_Login_Functionality.java, event_started_at=2025-06-03T11:48:39.420057300, hook_id=25a7a840-9bdd-4061-b7ac-968ff3deb067, hook_logs=[], key=AFTER_METHOD, custom_metadata={}, test_location=opencart\src\test\java\testCases\TS_002_Login_Functionality.java}] and args = [[TestResult name=clearCookies status=SUCCESS method=TS_002_Login_Functionality.clearCookies()[pri:0, instance:testCases.TS_002_Login_Functionality@4aa21f9d] output={null}], TS_002_Login_Functionality.clearCookies()[pri:0, instance:testCases.TS_002_Login_Functionality@4aa21f9d]]
11:48:39.681 [clearCookies@1] INFO  c.b.v2.framework.TestNgFramework - Processing HookLevel attachments from directory: C:\Users\devbase\.browserstack\UploadedAttachments-66\HookLevel
11:48:39.681 [clearCookies@1] INFO  c.b.v2.framework.TestNgFramework - Checking hookLevelFiles: []
11:48:39.681 [clearCookies@1] INFO  c.b.v2.framework.TestNgFramework - checking Paths of files = C:\Users\devbase\.browserstack\UploadedAttachments-66\HookLevel\BuildLevelHookEvent and abs path = C:\Users\devbase\.browserstack\UploadedAttachments-66\HookLevel\BuildLevelHookEvent 
11:48:39.681 [clearCookies@1] INFO  c.b.v2.framework.TestNgFramework - Processing BuildLevelHookEvent attachments from directory: C:\Users\devbase\.browserstack\UploadedAttachments-66\HookLevel\BuildLevelHookEvent
11:48:39.681 [clearCookies@1] INFO  c.b.v2.framework.TestNgFramework - Processing TestLevel attachments eventLogs: []
11:48:39.681 [clearCookies@1] INFO  c.b.v2.framework.TestNgFramework - sendLogCreatedEvent: No Log Events to send
11:48:39.681 [clearCookies@1] INFO  c.b.v2.framework.TestNgFramework - trackHookEvents: hook state=AFTER_METHOD.HookState.POST , hooks started={AFTER_METHOD=[]} , hooks finished={AFTER_METHOD=[{hook_name=clearCookies, hook_result=passed, test_file_path=opencart\src\test\java\testCases\TS_002_Login_Functionality.java, event_started_at=2025-06-03T11:48:39.420057300, hook_id=25a7a840-9bdd-4061-b7ac-968ff3deb067, hook_logs=[], logs=[], key=AFTER_METHOD, custom_metadata={}, event_ended_at=2025-06-03T11:48:39.681121900, test_location=opencart\src\test\java\testCases\TS_002_Login_Functionality.java}]}
11:48:39.684 [clearCookies@1] INFO  c.b.v2.module.TestHubModule - sendTestFrameworkEvent: event=com.browserstack.v2.eventBus.Event@455f6866, response=success: true

11:48:39.687 [clearCookies@1] INFO  c.b.v2.framework.TestNgFramework - trackTestNgTest: saved instance contextId=-145148935 target=C:/Users/RPA Base/Projects/opencart/src/test/java/testCases-1@1 instances=[-145148935, -145147973, -145149897]
11:48:39.687 [clearCookies@1] INFO  c.b.v2.framework.TestNgFramework - trackEvent: found instance, testFrameworkState=TestFrameworkState.TEST hookState=HookState.PRE instance=-145148935
11:48:39.770 [TC_HyperLinkCheck@0] INFO  c.b.v2.framework.TestNgFramework - trackEvent: found instance, testFrameworkState=TestFrameworkState.LOG hookState=HookState.PRE instance=-145149897
11:48:39.770 [TC_HyperLinkCheck@0] INFO  c.b.v2.framework.TestNgFramework - trackEvent: load log entries
11:48:39.773 [TC_HyperLinkCheck@0] INFO  c.b.v2.module.TestHubModule - sendLogCreatedEvent: event=com.browserstack.v2.eventBus.Event@19b0eaae, response=success: true

11:48:39.773 [TC_HyperLinkCheck@0] INFO  c.b.v2.module.TestHubModule - sendLogCreatedEvent: event=com.browserstack.v2.eventBus.Event@19b0eaae
11:48:39.774 [TC_HyperLinkCheck@0] INFO  c.b.v2.module.WebdriverModule - beforeCommandExecute: event=com.browserstack.v2.eventBus.Event@14af5ea6
11:48:39.798 [TC_HyperLinkCheck@0] INFO  c.b.v2.module.WebdriverModule - afterCommandExecute: event=com.browserstack.v2.eventBus.Event@59ea7208
11:48:39.882 [clearCookies@1] INFO  c.b.v2.framework.TestNgFramework - trackEvent: loaded initial test data to instance, testFrameworkState=TestFrameworkState.TEST hookState=HookState.PRE instance=-145148935
11:48:39.883 [clearCookies@1] INFO  c.b.v2.module.WebdriverModule - onBeforeTest: event=com.browserstack.v2.eventBus.Event@3ee87eab
11:48:39.886 [clearCookies@1] INFO  c.b.v2.module.TestHubModule - sendTestFrameworkEvent: event=com.browserstack.v2.eventBus.Event@3ee87eab, response=success: true

11:48:39.887 [clearCookies@1] INFO  c.b.v2.module.ObservabilityModule - onBeforeTest: event={instance=com.browserstack.v2.instance.TestFrameworkInstance@ba55dd3, testFrameworkState=TestFrameworkState.TEST, testInstance=com.browserstack.v2.instance.TestFrameworkInstance@ba55dd3, hookState=HookState.PRE}
11:48:39.887 [clearCookies@1] INFO  c.b.v2.module.ObservabilityModule - performO11ySync: Performing O11y Sync
11:48:39.899 [TC_LF_007_verify_email_password_placeholder@1] INFO  c.b.v2.module.WebdriverModule - beforeCommandExecute: event=com.browserstack.v2.eventBus.Event@239bbcdf
11:48:39.926 [TC_LF_007_verify_email_password_placeholder@1] INFO  c.b.v2.module.WebdriverModule - afterCommandExecute: event=com.browserstack.v2.eventBus.Event@3410a096
11:48:39.926 [TC_LF_007_verify_email_password_placeholder@1] INFO  c.b.v2.module.WebdriverModule - beforeCommandExecute: event=com.browserstack.v2.eventBus.Event@552a637c
11:48:40.023 [TC_HyperLinkCheck@0] INFO  c.b.v2.framework.TestNgFramework - trackEvent: found instance, testFrameworkState=TestFrameworkState.LOG hookState=HookState.PRE instance=-145149897
11:48:40.023 [TC_HyperLinkCheck@0] INFO  c.b.v2.framework.TestNgFramework - trackEvent: load log entries
11:48:40.026 [TC_HyperLinkCheck@0] INFO  c.b.v2.module.TestHubModule - sendLogCreatedEvent: event=com.browserstack.v2.eventBus.Event@3a19ddd9, response=success: true

11:48:40.026 [TC_HyperLinkCheck@0] INFO  c.b.v2.module.TestHubModule - sendLogCreatedEvent: event=com.browserstack.v2.eventBus.Event@3a19ddd9
11:48:40.028 [TC_HyperLinkCheck@0] INFO  c.b.v2.module.WebdriverModule - beforeCommandExecute: event=com.browserstack.v2.eventBus.Event@609c16e9
11:48:40.046 [TC_HyperLinkCheck@0] INFO  c.b.v2.module.WebdriverModule - afterCommandExecute: event=com.browserstack.v2.eventBus.Event@37d8b62
11:48:40.251 [TC_HyperLinkCheck@0] INFO  c.b.v2.framework.TestNgFramework - trackEvent: found instance, testFrameworkState=TestFrameworkState.LOG hookState=HookState.PRE instance=-145149897
11:48:40.251 [TC_HyperLinkCheck@0] INFO  c.b.v2.framework.TestNgFramework - trackEvent: load log entries
11:48:40.253 [TC_HyperLinkCheck@0] INFO  c.b.v2.module.TestHubModule - sendLogCreatedEvent: event=com.browserstack.v2.eventBus.Event@194cb346, response=success: true

11:48:40.253 [TC_HyperLinkCheck@0] INFO  c.b.v2.module.TestHubModule - sendLogCreatedEvent: event=com.browserstack.v2.eventBus.Event@194cb346
11:48:40.254 [TC_HyperLinkCheck@0] INFO  c.b.v2.module.WebdriverModule - beforeCommandExecute: event=com.browserstack.v2.eventBus.Event@34c3852d
11:48:40.280 [TC_HyperLinkCheck@0] INFO  c.b.v2.module.WebdriverModule - afterCommandExecute: event=com.browserstack.v2.eventBus.Event@2e790773
11:48:40.298 [TC_LF_007_verify_email_password_placeholder@1] INFO  c.b.v2.module.WebdriverModule - afterCommandExecute: event=com.browserstack.v2.eventBus.Event@4b4403df
11:48:40.298 [TC_LF_007_verify_email_password_placeholder@1] INFO  c.b.v2.module.WebdriverModule - beforeCommandExecute: event=com.browserstack.v2.eventBus.Event@36d25b72
11:48:40.337 [TC_LF_007_verify_email_password_placeholder@1] INFO  c.b.v2.module.WebdriverModule - afterCommandExecute: event=com.browserstack.v2.eventBus.Event@2e7ec54e
11:48:40.337 [TC_LF_007_verify_email_password_placeholder@1] INFO  c.b.v2.module.WebdriverModule - beforeCommandExecute: event=com.browserstack.v2.eventBus.Event@766b23e9
11:48:40.493 [TC_HyperLinkCheck@0] INFO  c.b.v2.framework.TestNgFramework - trackEvent: found instance, testFrameworkState=TestFrameworkState.LOG hookState=HookState.PRE instance=-145149897
11:48:40.494 [TC_HyperLinkCheck@0] INFO  c.b.v2.framework.TestNgFramework - trackEvent: load log entries
11:48:40.496 [TC_HyperLinkCheck@0] INFO  c.b.v2.module.TestHubModule - sendLogCreatedEvent: event=com.browserstack.v2.eventBus.Event@59c55edd, response=success: true

11:48:40.496 [TC_HyperLinkCheck@0] INFO  c.b.v2.module.TestHubModule - sendLogCreatedEvent: event=com.browserstack.v2.eventBus.Event@59c55edd
11:48:40.497 [TC_HyperLinkCheck@0] INFO  c.b.v2.module.WebdriverModule - beforeCommandExecute: event=com.browserstack.v2.eventBus.Event@55ee93f0
11:48:40.516 [TC_HyperLinkCheck@0] INFO  c.b.v2.module.WebdriverModule - afterCommandExecute: event=com.browserstack.v2.eventBus.Event@2192dd33
11:48:40.679 [TC_HyperLinkCheck@0] INFO  c.b.v2.framework.TestNgFramework - trackEvent: found instance, testFrameworkState=TestFrameworkState.LOG hookState=HookState.PRE instance=-145149897
11:48:40.679 [TC_HyperLinkCheck@0] INFO  c.b.v2.framework.TestNgFramework - trackEvent: load log entries
11:48:40.681 [TC_HyperLinkCheck@0] INFO  c.b.v2.module.TestHubModule - sendLogCreatedEvent: event=com.browserstack.v2.eventBus.Event@9dd5350, response=success: true

11:48:40.681 [TC_HyperLinkCheck@0] INFO  c.b.v2.module.TestHubModule - sendLogCreatedEvent: event=com.browserstack.v2.eventBus.Event@9dd5350
11:48:40.682 [TC_HyperLinkCheck@0] INFO  c.b.v2.module.WebdriverModule - beforeCommandExecute: event=com.browserstack.v2.eventBus.Event@3c7d3124
11:48:40.704 [TC_HyperLinkCheck@0] INFO  c.b.v2.module.WebdriverModule - afterCommandExecute: event=com.browserstack.v2.eventBus.Event@7962456a
11:48:40.877 [TC_HyperLinkCheck@0] INFO  c.b.v2.framework.TestNgFramework - trackEvent: found instance, testFrameworkState=TestFrameworkState.LOG hookState=HookState.PRE instance=-145149897
11:48:40.878 [TC_HyperLinkCheck@0] INFO  c.b.v2.framework.TestNgFramework - trackEvent: load log entries
11:48:40.880 [TC_HyperLinkCheck@0] INFO  c.b.v2.module.TestHubModule - sendLogCreatedEvent: event=com.browserstack.v2.eventBus.Event@1292a7fd, response=success: true

11:48:40.880 [TC_HyperLinkCheck@0] INFO  c.b.v2.module.TestHubModule - sendLogCreatedEvent: event=com.browserstack.v2.eventBus.Event@1292a7fd
11:48:40.881 [TC_HyperLinkCheck@0] INFO  c.b.v2.module.WebdriverModule - beforeCommandExecute: event=com.browserstack.v2.eventBus.Event@6caab75f
11:48:40.905 [TC_HyperLinkCheck@0] INFO  c.b.v2.module.WebdriverModule - afterCommandExecute: event=com.browserstack.v2.eventBus.Event@2a6c5b59
11:48:40.932 [TC_LF_005_verify_empty_login@2] INFO  c.b.v2.module.WebdriverModule - afterCommandExecute: event=com.browserstack.v2.eventBus.Event@471b177e
11:48:40.933 [TC_LF_005_verify_empty_login@2] INFO  c.b.v2.framework.TestNgFramework - trackEvent: found instance, testFrameworkState=TestFrameworkState.LOG_REPORT hookState=HookState.PRE instance=-145147973
11:48:40.933 [TC_LF_005_verify_empty_login@2] INFO  c.b.v2.framework.TestNgFramework - trackEvent: found instance, testFrameworkState=TestFrameworkState.LOG_REPORT hookState=HookState.POST instance=-145147973
11:48:40.933 [TC_LF_005_verify_empty_login@2] INFO  c.b.v2.framework.TestNgFramework - trackEvent: load test results
11:48:40.933 [TC_LF_005_verify_empty_login@2] INFO  c.b.v2.framework.TestNgFramework - trackEvent: found instance, testFrameworkState=TestFrameworkState.TEST hookState=HookState.POST instance=-145147973
11:48:40.933 [TC_LF_005_verify_empty_login@2] INFO  c.b.v2.module.WebdriverModule - onAfterTest: event=com.browserstack.v2.eventBus.Event@22f3a511
11:48:41.043 [TC_LF_007_verify_email_password_placeholder@1] INFO  c.b.v2.module.WebdriverModule - afterCommandExecute: event=com.browserstack.v2.eventBus.Event@41d76b57
11:48:41.044 [TC_LF_007_verify_email_password_placeholder@1] INFO  c.b.v2.module.WebdriverModule - beforeCommandExecute: event=com.browserstack.v2.eventBus.Event@3bfa741a
11:48:41.054 [TC_HyperLinkCheck@0] INFO  c.b.v2.framework.TestNgFramework - trackEvent: found instance, testFrameworkState=TestFrameworkState.LOG hookState=HookState.PRE instance=-145149897
11:48:41.054 [TC_HyperLinkCheck@0] INFO  c.b.v2.framework.TestNgFramework - trackEvent: load log entries
11:48:41.057 [TC_HyperLinkCheck@0] INFO  c.b.v2.module.TestHubModule - sendLogCreatedEvent: event=com.browserstack.v2.eventBus.Event@7063d443, response=success: true

11:48:41.057 [TC_HyperLinkCheck@0] INFO  c.b.v2.module.TestHubModule - sendLogCreatedEvent: event=com.browserstack.v2.eventBus.Event@7063d443
11:48:41.058 [TC_HyperLinkCheck@0] INFO  c.b.v2.module.WebdriverModule - beforeCommandExecute: event=com.browserstack.v2.eventBus.Event@1ff5ceb1
11:48:41.081 [TC_HyperLinkCheck@0] INFO  c.b.v2.module.WebdriverModule - afterCommandExecute: event=com.browserstack.v2.eventBus.Event@5198db93
11:48:41.086 [TC_LF_007_verify_email_password_placeholder@1] INFO  c.b.v2.module.WebdriverModule - afterCommandExecute: event=com.browserstack.v2.eventBus.Event@2e9e9ec
11:48:41.086 [TC_LF_007_verify_email_password_placeholder@1] INFO  c.b.v2.module.WebdriverModule - beforeCommandExecute: event=com.browserstack.v2.eventBus.Event@2b020535
11:48:41.154 [TC_LF_007_verify_email_password_placeholder@1] INFO  c.b.v2.module.WebdriverModule - afterCommandExecute: event=com.browserstack.v2.eventBus.Event@251809cb
11:48:41.154 [TC_LF_007_verify_email_password_placeholder@1] INFO  c.b.v2.module.WebdriverModule - beforeCommandExecute: event=com.browserstack.v2.eventBus.Event@6a0e024b
11:48:41.191 [TC_LF_007_verify_email_password_placeholder@1] INFO  c.b.v2.module.WebdriverModule - afterCommandExecute: event=com.browserstack.v2.eventBus.Event@3bde4a90
11:48:41.191 [TC_LF_007_verify_email_password_placeholder@1] INFO  c.b.v2.module.WebdriverModule - beforeCommandExecute: event=com.browserstack.v2.eventBus.Event@1497ff5d
11:48:41.235 [TC_HyperLinkCheck@0] INFO  c.b.v2.framework.TestNgFramework - trackEvent: found instance, testFrameworkState=TestFrameworkState.LOG hookState=HookState.PRE instance=-145149897
11:48:41.235 [TC_HyperLinkCheck@0] INFO  c.b.v2.framework.TestNgFramework - trackEvent: load log entries
11:48:41.237 [TC_HyperLinkCheck@0] INFO  c.b.v2.module.TestHubModule - sendLogCreatedEvent: event=com.browserstack.v2.eventBus.Event@440444ac, response=success: true

11:48:41.238 [TC_HyperLinkCheck@0] INFO  c.b.v2.module.TestHubModule - sendLogCreatedEvent: event=com.browserstack.v2.eventBus.Event@440444ac
11:48:41.239 [TC_HyperLinkCheck@0] INFO  c.b.v2.module.WebdriverModule - beforeCommandExecute: event=com.browserstack.v2.eventBus.Event@4a344810
11:48:41.257 [TC_HyperLinkCheck@0] INFO  c.b.v2.module.WebdriverModule - afterCommandExecute: event=com.browserstack.v2.eventBus.Event@22e6aad6
11:48:41.268 [TC_LF_007_verify_email_password_placeholder@1] INFO  c.b.v2.module.WebdriverModule - afterCommandExecute: event=com.browserstack.v2.eventBus.Event@7e0e9eae
11:48:41.268 [TC_LF_007_verify_email_password_placeholder@1] INFO  c.b.v2.framework.TestNgFramework - trackEvent: found instance, testFrameworkState=TestFrameworkState.LOG_REPORT hookState=HookState.PRE instance=-145148935
11:48:41.268 [TC_LF_007_verify_email_password_placeholder@1] INFO  c.b.v2.framework.TestNgFramework - trackEvent: found instance, testFrameworkState=TestFrameworkState.LOG_REPORT hookState=HookState.POST instance=-145148935
11:48:41.268 [TC_LF_007_verify_email_password_placeholder@1] INFO  c.b.v2.framework.TestNgFramework - trackEvent: load test results
11:48:41.268 [TC_LF_007_verify_email_password_placeholder@1] INFO  c.b.v2.framework.TestNgFramework - trackEvent: found instance, testFrameworkState=TestFrameworkState.TEST hookState=HookState.POST instance=-145148935
11:48:41.268 [TC_LF_007_verify_email_password_placeholder@1] INFO  c.b.v2.module.WebdriverModule - onAfterTest: event=com.browserstack.v2.eventBus.Event@19aa7ccf
11:48:41.276 [TC_LF_005_verify_empty_login@2] ERROR c.b.utils.SeleniumMethodUtils - Done for sessionid 16c0a30a0fb02a2055b26186b717279d4c25e1d6
11:48:41.406 [TC_HyperLinkCheck@0] INFO  c.b.v2.framework.TestNgFramework - trackEvent: found instance, testFrameworkState=TestFrameworkState.LOG hookState=HookState.PRE instance=-145149897
11:48:41.406 [TC_HyperLinkCheck@0] INFO  c.b.v2.framework.TestNgFramework - trackEvent: load log entries
11:48:41.408 [TC_HyperLinkCheck@0] INFO  c.b.v2.module.TestHubModule - sendLogCreatedEvent: event=com.browserstack.v2.eventBus.Event@53c6c663, response=success: true

11:48:41.408 [TC_HyperLinkCheck@0] INFO  c.b.v2.module.TestHubModule - sendLogCreatedEvent: event=com.browserstack.v2.eventBus.Event@53c6c663
11:48:41.409 [TC_HyperLinkCheck@0] INFO  c.b.v2.module.WebdriverModule - beforeCommandExecute: event=com.browserstack.v2.eventBus.Event@2042b7e4
11:48:41.432 [TC_HyperLinkCheck@0] INFO  c.b.v2.module.WebdriverModule - afterCommandExecute: event=com.browserstack.v2.eventBus.Event@7c2ce76a
11:48:41.590 [TC_LF_005_verify_empty_login@2] INFO  c.b.v2.module.TestHubModule - onAfterTest: event={com.browserstack.v2.eventBus.Event@22f3a511}
11:48:41.590 [TC_HyperLinkCheck@0] INFO  c.b.v2.framework.TestNgFramework - trackEvent: found instance, testFrameworkState=TestFrameworkState.LOG hookState=HookState.PRE instance=-145149897
11:48:41.591 [TC_HyperLinkCheck@0] INFO  c.b.v2.framework.TestNgFramework - trackEvent: load log entries
11:48:41.595 [TC_LF_005_verify_empty_login@2] INFO  c.b.v2.module.TestHubModule - sendTestSessionEvent: event=com.browserstack.v2.eventBus.Event@22f3a511, response=success: true

11:48:41.595 [TC_HyperLinkCheck@0] INFO  c.b.v2.module.TestHubModule - sendLogCreatedEvent: event=com.browserstack.v2.eventBus.Event@602318e2, response=success: true

11:48:41.595 [TC_HyperLinkCheck@0] INFO  c.b.v2.module.TestHubModule - sendLogCreatedEvent: event=com.browserstack.v2.eventBus.Event@602318e2
11:48:41.596 [TC_HyperLinkCheck@0] INFO  c.b.v2.module.WebdriverModule - beforeCommandExecute: event=com.browserstack.v2.eventBus.Event@7b2fb43b
11:48:41.601 [TC_LF_005_verify_empty_login@2] INFO  c.b.v2.module.TestHubModule - sendTestFrameworkEvent: event=com.browserstack.v2.eventBus.Event@22f3a511, response=success: true

11:48:41.605 [TC_LF_005_verify_empty_login@2] INFO  c.b.v2.framework.TestNgFramework - trackEvent: found instance, testFrameworkState=TestFrameworkState.AFTER_METHOD hookState=HookState.PRE instance=-145147973
11:48:41.606 [TC_LF_005_verify_empty_login@2] INFO  c.b.v2.framework.TestNgFramework - trackEvent: track hook events
11:48:41.637 [TC_LF_007_verify_email_password_placeholder@1] ERROR c.b.utils.SeleniumMethodUtils - Done for sessionid 9222f9ba4e3bcd407480d43b61eea7b584cd0403
11:48:41.648 [TC_HyperLinkCheck@0] INFO  c.b.v2.module.WebdriverModule - afterCommandExecute: event=com.browserstack.v2.eventBus.Event@22be836e
11:48:41.807 [TC_LF_005_verify_empty_login@2] INFO  c.b.v2.framework.TestNgFramework - args CHECK = [TestResult name=clearCookies status=STARTED method=TS_002_Login_Functionality.clearCookies()[pri:0, instance:testCases.TS_002_Login_Functionality@440e3ce6] output={null}]
11:48:41.807 [TC_LF_005_verify_empty_login@2] INFO  c.b.v2.framework.TestNgFramework - Hook Started in PRE key = AFTER_METHOD & hook = {hook_name=clearCookies, hook_result=pending, test_file_path=opencart\src\test\java\testCases\TS_002_Login_Functionality.java, event_started_at=2025-06-03T11:48:41.807953500, hook_id=e3f09841-7fab-4789-b8ab-258787cfae95, hook_logs=[], key=AFTER_METHOD, custom_metadata={}, test_location=opencart\src\test\java\testCases\TS_002_Login_Functionality.java}  and args = [[TestResult name=clearCookies status=STARTED method=TS_002_Login_Functionality.clearCookies()[pri:0, instance:testCases.TS_002_Login_Functionality@440e3ce6] output={null}], TS_002_Login_Functionality.clearCookies()[pri:0, instance:testCases.TS_002_Login_Functionality@440e3ce6]]
11:48:41.807 [TC_LF_005_verify_empty_login@2] INFO  c.b.v2.framework.TestNgFramework - trackHookEvents: hook state=AFTER_METHOD.HookState.PRE , hooks started={AFTER_METHOD=[{hook_name=clearCookies, hook_result=pending, test_file_path=opencart\src\test\java\testCases\TS_002_Login_Functionality.java, event_started_at=2025-06-03T11:48:41.807953500, hook_id=e3f09841-7fab-4789-b8ab-258787cfae95, hook_logs=[], key=AFTER_METHOD, custom_metadata={}, test_location=opencart\src\test\java\testCases\TS_002_Login_Functionality.java}]} , hooks finished={AFTER_METHOD=[]}
11:48:41.809 [TC_LF_005_verify_empty_login@2] INFO  c.b.v2.module.TestHubModule - sendTestFrameworkEvent: event=com.browserstack.v2.eventBus.Event@71ef49f, response=success: true

11:48:41.811 [clearCookies@2] INFO  c.b.v2.module.WebdriverModule - beforeCommandExecute: event=com.browserstack.v2.eventBus.Event@2160a536
11:48:41.811 [clearCookies@2] INFO  c.b.v2.module.WebdriverModule - beforeCommandExecute: event=com.browserstack.v2.eventBus.Event@77bef37c
11:48:41.832 [TC_HyperLinkCheck@0] INFO  c.b.v2.framework.TestNgFramework - trackEvent: found instance, testFrameworkState=TestFrameworkState.LOG hookState=HookState.PRE instance=-145149897
11:48:41.832 [TC_HyperLinkCheck@0] INFO  c.b.v2.framework.TestNgFramework - trackEvent: load log entries
11:48:41.835 [TC_HyperLinkCheck@0] INFO  c.b.v2.module.TestHubModule - sendLogCreatedEvent: event=com.browserstack.v2.eventBus.Event@66fbd906, response=success: true

11:48:41.835 [TC_HyperLinkCheck@0] INFO  c.b.v2.module.TestHubModule - sendLogCreatedEvent: event=com.browserstack.v2.eventBus.Event@66fbd906
11:48:41.836 [TC_HyperLinkCheck@0] INFO  c.b.v2.module.WebdriverModule - beforeCommandExecute: event=com.browserstack.v2.eventBus.Event@720b4062
11:48:41.859 [TC_HyperLinkCheck@0] INFO  c.b.v2.module.WebdriverModule - afterCommandExecute: event=com.browserstack.v2.eventBus.Event@73a26bff
11:48:41.901 [clearCookies@2] INFO  c.b.v2.module.WebdriverModule - afterCommandExecute: event=com.browserstack.v2.eventBus.Event@7f44b18
11:48:41.901 [clearCookies@2] INFO  c.b.v2.module.WebdriverModule - afterCommandExecute: event=com.browserstack.v2.eventBus.Event@7e87f337
11:48:41.901 [clearCookies@2] INFO  c.b.v2.framework.TestNgFramework - trackEvent: found instance, testFrameworkState=TestFrameworkState.AFTER_METHOD hookState=HookState.POST instance=-145147973
11:48:41.901 [clearCookies@2] INFO  c.b.v2.framework.TestNgFramework - trackEvent: track hook events
11:48:42.012 [TC_HyperLinkCheck@0] INFO  c.b.v2.framework.TestNgFramework - trackEvent: found instance, testFrameworkState=TestFrameworkState.LOG hookState=HookState.PRE instance=-145149897
11:48:42.012 [TC_HyperLinkCheck@0] INFO  c.b.v2.framework.TestNgFramework - trackEvent: load log entries
11:48:42.015 [TC_HyperLinkCheck@0] INFO  c.b.v2.module.TestHubModule - sendLogCreatedEvent: event=com.browserstack.v2.eventBus.Event@41fb4342, response=success: true

11:48:42.015 [TC_HyperLinkCheck@0] INFO  c.b.v2.module.TestHubModule - sendLogCreatedEvent: event=com.browserstack.v2.eventBus.Event@41fb4342
11:48:42.017 [TC_HyperLinkCheck@0] INFO  c.b.v2.module.WebdriverModule - beforeCommandExecute: event=com.browserstack.v2.eventBus.Event@3804a84a
11:48:42.050 [TC_HyperLinkCheck@0] INFO  c.b.v2.module.WebdriverModule - afterCommandExecute: event=com.browserstack.v2.eventBus.Event@13da9bd2
11:48:42.096 [clearCookies@2] INFO  c.b.v2.framework.TestNgFramework - args CHECK = [TestResult name=clearCookies status=SUCCESS method=TS_002_Login_Functionality.clearCookies()[pri:0, instance:testCases.TS_002_Login_Functionality@440e3ce6] output={null}]
11:48:42.096 [clearCookies@2] INFO  c.b.v2.framework.TestNgFramework - Hook List in Post [{hook_name=clearCookies, hook_result=pending, test_file_path=opencart\src\test\java\testCases\TS_002_Login_Functionality.java, event_started_at=2025-06-03T11:48:41.807953500, hook_id=e3f09841-7fab-4789-b8ab-258787cfae95, hook_logs=[], key=AFTER_METHOD, custom_metadata={}, test_location=opencart\src\test\java\testCases\TS_002_Login_Functionality.java}] and args = [[TestResult name=clearCookies status=SUCCESS method=TS_002_Login_Functionality.clearCookies()[pri:0, instance:testCases.TS_002_Login_Functionality@440e3ce6] output={null}], TS_002_Login_Functionality.clearCookies()[pri:0, instance:testCases.TS_002_Login_Functionality@440e3ce6]]
11:48:42.096 [clearCookies@2] INFO  c.b.v2.framework.TestNgFramework - Processing HookLevel attachments from directory: C:\Users\devbase\.browserstack\UploadedAttachments-67\HookLevel
11:48:42.096 [clearCookies@2] INFO  c.b.v2.framework.TestNgFramework - Checking hookLevelFiles: []
11:48:42.096 [clearCookies@2] INFO  c.b.v2.framework.TestNgFramework - checking Paths of files = C:\Users\devbase\.browserstack\UploadedAttachments-67\HookLevel\BuildLevelHookEvent and abs path = C:\Users\devbase\.browserstack\UploadedAttachments-67\HookLevel\BuildLevelHookEvent 
11:48:42.097 [clearCookies@2] INFO  c.b.v2.framework.TestNgFramework - Processing BuildLevelHookEvent attachments from directory: C:\Users\devbase\.browserstack\UploadedAttachments-67\HookLevel\BuildLevelHookEvent
11:48:42.097 [clearCookies@2] INFO  c.b.v2.framework.TestNgFramework - Processing TestLevel attachments eventLogs: []
11:48:42.097 [clearCookies@2] INFO  c.b.v2.framework.TestNgFramework - sendLogCreatedEvent: No Log Events to send
11:48:42.097 [clearCookies@2] INFO  c.b.v2.framework.TestNgFramework - trackHookEvents: hook state=AFTER_METHOD.HookState.POST , hooks started={AFTER_METHOD=[]} , hooks finished={AFTER_METHOD=[{hook_name=clearCookies, hook_result=passed, test_file_path=opencart\src\test\java\testCases\TS_002_Login_Functionality.java, event_started_at=2025-06-03T11:48:41.807953500, hook_id=e3f09841-7fab-4789-b8ab-258787cfae95, hook_logs=[], logs=[], key=AFTER_METHOD, custom_metadata={}, event_ended_at=2025-06-03T11:48:42.096338100, test_location=opencart\src\test\java\testCases\TS_002_Login_Functionality.java}]}
11:48:42.100 [clearCookies@2] INFO  c.b.v2.module.TestHubModule - sendTestFrameworkEvent: event=com.browserstack.v2.eventBus.Event@3e99fbb8, response=success: true

11:48:42.104 [clearCookies@2] INFO  c.b.v2.framework.TestNgFramework - trackTestNgTest: saved instance contextId=-145147973 target=C:/Users/RPA Base/Projects/opencart/src/test/java/testCases-2@2 instances=[-145148935, -145147973, -145149897]
11:48:42.104 [clearCookies@2] INFO  c.b.v2.framework.TestNgFramework - trackEvent: found instance, testFrameworkState=TestFrameworkState.TEST hookState=HookState.PRE instance=-145147973
11:48:42.301 [clearCookies@2] INFO  c.b.v2.framework.TestNgFramework - trackEvent: loaded initial test data to instance, testFrameworkState=TestFrameworkState.TEST hookState=HookState.PRE instance=-145147973
11:48:42.301 [clearCookies@2] INFO  c.b.v2.module.WebdriverModule - onBeforeTest: event=com.browserstack.v2.eventBus.Event@5d799759
11:48:42.303 [clearCookies@2] INFO  c.b.v2.module.TestHubModule - sendTestFrameworkEvent: event=com.browserstack.v2.eventBus.Event@5d799759, response=success: true

11:48:42.305 [clearCookies@2] INFO  c.b.v2.module.ObservabilityModule - onBeforeTest: event={instance=com.browserstack.v2.instance.TestFrameworkInstance@2bd5025f, testFrameworkState=TestFrameworkState.TEST, testInstance=com.browserstack.v2.instance.TestFrameworkInstance@2bd5025f, hookState=HookState.PRE}
11:48:42.305 [clearCookies@2] INFO  c.b.v2.module.ObservabilityModule - performO11ySync: Performing O11y Sync
11:48:42.319 [TC_LF_006_verify_forgot_password_link@2] INFO  c.b.v2.module.WebdriverModule - beforeCommandExecute: event=com.browserstack.v2.eventBus.Event@1f1d4bd6
11:48:42.411 [TC_LF_006_verify_forgot_password_link@2] INFO  c.b.v2.module.WebdriverModule - afterCommandExecute: event=com.browserstack.v2.eventBus.Event@7201adde
11:48:42.411 [TC_LF_006_verify_forgot_password_link@2] INFO  c.b.v2.module.WebdriverModule - beforeCommandExecute: event=com.browserstack.v2.eventBus.Event@68eeb6e4
11:48:42.433 [TC_HyperLinkCheck@0] INFO  c.b.v2.framework.TestNgFramework - trackEvent: found instance, testFrameworkState=TestFrameworkState.LOG hookState=HookState.PRE instance=-145149897
11:48:42.433 [TC_HyperLinkCheck@0] INFO  c.b.v2.framework.TestNgFramework - trackEvent: load log entries
11:48:42.435 [TC_HyperLinkCheck@0] INFO  c.b.v2.module.TestHubModule - sendLogCreatedEvent: event=com.browserstack.v2.eventBus.Event@6bb98b04, response=success: true

11:48:42.435 [TC_HyperLinkCheck@0] INFO  c.b.v2.module.TestHubModule - sendLogCreatedEvent: event=com.browserstack.v2.eventBus.Event@6bb98b04
11:48:42.436 [TC_HyperLinkCheck@0] INFO  c.b.v2.module.WebdriverModule - beforeCommandExecute: event=com.browserstack.v2.eventBus.Event@6c376409
11:48:42.456 [TC_HyperLinkCheck@0] INFO  c.b.v2.module.WebdriverModule - afterCommandExecute: event=com.browserstack.v2.eventBus.Event@7b13599d
11:48:42.577 [TC_LF_007_verify_email_password_placeholder@1] INFO  c.b.v2.module.TestHubModule - onAfterTest: event={com.browserstack.v2.eventBus.Event@19aa7ccf}
11:48:42.581 [TC_LF_007_verify_email_password_placeholder@1] INFO  c.b.v2.module.TestHubModule - sendTestSessionEvent: event=com.browserstack.v2.eventBus.Event@19aa7ccf, response=success: true

11:48:42.585 [TC_LF_007_verify_email_password_placeholder@1] INFO  c.b.v2.module.TestHubModule - sendTestFrameworkEvent: event=com.browserstack.v2.eventBus.Event@19aa7ccf, response=success: true

11:48:42.588 [TC_LF_007_verify_email_password_placeholder@1] INFO  c.b.v2.framework.TestNgFramework - trackEvent: found instance, testFrameworkState=TestFrameworkState.AFTER_METHOD hookState=HookState.PRE instance=-145148935
11:48:42.588 [TC_LF_007_verify_email_password_placeholder@1] INFO  c.b.v2.framework.TestNgFramework - trackEvent: track hook events
11:48:42.613 [TC_HyperLinkCheck@0] INFO  c.b.v2.framework.TestNgFramework - trackEvent: found instance, testFrameworkState=TestFrameworkState.LOG hookState=HookState.PRE instance=-145149897
11:48:42.613 [TC_HyperLinkCheck@0] INFO  c.b.v2.framework.TestNgFramework - trackEvent: load log entries
11:48:42.616 [TC_HyperLinkCheck@0] INFO  c.b.v2.module.TestHubModule - sendLogCreatedEvent: event=com.browserstack.v2.eventBus.Event@1ba358f4, response=success: true

11:48:42.616 [TC_HyperLinkCheck@0] INFO  c.b.v2.module.TestHubModule - sendLogCreatedEvent: event=com.browserstack.v2.eventBus.Event@1ba358f4
11:48:42.617 [TC_HyperLinkCheck@0] INFO  c.b.v2.module.WebdriverModule - beforeCommandExecute: event=com.browserstack.v2.eventBus.Event@57859e65
11:48:42.639 [TC_HyperLinkCheck@0] INFO  c.b.v2.module.WebdriverModule - afterCommandExecute: event=com.browserstack.v2.eventBus.Event@203da84f
11:48:42.786 [TC_LF_007_verify_email_password_placeholder@1] INFO  c.b.v2.framework.TestNgFramework - args CHECK = [TestResult name=clearCookies status=STARTED method=TS_002_Login_Functionality.clearCookies()[pri:0, instance:testCases.TS_002_Login_Functionality@4aa21f9d] output={null}]
11:48:42.786 [TC_LF_007_verify_email_password_placeholder@1] INFO  c.b.v2.framework.TestNgFramework - Hook Started in PRE key = AFTER_METHOD & hook = {hook_name=clearCookies, hook_result=pending, test_file_path=opencart\src\test\java\testCases\TS_002_Login_Functionality.java, event_started_at=2025-06-03T11:48:42.786484800, hook_id=e2ec1adc-0a86-47ba-ac99-b22a659d7bae, hook_logs=[], key=AFTER_METHOD, custom_metadata={}, test_location=opencart\src\test\java\testCases\TS_002_Login_Functionality.java}  and args = [[TestResult name=clearCookies status=STARTED method=TS_002_Login_Functionality.clearCookies()[pri:0, instance:testCases.TS_002_Login_Functionality@4aa21f9d] output={null}], TS_002_Login_Functionality.clearCookies()[pri:0, instance:testCases.TS_002_Login_Functionality@4aa21f9d]]
11:48:42.786 [TC_LF_007_verify_email_password_placeholder@1] INFO  c.b.v2.framework.TestNgFramework - trackHookEvents: hook state=AFTER_METHOD.HookState.PRE , hooks started={AFTER_METHOD=[{hook_name=clearCookies, hook_result=pending, test_file_path=opencart\src\test\java\testCases\TS_002_Login_Functionality.java, event_started_at=2025-06-03T11:48:42.786484800, hook_id=e2ec1adc-0a86-47ba-ac99-b22a659d7bae, hook_logs=[], key=AFTER_METHOD, custom_metadata={}, test_location=opencart\src\test\java\testCases\TS_002_Login_Functionality.java}]} , hooks finished={AFTER_METHOD=[]}
11:48:42.788 [TC_HyperLinkCheck@0] INFO  c.b.v2.framework.TestNgFramework - trackEvent: found instance, testFrameworkState=TestFrameworkState.LOG hookState=HookState.PRE instance=-145149897
11:48:42.789 [TC_HyperLinkCheck@0] INFO  c.b.v2.framework.TestNgFramework - trackEvent: load log entries
11:48:42.789 [TC_LF_007_verify_email_password_placeholder@1] INFO  c.b.v2.module.TestHubModule - sendTestFrameworkEvent: event=com.browserstack.v2.eventBus.Event@7b4a02c3, response=success: true

11:48:42.790 [clearCookies@1] INFO  c.b.v2.module.WebdriverModule - beforeCommandExecute: event=com.browserstack.v2.eventBus.Event@12f7afe8
11:48:42.790 [clearCookies@1] INFO  c.b.v2.module.WebdriverModule - beforeCommandExecute: event=com.browserstack.v2.eventBus.Event@458e9ce
11:48:42.790 [TC_HyperLinkCheck@0] INFO  c.b.v2.module.TestHubModule - sendLogCreatedEvent: event=com.browserstack.v2.eventBus.Event@63e4bfcc, response=success: true

11:48:42.790 [TC_HyperLinkCheck@0] INFO  c.b.v2.module.TestHubModule - sendLogCreatedEvent: event=com.browserstack.v2.eventBus.Event@63e4bfcc
11:48:42.791 [TC_HyperLinkCheck@0] INFO  c.b.v2.module.WebdriverModule - beforeCommandExecute: event=com.browserstack.v2.eventBus.Event@37cbb22e
11:48:42.812 [TC_HyperLinkCheck@0] INFO  c.b.v2.module.WebdriverModule - afterCommandExecute: event=com.browserstack.v2.eventBus.Event@27d2b6b
11:48:42.850 [clearCookies@1] INFO  c.b.v2.module.WebdriverModule - afterCommandExecute: event=com.browserstack.v2.eventBus.Event@2f2fbf9c
11:48:42.851 [clearCookies@1] INFO  c.b.v2.module.WebdriverModule - afterCommandExecute: event=com.browserstack.v2.eventBus.Event@3f7ae4b0
11:48:42.851 [clearCookies@1] INFO  c.b.v2.framework.TestNgFramework - trackEvent: found instance, testFrameworkState=TestFrameworkState.AFTER_METHOD hookState=HookState.POST instance=-145148935
11:48:42.851 [clearCookies@1] INFO  c.b.v2.framework.TestNgFramework - trackEvent: track hook events
11:48:42.964 [TC_HyperLinkCheck@0] INFO  c.b.v2.framework.TestNgFramework - trackEvent: found instance, testFrameworkState=TestFrameworkState.LOG hookState=HookState.PRE instance=-145149897
11:48:42.964 [TC_HyperLinkCheck@0] INFO  c.b.v2.framework.TestNgFramework - trackEvent: load log entries
11:48:42.967 [TC_HyperLinkCheck@0] INFO  c.b.v2.module.TestHubModule - sendLogCreatedEvent: event=com.browserstack.v2.eventBus.Event@3c02196e, response=success: true

11:48:42.967 [TC_HyperLinkCheck@0] INFO  c.b.v2.module.TestHubModule - sendLogCreatedEvent: event=com.browserstack.v2.eventBus.Event@3c02196e
11:48:42.968 [TC_HyperLinkCheck@0] INFO  c.b.v2.module.WebdriverModule - beforeCommandExecute: event=com.browserstack.v2.eventBus.Event@30bb23a1
11:48:42.995 [TC_HyperLinkCheck@0] INFO  c.b.v2.module.WebdriverModule - afterCommandExecute: event=com.browserstack.v2.eventBus.Event@23fdafcf
11:48:43.059 [clearCookies@1] INFO  c.b.v2.framework.TestNgFramework - args CHECK = [TestResult name=clearCookies status=SUCCESS method=TS_002_Login_Functionality.clearCookies()[pri:0, instance:testCases.TS_002_Login_Functionality@4aa21f9d] output={null}]
11:48:43.059 [clearCookies@1] INFO  c.b.v2.framework.TestNgFramework - Hook List in Post [{hook_name=clearCookies, hook_result=pending, test_file_path=opencart\src\test\java\testCases\TS_002_Login_Functionality.java, event_started_at=2025-06-03T11:48:42.786484800, hook_id=e2ec1adc-0a86-47ba-ac99-b22a659d7bae, hook_logs=[], key=AFTER_METHOD, custom_metadata={}, test_location=opencart\src\test\java\testCases\TS_002_Login_Functionality.java}] and args = [[TestResult name=clearCookies status=SUCCESS method=TS_002_Login_Functionality.clearCookies()[pri:0, instance:testCases.TS_002_Login_Functionality@4aa21f9d] output={null}], TS_002_Login_Functionality.clearCookies()[pri:0, instance:testCases.TS_002_Login_Functionality@4aa21f9d]]
11:48:43.059 [clearCookies@1] INFO  c.b.v2.framework.TestNgFramework - Processing HookLevel attachments from directory: C:\Users\devbase\.browserstack\UploadedAttachments-66\HookLevel
11:48:43.059 [clearCookies@1] INFO  c.b.v2.framework.TestNgFramework - Checking hookLevelFiles: []
11:48:43.059 [clearCookies@1] INFO  c.b.v2.framework.TestNgFramework - checking Paths of files = C:\Users\devbase\.browserstack\UploadedAttachments-66\HookLevel\BuildLevelHookEvent and abs path = C:\Users\devbase\.browserstack\UploadedAttachments-66\HookLevel\BuildLevelHookEvent 
11:48:43.059 [clearCookies@1] INFO  c.b.v2.framework.TestNgFramework - Processing BuildLevelHookEvent attachments from directory: C:\Users\devbase\.browserstack\UploadedAttachments-66\HookLevel\BuildLevelHookEvent
11:48:43.059 [clearCookies@1] INFO  c.b.v2.framework.TestNgFramework - Processing TestLevel attachments eventLogs: []
11:48:43.060 [clearCookies@1] INFO  c.b.v2.framework.TestNgFramework - sendLogCreatedEvent: No Log Events to send
11:48:43.060 [clearCookies@1] INFO  c.b.v2.framework.TestNgFramework - trackHookEvents: hook state=AFTER_METHOD.HookState.POST , hooks started={AFTER_METHOD=[]} , hooks finished={AFTER_METHOD=[{hook_name=clearCookies, hook_result=passed, test_file_path=opencart\src\test\java\testCases\TS_002_Login_Functionality.java, event_started_at=2025-06-03T11:48:42.786484800, hook_id=e2ec1adc-0a86-47ba-ac99-b22a659d7bae, hook_logs=[], logs=[], key=AFTER_METHOD, custom_metadata={}, event_ended_at=2025-06-03T11:48:43.059212600, test_location=opencart\src\test\java\testCases\TS_002_Login_Functionality.java}]}
11:48:43.064 [clearCookies@1] INFO  c.b.v2.module.TestHubModule - sendTestFrameworkEvent: event=com.browserstack.v2.eventBus.Event@693eb453, response=success: true

11:48:43.070 [clearCookies@1] INFO  c.b.v2.framework.TestNgFramework - trackTestNgTest: saved instance contextId=-145148935 target=C:/Users/RPA Base/Projects/opencart/src/test/java/testCases-1@1 instances=[-145148935, -145147973, -145149897]
11:48:43.070 [clearCookies@1] INFO  c.b.v2.framework.TestNgFramework - trackEvent: found instance, testFrameworkState=TestFrameworkState.TEST hookState=HookState.PRE instance=-145148935
11:48:43.146 [TC_HyperLinkCheck@0] INFO  c.b.v2.framework.TestNgFramework - trackEvent: found instance, testFrameworkState=TestFrameworkState.LOG hookState=HookState.PRE instance=-145149897
11:48:43.146 [TC_HyperLinkCheck@0] INFO  c.b.v2.framework.TestNgFramework - trackEvent: load log entries
11:48:43.150 [TC_HyperLinkCheck@0] INFO  c.b.v2.module.TestHubModule - sendLogCreatedEvent: event=com.browserstack.v2.eventBus.Event@181e61ab, response=success: true

11:48:43.150 [TC_HyperLinkCheck@0] INFO  c.b.v2.module.TestHubModule - sendLogCreatedEvent: event=com.browserstack.v2.eventBus.Event@181e61ab
11:48:43.151 [TC_HyperLinkCheck@0] INFO  c.b.v2.module.WebdriverModule - beforeCommandExecute: event=com.browserstack.v2.eventBus.Event@3bd0e0b3
11:48:43.220 [TC_HyperLinkCheck@0] INFO  c.b.v2.module.WebdriverModule - afterCommandExecute: event=com.browserstack.v2.eventBus.Event@60ea70d9
11:48:43.267 [clearCookies@1] INFO  c.b.v2.framework.TestNgFramework - trackEvent: loaded initial test data to instance, testFrameworkState=TestFrameworkState.TEST hookState=HookState.PRE instance=-145148935
11:48:43.267 [clearCookies@1] INFO  c.b.v2.module.WebdriverModule - onBeforeTest: event=com.browserstack.v2.eventBus.Event@4bd7a236
11:48:43.270 [clearCookies@1] INFO  c.b.v2.module.TestHubModule - sendTestFrameworkEvent: event=com.browserstack.v2.eventBus.Event@4bd7a236, response=success: true

11:48:43.270 [clearCookies@1] INFO  c.b.v2.module.ObservabilityModule - onBeforeTest: event={instance=com.browserstack.v2.instance.TestFrameworkInstance@2d64ef66, testFrameworkState=TestFrameworkState.TEST, testInstance=com.browserstack.v2.instance.TestFrameworkInstance@2d64ef66, hookState=HookState.PRE}
11:48:43.271 [clearCookies@1] INFO  c.b.v2.module.ObservabilityModule - performO11ySync: Performing O11y Sync
11:48:43.295 [TC_LF_009_verify_login_logout_and_back@1] INFO  c.b.v2.module.WebdriverModule - beforeCommandExecute: event=com.browserstack.v2.eventBus.Event@3dbed0a9
11:48:43.318 [TC_LF_009_verify_login_logout_and_back@1] INFO  c.b.v2.module.WebdriverModule - afterCommandExecute: event=com.browserstack.v2.eventBus.Event@865a56e
11:48:43.318 [TC_LF_009_verify_login_logout_and_back@1] INFO  c.b.v2.module.WebdriverModule - beforeCommandExecute: event=com.browserstack.v2.eventBus.Event@f934db1
11:48:43.352 [TC_HyperLinkCheck@0] INFO  c.b.v2.framework.TestNgFramework - trackEvent: found instance, testFrameworkState=TestFrameworkState.LOG hookState=HookState.PRE instance=-145149897
11:48:43.352 [TC_HyperLinkCheck@0] INFO  c.b.v2.framework.TestNgFramework - trackEvent: load log entries
11:48:43.354 [TC_HyperLinkCheck@0] INFO  c.b.v2.module.TestHubModule - sendLogCreatedEvent: event=com.browserstack.v2.eventBus.Event@1a54a4c5, response=success: true

11:48:43.354 [TC_HyperLinkCheck@0] INFO  c.b.v2.module.TestHubModule - sendLogCreatedEvent: event=com.browserstack.v2.eventBus.Event@1a54a4c5
11:48:43.355 [TC_HyperLinkCheck@0] INFO  c.b.v2.module.WebdriverModule - beforeCommandExecute: event=com.browserstack.v2.eventBus.Event@420e187c
11:48:43.375 [TC_HyperLinkCheck@0] INFO  c.b.v2.module.WebdriverModule - afterCommandExecute: event=com.browserstack.v2.eventBus.Event@638ef3c6
11:48:43.507 [TC_HyperLinkCheck@0] INFO  c.b.v2.framework.TestNgFramework - trackEvent: found instance, testFrameworkState=TestFrameworkState.LOG hookState=HookState.PRE instance=-145149897
11:48:43.507 [TC_HyperLinkCheck@0] INFO  c.b.v2.framework.TestNgFramework - trackEvent: load log entries
11:48:43.510 [TC_HyperLinkCheck@0] INFO  c.b.v2.module.TestHubModule - sendLogCreatedEvent: event=com.browserstack.v2.eventBus.Event@4b6eb146, response=success: true

11:48:43.510 [TC_HyperLinkCheck@0] INFO  c.b.v2.module.TestHubModule - sendLogCreatedEvent: event=com.browserstack.v2.eventBus.Event@4b6eb146
11:48:43.511 [TC_HyperLinkCheck@0] INFO  c.b.v2.module.WebdriverModule - beforeCommandExecute: event=com.browserstack.v2.eventBus.Event@1045a328
11:48:43.532 [TC_HyperLinkCheck@0] INFO  c.b.v2.module.WebdriverModule - afterCommandExecute: event=com.browserstack.v2.eventBus.Event@5dc8a096
11:48:43.642 [TC_LF_009_verify_login_logout_and_back@1] INFO  c.b.v2.module.WebdriverModule - afterCommandExecute: event=com.browserstack.v2.eventBus.Event@7fee4efa
11:48:43.642 [TC_LF_009_verify_login_logout_and_back@1] INFO  c.b.v2.module.WebdriverModule - beforeCommandExecute: event=com.browserstack.v2.eventBus.Event@1f6c3b7f
11:48:43.677 [TC_LF_009_verify_login_logout_and_back@1] INFO  c.b.v2.module.WebdriverModule - afterCommandExecute: event=com.browserstack.v2.eventBus.Event@4b0efc81
11:48:43.678 [TC_LF_009_verify_login_logout_and_back@1] INFO  c.b.v2.module.WebdriverModule - beforeCommandExecute: event=com.browserstack.v2.eventBus.Event@124002d7
11:48:43.901 [TC_HyperLinkCheck@0] INFO  c.b.v2.framework.TestNgFramework - trackEvent: found instance, testFrameworkState=TestFrameworkState.LOG hookState=HookState.PRE instance=-145149897
11:48:43.901 [TC_HyperLinkCheck@0] INFO  c.b.v2.framework.TestNgFramework - trackEvent: load log entries
11:48:43.904 [TC_HyperLinkCheck@0] INFO  c.b.v2.module.TestHubModule - sendLogCreatedEvent: event=com.browserstack.v2.eventBus.Event@12c9ed6f, response=success: true

11:48:43.904 [TC_HyperLinkCheck@0] INFO  c.b.v2.module.TestHubModule - sendLogCreatedEvent: event=com.browserstack.v2.eventBus.Event@12c9ed6f
11:48:43.905 [TC_HyperLinkCheck@0] INFO  c.b.v2.module.WebdriverModule - beforeCommandExecute: event=com.browserstack.v2.eventBus.Event@4703f600
11:48:43.939 [TC_HyperLinkCheck@0] INFO  c.b.v2.module.WebdriverModule - afterCommandExecute: event=com.browserstack.v2.eventBus.Event@1a3168a9
11:48:44.216 [TC_LF_009_verify_login_logout_and_back@1] INFO  c.b.v2.module.WebdriverModule - afterCommandExecute: event=com.browserstack.v2.eventBus.Event@612fe0df
11:48:44.216 [TC_LF_009_verify_login_logout_and_back@1] INFO  c.b.v2.module.WebdriverModule - beforeCommandExecute: event=com.browserstack.v2.eventBus.Event@4109fbac
11:48:44.246 [TC_LF_009_verify_login_logout_and_back@1] INFO  c.b.v2.module.WebdriverModule - afterCommandExecute: event=com.browserstack.v2.eventBus.Event@6b1b17f7
11:48:44.246 [TC_LF_009_verify_login_logout_and_back@1] INFO  c.b.v2.module.WebdriverModule - beforeCommandExecute: event=com.browserstack.v2.eventBus.Event@1a59ac84
11:48:44.307 [TC_HyperLinkCheck@0] INFO  c.b.v2.framework.TestNgFramework - trackEvent: found instance, testFrameworkState=TestFrameworkState.LOG hookState=HookState.PRE instance=-145149897
11:48:44.307 [TC_HyperLinkCheck@0] INFO  c.b.v2.framework.TestNgFramework - trackEvent: load log entries
11:48:44.309 [TC_HyperLinkCheck@0] INFO  c.b.v2.module.TestHubModule - sendLogCreatedEvent: event=com.browserstack.v2.eventBus.Event@3c647d7f, response=success: true

11:48:44.309 [TC_HyperLinkCheck@0] INFO  c.b.v2.module.TestHubModule - sendLogCreatedEvent: event=com.browserstack.v2.eventBus.Event@3c647d7f
11:48:44.310 [TC_HyperLinkCheck@0] INFO  c.b.v2.module.WebdriverModule - beforeCommandExecute: event=com.browserstack.v2.eventBus.Event@30c0fc11
11:48:44.331 [TC_HyperLinkCheck@0] INFO  c.b.v2.module.WebdriverModule - afterCommandExecute: event=com.browserstack.v2.eventBus.Event@20fdec39
11:48:44.705 [TC_HyperLinkCheck@0] INFO  c.b.v2.framework.TestNgFramework - trackEvent: found instance, testFrameworkState=TestFrameworkState.LOG hookState=HookState.PRE instance=-145149897
11:48:44.706 [TC_HyperLinkCheck@0] INFO  c.b.v2.framework.TestNgFramework - trackEvent: load log entries
11:48:44.708 [TC_HyperLinkCheck@0] INFO  c.b.v2.module.TestHubModule - sendLogCreatedEvent: event=com.browserstack.v2.eventBus.Event@3f750547, response=success: true

11:48:44.708 [TC_HyperLinkCheck@0] INFO  c.b.v2.module.TestHubModule - sendLogCreatedEvent: event=com.browserstack.v2.eventBus.Event@3f750547
11:48:44.709 [TC_HyperLinkCheck@0] INFO  c.b.v2.module.WebdriverModule - beforeCommandExecute: event=com.browserstack.v2.eventBus.Event@201c20e
11:48:44.729 [TC_HyperLinkCheck@0] INFO  c.b.v2.module.WebdriverModule - afterCommandExecute: event=com.browserstack.v2.eventBus.Event@77633f43
11:48:44.764 [TC_LF_009_verify_login_logout_and_back@1] INFO  c.b.v2.module.WebdriverModule - afterCommandExecute: event=com.browserstack.v2.eventBus.Event@7876dc4c
11:48:44.764 [TC_LF_009_verify_login_logout_and_back@1] INFO  c.b.v2.module.WebdriverModule - beforeCommandExecute: event=com.browserstack.v2.eventBus.Event@4f6e4f38
11:48:44.802 [TC_LF_009_verify_login_logout_and_back@1] INFO  c.b.v2.module.WebdriverModule - afterCommandExecute: event=com.browserstack.v2.eventBus.Event@2269612
11:48:44.802 [TC_LF_009_verify_login_logout_and_back@1] INFO  c.b.v2.module.WebdriverModule - beforeCommandExecute: event=com.browserstack.v2.eventBus.Event@78beb35
11:48:45.103 [TC_HyperLinkCheck@0] INFO  c.b.v2.framework.TestNgFramework - trackEvent: found instance, testFrameworkState=TestFrameworkState.LOG hookState=HookState.PRE instance=-145149897
11:48:45.103 [TC_HyperLinkCheck@0] INFO  c.b.v2.framework.TestNgFramework - trackEvent: load log entries
11:48:45.106 [TC_HyperLinkCheck@0] INFO  c.b.v2.module.TestHubModule - sendLogCreatedEvent: event=com.browserstack.v2.eventBus.Event@243321ac, response=success: true

11:48:45.106 [TC_HyperLinkCheck@0] INFO  c.b.v2.module.TestHubModule - sendLogCreatedEvent: event=com.browserstack.v2.eventBus.Event@243321ac
11:48:45.108 [TC_HyperLinkCheck@0] INFO  c.b.v2.module.WebdriverModule - beforeCommandExecute: event=com.browserstack.v2.eventBus.Event@69f9450f
11:48:45.128 [TC_HyperLinkCheck@0] INFO  c.b.v2.module.WebdriverModule - afterCommandExecute: event=com.browserstack.v2.eventBus.Event@27585c4
11:48:45.170 [TC_LF_009_verify_login_logout_and_back@1] INFO  c.b.v2.module.WebdriverModule - afterCommandExecute: event=com.browserstack.v2.eventBus.Event@f744a76
11:48:45.170 [TC_LF_009_verify_login_logout_and_back@1] INFO  c.b.v2.module.WebdriverModule - beforeCommandExecute: event=com.browserstack.v2.eventBus.Event@394a6b9f
11:48:45.206 [TC_LF_009_verify_login_logout_and_back@1] INFO  c.b.v2.module.WebdriverModule - afterCommandExecute: event=com.browserstack.v2.eventBus.Event@62608a89
11:48:45.206 [TC_LF_009_verify_login_logout_and_back@1] INFO  c.b.v2.module.WebdriverModule - beforeCommandExecute: event=com.browserstack.v2.eventBus.Event@7df2a888
11:48:45.516 [TC_HyperLinkCheck@0] INFO  c.b.v2.framework.TestNgFramework - trackEvent: found instance, testFrameworkState=TestFrameworkState.LOG hookState=HookState.PRE instance=-145149897
11:48:45.516 [TC_HyperLinkCheck@0] INFO  c.b.v2.framework.TestNgFramework - trackEvent: load log entries
11:48:45.518 [TC_HyperLinkCheck@0] INFO  c.b.v2.module.TestHubModule - sendLogCreatedEvent: event=com.browserstack.v2.eventBus.Event@90167e6, response=success: true

11:48:45.518 [TC_HyperLinkCheck@0] INFO  c.b.v2.module.TestHubModule - sendLogCreatedEvent: event=com.browserstack.v2.eventBus.Event@90167e6
11:48:45.520 [TC_HyperLinkCheck@0] INFO  c.b.v2.module.WebdriverModule - beforeCommandExecute: event=com.browserstack.v2.eventBus.Event@40f8a4f0
11:48:45.540 [TC_HyperLinkCheck@0] INFO  c.b.v2.module.WebdriverModule - afterCommandExecute: event=com.browserstack.v2.eventBus.Event@864d2c2
11:48:45.614 [TC_LF_006_verify_forgot_password_link@2] INFO  c.b.v2.module.WebdriverModule - afterCommandExecute: event=com.browserstack.v2.eventBus.Event@296a2ccd
11:48:45.615 [TC_LF_006_verify_forgot_password_link@2] INFO  c.b.v2.framework.TestNgFramework - trackEvent: found instance, testFrameworkState=TestFrameworkState.LOG_REPORT hookState=HookState.PRE instance=-145147973
11:48:45.615 [TC_LF_006_verify_forgot_password_link@2] INFO  c.b.v2.framework.TestNgFramework - trackEvent: found instance, testFrameworkState=TestFrameworkState.LOG_REPORT hookState=HookState.POST instance=-145147973
11:48:45.615 [TC_LF_006_verify_forgot_password_link@2] INFO  c.b.v2.framework.TestNgFramework - trackEvent: load test results
11:48:45.615 [TC_LF_006_verify_forgot_password_link@2] INFO  c.b.v2.framework.TestNgFramework - trackEvent: found instance, testFrameworkState=TestFrameworkState.TEST hookState=HookState.POST instance=-145147973
11:48:45.615 [TC_LF_006_verify_forgot_password_link@2] INFO  c.b.v2.module.WebdriverModule - onAfterTest: event=com.browserstack.v2.eventBus.Event@3f1cefa2
11:48:45.974 [TC_LF_006_verify_forgot_password_link@2] ERROR c.b.utils.SeleniumMethodUtils - Done for sessionid 16c0a30a0fb02a2055b26186b717279d4c25e1d6
11:48:46.292 [TC_LF_006_verify_forgot_password_link@2] INFO  c.b.v2.module.TestHubModule - onAfterTest: event={com.browserstack.v2.eventBus.Event@3f1cefa2}
11:48:46.296 [TC_LF_006_verify_forgot_password_link@2] INFO  c.b.v2.module.TestHubModule - sendTestSessionEvent: event=com.browserstack.v2.eventBus.Event@3f1cefa2, response=success: true

11:48:46.300 [TC_LF_006_verify_forgot_password_link@2] INFO  c.b.v2.module.TestHubModule - sendTestFrameworkEvent: event=com.browserstack.v2.eventBus.Event@3f1cefa2, response=success: true

11:48:46.304 [TC_LF_006_verify_forgot_password_link@2] INFO  c.b.v2.framework.TestNgFramework - trackEvent: found instance, testFrameworkState=TestFrameworkState.AFTER_METHOD hookState=HookState.PRE instance=-145147973
11:48:46.304 [TC_LF_006_verify_forgot_password_link@2] INFO  c.b.v2.framework.TestNgFramework - trackEvent: track hook events
11:48:46.321 [TC_HyperLinkCheck@0] INFO  c.b.v2.framework.TestNgFramework - trackEvent: found instance, testFrameworkState=TestFrameworkState.LOG hookState=HookState.PRE instance=-145149897
11:48:46.321 [TC_HyperLinkCheck@0] INFO  c.b.v2.framework.TestNgFramework - trackEvent: load log entries
11:48:46.324 [TC_HyperLinkCheck@0] INFO  c.b.v2.module.TestHubModule - sendLogCreatedEvent: event=com.browserstack.v2.eventBus.Event@1814f98d, response=success: true

11:48:46.324 [TC_HyperLinkCheck@0] INFO  c.b.v2.module.TestHubModule - sendLogCreatedEvent: event=com.browserstack.v2.eventBus.Event@1814f98d
11:48:46.325 [TC_HyperLinkCheck@0] INFO  c.b.v2.module.WebdriverModule - beforeCommandExecute: event=com.browserstack.v2.eventBus.Event@7fc96011
11:48:46.347 [TC_HyperLinkCheck@0] INFO  c.b.v2.module.WebdriverModule - afterCommandExecute: event=com.browserstack.v2.eventBus.Event@2366b389
11:48:46.496 [TC_LF_009_verify_login_logout_and_back@1] INFO  c.b.v2.module.WebdriverModule - afterCommandExecute: event=com.browserstack.v2.eventBus.Event@7d2d9c88
11:48:46.496 [TC_LF_009_verify_login_logout_and_back@1] INFO  c.b.v2.module.WebdriverModule - beforeCommandExecute: event=com.browserstack.v2.eventBus.Event@6f47f481
11:48:46.496 [TC_LF_009_verify_login_logout_and_back@1] INFO  c.b.v2.module.WebdriverModule - beforeCommandExecute: event=com.browserstack.v2.eventBus.Event@2cca79dd
11:48:46.509 [TC_LF_006_verify_forgot_password_link@2] INFO  c.b.v2.framework.TestNgFramework - args CHECK = [TestResult name=clearCookies status=STARTED method=TS_002_Login_Functionality.clearCookies()[pri:0, instance:testCases.TS_002_Login_Functionality@440e3ce6] output={null}]
11:48:46.509 [TC_LF_006_verify_forgot_password_link@2] INFO  c.b.v2.framework.TestNgFramework - Hook Started in PRE key = AFTER_METHOD & hook = {hook_name=clearCookies, hook_result=pending, test_file_path=opencart\src\test\java\testCases\TS_002_Login_Functionality.java, event_started_at=2025-06-03T11:48:46.509587300, hook_id=216453b6-ada4-496b-b909-12e8613425db, hook_logs=[], key=AFTER_METHOD, custom_metadata={}, test_location=opencart\src\test\java\testCases\TS_002_Login_Functionality.java}  and args = [[TestResult name=clearCookies status=STARTED method=TS_002_Login_Functionality.clearCookies()[pri:0, instance:testCases.TS_002_Login_Functionality@440e3ce6] output={null}], TS_002_Login_Functionality.clearCookies()[pri:0, instance:testCases.TS_002_Login_Functionality@440e3ce6]]
11:48:46.509 [TC_LF_006_verify_forgot_password_link@2] INFO  c.b.v2.framework.TestNgFramework - trackHookEvents: hook state=AFTER_METHOD.HookState.PRE , hooks started={AFTER_METHOD=[{hook_name=clearCookies, hook_result=pending, test_file_path=opencart\src\test\java\testCases\TS_002_Login_Functionality.java, event_started_at=2025-06-03T11:48:46.509587300, hook_id=216453b6-ada4-496b-b909-12e8613425db, hook_logs=[], key=AFTER_METHOD, custom_metadata={}, test_location=opencart\src\test\java\testCases\TS_002_Login_Functionality.java}]} , hooks finished={AFTER_METHOD=[]}
11:48:46.512 [TC_LF_006_verify_forgot_password_link@2] INFO  c.b.v2.module.TestHubModule - sendTestFrameworkEvent: event=com.browserstack.v2.eventBus.Event@609ae949, response=success: true

11:48:46.513 [clearCookies@2] INFO  c.b.v2.module.WebdriverModule - beforeCommandExecute: event=com.browserstack.v2.eventBus.Event@d7318b0
11:48:46.513 [clearCookies@2] INFO  c.b.v2.module.WebdriverModule - beforeCommandExecute: event=com.browserstack.v2.eventBus.Event@549ad52e
11:48:46.561 [TC_LF_009_verify_login_logout_and_back@1] INFO  c.b.v2.module.WebdriverModule - afterCommandExecute: event=com.browserstack.v2.eventBus.Event@7acb63ee
11:48:46.561 [TC_LF_009_verify_login_logout_and_back@1] INFO  c.b.v2.module.WebdriverModule - afterCommandExecute: event=com.browserstack.v2.eventBus.Event@3c77c68f
11:48:46.561 [TC_LF_009_verify_login_logout_and_back@1] INFO  c.b.v2.module.WebdriverModule - beforeCommandExecute: event=com.browserstack.v2.eventBus.Event@64dd08a5
11:48:46.610 [TC_LF_009_verify_login_logout_and_back@1] INFO  c.b.v2.module.WebdriverModule - afterCommandExecute: event=com.browserstack.v2.eventBus.Event@32d8156c
11:48:46.610 [TC_LF_009_verify_login_logout_and_back@1] INFO  c.b.v2.module.WebdriverModule - beforeCommandExecute: event=com.browserstack.v2.eventBus.Event@3a90d64c
11:48:46.628 [clearCookies@2] INFO  c.b.v2.module.WebdriverModule - afterCommandExecute: event=com.browserstack.v2.eventBus.Event@637dbe55
11:48:46.628 [clearCookies@2] INFO  c.b.v2.module.WebdriverModule - afterCommandExecute: event=com.browserstack.v2.eventBus.Event@426410d9
11:48:46.628 [clearCookies@2] INFO  c.b.v2.framework.TestNgFramework - trackEvent: found instance, testFrameworkState=TestFrameworkState.AFTER_METHOD hookState=HookState.POST instance=-145147973
11:48:46.628 [clearCookies@2] INFO  c.b.v2.framework.TestNgFramework - trackEvent: track hook events
11:48:46.712 [TC_HyperLinkCheck@0] INFO  c.b.v2.framework.TestNgFramework - trackEvent: found instance, testFrameworkState=TestFrameworkState.LOG hookState=HookState.PRE instance=-145149897
11:48:46.712 [TC_HyperLinkCheck@0] INFO  c.b.v2.framework.TestNgFramework - trackEvent: load log entries
11:48:46.714 [TC_HyperLinkCheck@0] INFO  c.b.v2.module.TestHubModule - sendLogCreatedEvent: event=com.browserstack.v2.eventBus.Event@55b102ec, response=success: true

11:48:46.714 [TC_HyperLinkCheck@0] INFO  c.b.v2.module.TestHubModule - sendLogCreatedEvent: event=com.browserstack.v2.eventBus.Event@55b102ec
11:48:46.715 [TC_HyperLinkCheck@0] INFO  c.b.v2.module.WebdriverModule - beforeCommandExecute: event=com.browserstack.v2.eventBus.Event@292f485e
11:48:46.749 [TC_HyperLinkCheck@0] INFO  c.b.v2.module.WebdriverModule - afterCommandExecute: event=com.browserstack.v2.eventBus.Event@4cbe5c7d
11:48:46.828 [clearCookies@2] INFO  c.b.v2.framework.TestNgFramework - args CHECK = [TestResult name=clearCookies status=SUCCESS method=TS_002_Login_Functionality.clearCookies()[pri:0, instance:testCases.TS_002_Login_Functionality@440e3ce6] output={null}]
11:48:46.828 [clearCookies@2] INFO  c.b.v2.framework.TestNgFramework - Hook List in Post [{hook_name=clearCookies, hook_result=pending, test_file_path=opencart\src\test\java\testCases\TS_002_Login_Functionality.java, event_started_at=2025-06-03T11:48:46.509587300, hook_id=216453b6-ada4-496b-b909-12e8613425db, hook_logs=[], key=AFTER_METHOD, custom_metadata={}, test_location=opencart\src\test\java\testCases\TS_002_Login_Functionality.java}] and args = [[TestResult name=clearCookies status=SUCCESS method=TS_002_Login_Functionality.clearCookies()[pri:0, instance:testCases.TS_002_Login_Functionality@440e3ce6] output={null}], TS_002_Login_Functionality.clearCookies()[pri:0, instance:testCases.TS_002_Login_Functionality@440e3ce6]]
11:48:46.828 [clearCookies@2] INFO  c.b.v2.framework.TestNgFramework - Processing HookLevel attachments from directory: C:\Users\devbase\.browserstack\UploadedAttachments-67\HookLevel
11:48:46.828 [clearCookies@2] INFO  c.b.v2.framework.TestNgFramework - Checking hookLevelFiles: []
11:48:46.828 [clearCookies@2] INFO  c.b.v2.framework.TestNgFramework - checking Paths of files = C:\Users\devbase\.browserstack\UploadedAttachments-67\HookLevel\BuildLevelHookEvent and abs path = C:\Users\devbase\.browserstack\UploadedAttachments-67\HookLevel\BuildLevelHookEvent 
11:48:46.828 [clearCookies@2] INFO  c.b.v2.framework.TestNgFramework - Processing BuildLevelHookEvent attachments from directory: C:\Users\devbase\.browserstack\UploadedAttachments-67\HookLevel\BuildLevelHookEvent
11:48:46.829 [clearCookies@2] INFO  c.b.v2.framework.TestNgFramework - Processing TestLevel attachments eventLogs: []
11:48:46.829 [clearCookies@2] INFO  c.b.v2.framework.TestNgFramework - sendLogCreatedEvent: No Log Events to send
11:48:46.829 [clearCookies@2] INFO  c.b.v2.framework.TestNgFramework - trackHookEvents: hook state=AFTER_METHOD.HookState.POST , hooks started={AFTER_METHOD=[]} , hooks finished={AFTER_METHOD=[{hook_name=clearCookies, hook_result=passed, test_file_path=opencart\src\test\java\testCases\TS_002_Login_Functionality.java, event_started_at=2025-06-03T11:48:46.509587300, hook_id=216453b6-ada4-496b-b909-12e8613425db, hook_logs=[], logs=[], key=AFTER_METHOD, custom_metadata={}, event_ended_at=2025-06-03T11:48:46.828540200, test_location=opencart\src\test\java\testCases\TS_002_Login_Functionality.java}]}
11:48:46.831 [clearCookies@2] INFO  c.b.v2.module.TestHubModule - sendTestFrameworkEvent: event=com.browserstack.v2.eventBus.Event@39f7085c, response=success: true

11:48:46.836 [clearCookies@2] INFO  c.b.v2.framework.TestNgFramework - trackTestNgTest: saved instance contextId=-145147973 target=C:/Users/RPA Base/Projects/opencart/src/test/java/testCases-2@2 instances=[-145148935, -145147973, -145149897]
11:48:46.836 [clearCookies@2] INFO  c.b.v2.framework.TestNgFramework - trackEvent: found instance, testFrameworkState=TestFrameworkState.TEST hookState=HookState.PRE instance=-145147973
11:48:47.035 [clearCookies@2] INFO  c.b.v2.framework.TestNgFramework - trackEvent: loaded initial test data to instance, testFrameworkState=TestFrameworkState.TEST hookState=HookState.PRE instance=-145147973
11:48:47.035 [clearCookies@2] INFO  c.b.v2.module.WebdriverModule - onBeforeTest: event=com.browserstack.v2.eventBus.Event@55f7da8f
11:48:47.038 [clearCookies@2] INFO  c.b.v2.module.TestHubModule - sendTestFrameworkEvent: event=com.browserstack.v2.eventBus.Event@55f7da8f, response=success: true

11:48:47.039 [clearCookies@2] INFO  c.b.v2.module.ObservabilityModule - onBeforeTest: event={instance=com.browserstack.v2.instance.TestFrameworkInstance@5c2ff4da, testFrameworkState=TestFrameworkState.TEST, testInstance=com.browserstack.v2.instance.TestFrameworkInstance@5c2ff4da, hookState=HookState.PRE}
11:48:47.039 [clearCookies@2] INFO  c.b.v2.module.ObservabilityModule - performO11ySync: Performing O11y Sync
11:48:47.053 [TC_LF_007_verify_email_password_placeholder@2] INFO  c.b.v2.module.WebdriverModule - beforeCommandExecute: event=com.browserstack.v2.eventBus.Event@2571a736
11:48:47.126 [TC_LF_007_verify_email_password_placeholder@2] INFO  c.b.v2.module.WebdriverModule - afterCommandExecute: event=com.browserstack.v2.eventBus.Event@53469366
11:48:47.126 [TC_LF_007_verify_email_password_placeholder@2] INFO  c.b.v2.module.WebdriverModule - beforeCommandExecute: event=com.browserstack.v2.eventBus.Event@34dcb262
11:48:47.175 [TC_HyperLinkCheck@0] INFO  c.b.v2.framework.TestNgFramework - trackEvent: found instance, testFrameworkState=TestFrameworkState.LOG hookState=HookState.PRE instance=-145149897
11:48:47.175 [TC_HyperLinkCheck@0] INFO  c.b.v2.framework.TestNgFramework - trackEvent: load log entries
11:48:47.177 [TC_HyperLinkCheck@0] INFO  c.b.v2.module.TestHubModule - sendLogCreatedEvent: event=com.browserstack.v2.eventBus.Event@693cd3ac, response=success: true

11:48:47.177 [TC_HyperLinkCheck@0] INFO  c.b.v2.module.TestHubModule - sendLogCreatedEvent: event=com.browserstack.v2.eventBus.Event@693cd3ac
11:48:47.178 [TC_HyperLinkCheck@0] INFO  c.b.v2.module.WebdriverModule - beforeCommandExecute: event=com.browserstack.v2.eventBus.Event@563196ea
11:48:47.198 [TC_HyperLinkCheck@0] INFO  c.b.v2.module.WebdriverModule - afterCommandExecute: event=com.browserstack.v2.eventBus.Event@52ba499e
11:48:47.247 [TC_LF_009_verify_login_logout_and_back@1] INFO  c.b.v2.module.WebdriverModule - afterCommandExecute: event=com.browserstack.v2.eventBus.Event@5e75e261
11:48:47.247 [TC_LF_009_verify_login_logout_and_back@1] INFO  c.b.v2.module.WebdriverModule - beforeCommandExecute: event=com.browserstack.v2.eventBus.Event@5b332c7
11:48:47.273 [TC_LF_009_verify_login_logout_and_back@1] INFO  c.b.v2.module.WebdriverModule - afterCommandExecute: event=com.browserstack.v2.eventBus.Event@659d8e12
11:48:47.273 [TC_LF_009_verify_login_logout_and_back@1] INFO  c.b.v2.module.WebdriverModule - beforeCommandExecute: event=com.browserstack.v2.eventBus.Event@50d72a9f
11:48:47.578 [TC_HyperLinkCheck@0] INFO  c.b.v2.framework.TestNgFramework - trackEvent: found instance, testFrameworkState=TestFrameworkState.LOG hookState=HookState.PRE instance=-145149897
11:48:47.578 [TC_HyperLinkCheck@0] INFO  c.b.v2.framework.TestNgFramework - trackEvent: load log entries
11:48:47.580 [TC_HyperLinkCheck@0] INFO  c.b.v2.module.TestHubModule - sendLogCreatedEvent: event=com.browserstack.v2.eventBus.Event@28009337, response=success: true

11:48:47.581 [TC_HyperLinkCheck@0] INFO  c.b.v2.module.TestHubModule - sendLogCreatedEvent: event=com.browserstack.v2.eventBus.Event@28009337
11:48:47.582 [TC_HyperLinkCheck@0] INFO  c.b.v2.module.WebdriverModule - beforeCommandExecute: event=com.browserstack.v2.eventBus.Event@37e2ce68
11:48:47.601 [TC_HyperLinkCheck@0] INFO  c.b.v2.module.WebdriverModule - afterCommandExecute: event=com.browserstack.v2.eventBus.Event@787b6edd
11:48:47.619 [TC_LF_009_verify_login_logout_and_back@1] INFO  c.b.v2.module.WebdriverModule - afterCommandExecute: event=com.browserstack.v2.eventBus.Event@2c581ea4
11:48:47.619 [TC_LF_009_verify_login_logout_and_back@1] INFO  c.b.v2.module.WebdriverModule - beforeCommandExecute: event=com.browserstack.v2.eventBus.Event@62326f5
11:48:47.648 [TC_LF_009_verify_login_logout_and_back@1] INFO  c.b.v2.module.WebdriverModule - afterCommandExecute: event=com.browserstack.v2.eventBus.Event@3e23a219
11:48:47.648 [TC_LF_009_verify_login_logout_and_back@1] INFO  c.b.v2.module.WebdriverModule - beforeCommandExecute: event=com.browserstack.v2.eventBus.Event@5397c2c4
11:48:47.974 [TC_HyperLinkCheck@0] INFO  c.b.v2.framework.TestNgFramework - trackEvent: found instance, testFrameworkState=TestFrameworkState.LOG hookState=HookState.PRE instance=-145149897
11:48:47.974 [TC_HyperLinkCheck@0] INFO  c.b.v2.framework.TestNgFramework - trackEvent: load log entries
11:48:47.977 [TC_HyperLinkCheck@0] INFO  c.b.v2.module.TestHubModule - sendLogCreatedEvent: event=com.browserstack.v2.eventBus.Event@343e6c28, response=success: true

11:48:47.977 [TC_HyperLinkCheck@0] INFO  c.b.v2.module.TestHubModule - sendLogCreatedEvent: event=com.browserstack.v2.eventBus.Event@343e6c28
11:48:47.979 [TC_HyperLinkCheck@0] INFO  c.b.v2.module.WebdriverModule - beforeCommandExecute: event=com.browserstack.v2.eventBus.Event@72b3c6e1
11:48:48.002 [TC_HyperLinkCheck@0] INFO  c.b.v2.module.WebdriverModule - afterCommandExecute: event=com.browserstack.v2.eventBus.Event@3a35c1df
11:48:48.179 [TC_HyperLinkCheck@0] INFO  c.b.v2.framework.TestNgFramework - trackEvent: found instance, testFrameworkState=TestFrameworkState.LOG hookState=HookState.PRE instance=-145149897
11:48:48.179 [TC_HyperLinkCheck@0] INFO  c.b.v2.framework.TestNgFramework - trackEvent: load log entries
11:48:48.182 [TC_HyperLinkCheck@0] INFO  c.b.v2.module.TestHubModule - sendLogCreatedEvent: event=com.browserstack.v2.eventBus.Event@5f7ecac2, response=success: true

11:48:48.182 [TC_HyperLinkCheck@0] INFO  c.b.v2.module.TestHubModule - sendLogCreatedEvent: event=com.browserstack.v2.eventBus.Event@5f7ecac2
11:48:48.183 [TC_HyperLinkCheck@0] INFO  c.b.v2.module.WebdriverModule - beforeCommandExecute: event=com.browserstack.v2.eventBus.Event@50342e17
11:48:48.207 [TC_HyperLinkCheck@0] INFO  c.b.v2.module.WebdriverModule - afterCommandExecute: event=com.browserstack.v2.eventBus.Event@26686878
11:48:48.350 [TC_HyperLinkCheck@0] INFO  c.b.v2.framework.TestNgFramework - trackEvent: found instance, testFrameworkState=TestFrameworkState.LOG hookState=HookState.PRE instance=-145149897
11:48:48.350 [TC_HyperLinkCheck@0] INFO  c.b.v2.framework.TestNgFramework - trackEvent: load log entries
11:48:48.352 [TC_HyperLinkCheck@0] INFO  c.b.v2.module.TestHubModule - sendLogCreatedEvent: event=com.browserstack.v2.eventBus.Event@4ec2629b, response=success: true

11:48:48.352 [TC_HyperLinkCheck@0] INFO  c.b.v2.module.TestHubModule - sendLogCreatedEvent: event=com.browserstack.v2.eventBus.Event@4ec2629b
11:48:48.353 [TC_HyperLinkCheck@0] INFO  c.b.v2.module.WebdriverModule - beforeCommandExecute: event=com.browserstack.v2.eventBus.Event@785ad6f1
11:48:48.377 [TC_HyperLinkCheck@0] INFO  c.b.v2.module.WebdriverModule - afterCommandExecute: event=com.browserstack.v2.eventBus.Event@238a9d7
11:48:48.393 [TC_LF_009_verify_login_logout_and_back@1] INFO  c.b.v2.module.WebdriverModule - afterCommandExecute: event=com.browserstack.v2.eventBus.Event@62649910
11:48:48.393 [TC_LF_009_verify_login_logout_and_back@1] INFO  c.b.v2.module.WebdriverModule - beforeCommandExecute: event=com.browserstack.v2.eventBus.Event@62e8f250
11:48:48.422 [TC_LF_009_verify_login_logout_and_back@1] INFO  c.b.v2.module.WebdriverModule - afterCommandExecute: event=com.browserstack.v2.eventBus.Event@32395379
11:48:48.423 [TC_LF_009_verify_login_logout_and_back@1] INFO  c.b.v2.module.WebdriverModule - beforeCommandExecute: event=com.browserstack.v2.eventBus.Event@1e7bd6ab
11:48:48.514 [TC_HyperLinkCheck@0] INFO  c.b.v2.framework.TestNgFramework - trackEvent: found instance, testFrameworkState=TestFrameworkState.LOG hookState=HookState.PRE instance=-145149897
11:48:48.514 [TC_HyperLinkCheck@0] INFO  c.b.v2.framework.TestNgFramework - trackEvent: load log entries
11:48:48.517 [TC_HyperLinkCheck@0] INFO  c.b.v2.module.TestHubModule - sendLogCreatedEvent: event=com.browserstack.v2.eventBus.Event@11a00902, response=success: true

11:48:48.517 [TC_HyperLinkCheck@0] INFO  c.b.v2.module.TestHubModule - sendLogCreatedEvent: event=com.browserstack.v2.eventBus.Event@11a00902
11:48:48.518 [TC_HyperLinkCheck@0] INFO  c.b.v2.module.WebdriverModule - beforeCommandExecute: event=com.browserstack.v2.eventBus.Event@48158fa5
11:48:48.539 [TC_HyperLinkCheck@0] INFO  c.b.v2.module.WebdriverModule - afterCommandExecute: event=com.browserstack.v2.eventBus.Event@47dfd9a9
11:48:48.567 [TC_LF_009_verify_login_logout_and_back@1] INFO  c.b.v2.module.WebdriverModule - afterCommandExecute: event=com.browserstack.v2.eventBus.Event@7fe0ca80
11:48:48.567 [TC_LF_009_verify_login_logout_and_back@1] INFO  c.b.v2.framework.TestNgFramework - trackEvent: found instance, testFrameworkState=TestFrameworkState.LOG_REPORT hookState=HookState.PRE instance=-145148935
11:48:48.567 [TC_LF_009_verify_login_logout_and_back@1] INFO  c.b.v2.framework.TestNgFramework - trackEvent: found instance, testFrameworkState=TestFrameworkState.LOG_REPORT hookState=HookState.POST instance=-145148935
11:48:48.567 [TC_LF_009_verify_login_logout_and_back@1] INFO  c.b.v2.framework.TestNgFramework - trackEvent: load test results
11:48:48.567 [TC_LF_009_verify_login_logout_and_back@1] INFO  c.b.v2.framework.TestNgFramework - trackEvent: found instance, testFrameworkState=TestFrameworkState.TEST hookState=HookState.POST instance=-145148935
11:48:48.567 [TC_LF_009_verify_login_logout_and_back@1] INFO  c.b.v2.module.WebdriverModule - onAfterTest: event=com.browserstack.v2.eventBus.Event@56b24a3c
11:48:48.687 [TC_HyperLinkCheck@0] INFO  c.b.v2.framework.TestNgFramework - trackEvent: found instance, testFrameworkState=TestFrameworkState.LOG hookState=HookState.PRE instance=-145149897
11:48:48.687 [TC_HyperLinkCheck@0] INFO  c.b.v2.framework.TestNgFramework - trackEvent: load log entries
11:48:48.690 [TC_HyperLinkCheck@0] INFO  c.b.v2.module.TestHubModule - sendLogCreatedEvent: event=com.browserstack.v2.eventBus.Event@3fe5f9a3, response=success: true

11:48:48.690 [TC_HyperLinkCheck@0] INFO  c.b.v2.module.TestHubModule - sendLogCreatedEvent: event=com.browserstack.v2.eventBus.Event@3fe5f9a3
11:48:48.692 [TC_HyperLinkCheck@0] INFO  c.b.v2.module.WebdriverModule - beforeCommandExecute: event=com.browserstack.v2.eventBus.Event@2c2858ae
11:48:48.723 [TC_HyperLinkCheck@0] INFO  c.b.v2.module.WebdriverModule - afterCommandExecute: event=com.browserstack.v2.eventBus.Event@40b38ad8
11:48:48.862 [TC_HyperLinkCheck@0] INFO  c.b.v2.framework.TestNgFramework - trackEvent: found instance, testFrameworkState=TestFrameworkState.LOG hookState=HookState.PRE instance=-145149897
11:48:48.862 [TC_HyperLinkCheck@0] INFO  c.b.v2.framework.TestNgFramework - trackEvent: load log entries
11:48:48.865 [TC_HyperLinkCheck@0] INFO  c.b.v2.module.TestHubModule - sendLogCreatedEvent: event=com.browserstack.v2.eventBus.Event@541f703a, response=success: true

11:48:48.865 [TC_HyperLinkCheck@0] INFO  c.b.v2.module.TestHubModule - sendLogCreatedEvent: event=com.browserstack.v2.eventBus.Event@541f703a
11:48:48.866 [TC_HyperLinkCheck@0] INFO  c.b.v2.module.WebdriverModule - beforeCommandExecute: event=com.browserstack.v2.eventBus.Event@656f8dd5
11:48:48.887 [TC_HyperLinkCheck@0] INFO  c.b.v2.module.WebdriverModule - afterCommandExecute: event=com.browserstack.v2.eventBus.Event@33b8388f
11:48:48.902 [TC_LF_009_verify_login_logout_and_back@1] ERROR c.b.utils.SeleniumMethodUtils - Done for sessionid 9222f9ba4e3bcd407480d43b61eea7b584cd0403
11:48:49.025 [TC_HyperLinkCheck@0] INFO  c.b.v2.framework.TestNgFramework - trackEvent: found instance, testFrameworkState=TestFrameworkState.LOG hookState=HookState.PRE instance=-145149897
11:48:49.025 [TC_HyperLinkCheck@0] INFO  c.b.v2.framework.TestNgFramework - trackEvent: load log entries
11:48:49.027 [TC_HyperLinkCheck@0] INFO  c.b.v2.module.TestHubModule - sendLogCreatedEvent: event=com.browserstack.v2.eventBus.Event@72214650, response=success: true

11:48:49.027 [TC_HyperLinkCheck@0] INFO  c.b.v2.module.TestHubModule - sendLogCreatedEvent: event=com.browserstack.v2.eventBus.Event@72214650
11:48:49.029 [TC_HyperLinkCheck@0] INFO  c.b.v2.module.WebdriverModule - beforeCommandExecute: event=com.browserstack.v2.eventBus.Event@79abf3a1
11:48:49.051 [TC_HyperLinkCheck@0] INFO  c.b.v2.module.WebdriverModule - afterCommandExecute: event=com.browserstack.v2.eventBus.Event@5324a7f8
11:48:49.189 [TC_HyperLinkCheck@0] INFO  c.b.v2.framework.TestNgFramework - trackEvent: found instance, testFrameworkState=TestFrameworkState.LOG hookState=HookState.PRE instance=-145149897
11:48:49.189 [TC_HyperLinkCheck@0] INFO  c.b.v2.framework.TestNgFramework - trackEvent: load log entries
11:48:49.193 [TC_HyperLinkCheck@0] INFO  c.b.v2.module.TestHubModule - sendLogCreatedEvent: event=com.browserstack.v2.eventBus.Event@7189a991, response=success: true

11:48:49.193 [TC_HyperLinkCheck@0] INFO  c.b.v2.module.TestHubModule - sendLogCreatedEvent: event=com.browserstack.v2.eventBus.Event@7189a991
11:48:49.194 [TC_HyperLinkCheck@0] INFO  c.b.v2.module.WebdriverModule - beforeCommandExecute: event=com.browserstack.v2.eventBus.Event@57368f22
11:48:49.221 [TC_HyperLinkCheck@0] INFO  c.b.v2.module.WebdriverModule - afterCommandExecute: event=com.browserstack.v2.eventBus.Event@290b02a1
11:48:49.241 [TC_LF_009_verify_login_logout_and_back@1] INFO  c.b.v2.module.TestHubModule - onAfterTest: event={com.browserstack.v2.eventBus.Event@56b24a3c}
11:48:49.246 [TC_LF_009_verify_login_logout_and_back@1] INFO  c.b.v2.module.TestHubModule - sendTestSessionEvent: event=com.browserstack.v2.eventBus.Event@56b24a3c, response=success: true

11:48:49.248 [TC_LF_009_verify_login_logout_and_back@1] INFO  c.b.v2.module.TestHubModule - sendTestFrameworkEvent: event=com.browserstack.v2.eventBus.Event@56b24a3c, response=success: true

11:48:49.251 [TC_LF_009_verify_login_logout_and_back@1] INFO  c.b.v2.framework.TestNgFramework - trackEvent: found instance, testFrameworkState=TestFrameworkState.AFTER_METHOD hookState=HookState.PRE instance=-145148935
11:48:49.251 [TC_LF_009_verify_login_logout_and_back@1] INFO  c.b.v2.framework.TestNgFramework - trackEvent: track hook events
11:48:49.372 [TC_HyperLinkCheck@0] INFO  c.b.v2.framework.TestNgFramework - trackEvent: found instance, testFrameworkState=TestFrameworkState.LOG hookState=HookState.PRE instance=-145149897
11:48:49.372 [TC_HyperLinkCheck@0] INFO  c.b.v2.framework.TestNgFramework - trackEvent: load log entries
11:48:49.375 [TC_HyperLinkCheck@0] INFO  c.b.v2.module.TestHubModule - sendLogCreatedEvent: event=com.browserstack.v2.eventBus.Event@83d12d7, response=success: true

11:48:49.375 [TC_HyperLinkCheck@0] INFO  c.b.v2.module.TestHubModule - sendLogCreatedEvent: event=com.browserstack.v2.eventBus.Event@83d12d7
11:48:49.376 [TC_HyperLinkCheck@0] INFO  c.b.v2.module.WebdriverModule - beforeCommandExecute: event=com.browserstack.v2.eventBus.Event@fbf31e4
11:48:49.396 [TC_HyperLinkCheck@0] INFO  c.b.v2.module.WebdriverModule - afterCommandExecute: event=com.browserstack.v2.eventBus.Event@345522aa
11:48:49.451 [TC_LF_009_verify_login_logout_and_back@1] INFO  c.b.v2.framework.TestNgFramework - args CHECK = [TestResult name=clearCookies status=STARTED method=TS_002_Login_Functionality.clearCookies()[pri:0, instance:testCases.TS_002_Login_Functionality@4aa21f9d] output={null}]
11:48:49.451 [TC_LF_009_verify_login_logout_and_back@1] INFO  c.b.v2.framework.TestNgFramework - Hook Started in PRE key = AFTER_METHOD & hook = {hook_name=clearCookies, hook_result=pending, test_file_path=opencart\src\test\java\testCases\TS_002_Login_Functionality.java, event_started_at=2025-06-03T11:48:49.451197, hook_id=5adf0445-7aeb-46b6-b819-62958fdc8aa8, hook_logs=[], key=AFTER_METHOD, custom_metadata={}, test_location=opencart\src\test\java\testCases\TS_002_Login_Functionality.java}  and args = [[TestResult name=clearCookies status=STARTED method=TS_002_Login_Functionality.clearCookies()[pri:0, instance:testCases.TS_002_Login_Functionality@4aa21f9d] output={null}], TS_002_Login_Functionality.clearCookies()[pri:0, instance:testCases.TS_002_Login_Functionality@4aa21f9d]]
11:48:49.451 [TC_LF_009_verify_login_logout_and_back@1] INFO  c.b.v2.framework.TestNgFramework - trackHookEvents: hook state=AFTER_METHOD.HookState.PRE , hooks started={AFTER_METHOD=[{hook_name=clearCookies, hook_result=pending, test_file_path=opencart\src\test\java\testCases\TS_002_Login_Functionality.java, event_started_at=2025-06-03T11:48:49.451197, hook_id=5adf0445-7aeb-46b6-b819-62958fdc8aa8, hook_logs=[], key=AFTER_METHOD, custom_metadata={}, test_location=opencart\src\test\java\testCases\TS_002_Login_Functionality.java}]} , hooks finished={AFTER_METHOD=[]}
11:48:49.454 [TC_LF_009_verify_login_logout_and_back@1] INFO  c.b.v2.module.TestHubModule - sendTestFrameworkEvent: event=com.browserstack.v2.eventBus.Event@465e2e4e, response=success: true

11:48:49.455 [clearCookies@1] INFO  c.b.v2.module.WebdriverModule - beforeCommandExecute: event=com.browserstack.v2.eventBus.Event@3378b826
11:48:49.455 [clearCookies@1] INFO  c.b.v2.module.WebdriverModule - beforeCommandExecute: event=com.browserstack.v2.eventBus.Event@7d21133a
11:48:49.504 [clearCookies@1] INFO  c.b.v2.module.WebdriverModule - afterCommandExecute: event=com.browserstack.v2.eventBus.Event@4aba6e8e
11:48:49.504 [clearCookies@1] INFO  c.b.v2.module.WebdriverModule - afterCommandExecute: event=com.browserstack.v2.eventBus.Event@179d314c
11:48:49.505 [clearCookies@1] INFO  c.b.v2.framework.TestNgFramework - trackEvent: found instance, testFrameworkState=TestFrameworkState.AFTER_METHOD hookState=HookState.POST instance=-145148935
11:48:49.505 [clearCookies@1] INFO  c.b.v2.framework.TestNgFramework - trackEvent: track hook events
11:48:49.547 [TC_HyperLinkCheck@0] INFO  c.b.v2.framework.TestNgFramework - trackEvent: found instance, testFrameworkState=TestFrameworkState.LOG hookState=HookState.PRE instance=-145149897
11:48:49.547 [TC_HyperLinkCheck@0] INFO  c.b.v2.framework.TestNgFramework - trackEvent: load log entries
11:48:49.550 [TC_HyperLinkCheck@0] INFO  c.b.v2.module.TestHubModule - sendLogCreatedEvent: event=com.browserstack.v2.eventBus.Event@d1c4d94, response=success: true

11:48:49.550 [TC_HyperLinkCheck@0] INFO  c.b.v2.module.TestHubModule - sendLogCreatedEvent: event=com.browserstack.v2.eventBus.Event@d1c4d94
11:48:49.551 [TC_HyperLinkCheck@0] INFO  c.b.v2.module.WebdriverModule - beforeCommandExecute: event=com.browserstack.v2.eventBus.Event@4527b104
11:48:49.569 [TC_HyperLinkCheck@0] INFO  c.b.v2.module.WebdriverModule - afterCommandExecute: event=com.browserstack.v2.eventBus.Event@24406a48
11:48:49.702 [clearCookies@1] INFO  c.b.v2.framework.TestNgFramework - args CHECK = [TestResult name=clearCookies status=SUCCESS method=TS_002_Login_Functionality.clearCookies()[pri:0, instance:testCases.TS_002_Login_Functionality@4aa21f9d] output={null}]
11:48:49.702 [clearCookies@1] INFO  c.b.v2.framework.TestNgFramework - Hook List in Post [{hook_name=clearCookies, hook_result=pending, test_file_path=opencart\src\test\java\testCases\TS_002_Login_Functionality.java, event_started_at=2025-06-03T11:48:49.451197, hook_id=5adf0445-7aeb-46b6-b819-62958fdc8aa8, hook_logs=[], key=AFTER_METHOD, custom_metadata={}, test_location=opencart\src\test\java\testCases\TS_002_Login_Functionality.java}] and args = [[TestResult name=clearCookies status=SUCCESS method=TS_002_Login_Functionality.clearCookies()[pri:0, instance:testCases.TS_002_Login_Functionality@4aa21f9d] output={null}], TS_002_Login_Functionality.clearCookies()[pri:0, instance:testCases.TS_002_Login_Functionality@4aa21f9d]]
11:48:49.702 [clearCookies@1] INFO  c.b.v2.framework.TestNgFramework - Processing HookLevel attachments from directory: C:\Users\devbase\.browserstack\UploadedAttachments-66\HookLevel
11:48:49.702 [clearCookies@1] INFO  c.b.v2.framework.TestNgFramework - Checking hookLevelFiles: []
11:48:49.702 [clearCookies@1] INFO  c.b.v2.framework.TestNgFramework - checking Paths of files = C:\Users\devbase\.browserstack\UploadedAttachments-66\HookLevel\BuildLevelHookEvent and abs path = C:\Users\devbase\.browserstack\UploadedAttachments-66\HookLevel\BuildLevelHookEvent 
11:48:49.703 [clearCookies@1] INFO  c.b.v2.framework.TestNgFramework - Processing BuildLevelHookEvent attachments from directory: C:\Users\devbase\.browserstack\UploadedAttachments-66\HookLevel\BuildLevelHookEvent
11:48:49.703 [clearCookies@1] INFO  c.b.v2.framework.TestNgFramework - Processing TestLevel attachments eventLogs: []
11:48:49.703 [clearCookies@1] INFO  c.b.v2.framework.TestNgFramework - sendLogCreatedEvent: No Log Events to send
11:48:49.703 [clearCookies@1] INFO  c.b.v2.framework.TestNgFramework - trackHookEvents: hook state=AFTER_METHOD.HookState.POST , hooks started={AFTER_METHOD=[]} , hooks finished={AFTER_METHOD=[{hook_name=clearCookies, hook_result=passed, test_file_path=opencart\src\test\java\testCases\TS_002_Login_Functionality.java, event_started_at=2025-06-03T11:48:49.451197, hook_id=5adf0445-7aeb-46b6-b819-62958fdc8aa8, hook_logs=[], logs=[], key=AFTER_METHOD, custom_metadata={}, event_ended_at=2025-06-03T11:48:49.702647300, test_location=opencart\src\test\java\testCases\TS_002_Login_Functionality.java}]}
11:48:49.705 [clearCookies@1] INFO  c.b.v2.module.TestHubModule - sendTestFrameworkEvent: event=com.browserstack.v2.eventBus.Event@73a1e075, response=success: true

11:48:49.709 [clearCookies@1] INFO  c.b.v2.framework.TestNgFramework - trackTestNgTest: saved instance contextId=-145148935 target=C:/Users/RPA Base/Projects/opencart/src/test/java/testCases-1@1 instances=[-145148935, -145147973, -145149897]
11:48:49.709 [clearCookies@1] INFO  c.b.v2.framework.TestNgFramework - trackEvent: found instance, testFrameworkState=TestFrameworkState.TEST hookState=HookState.PRE instance=-145148935
11:48:49.723 [TC_HyperLinkCheck@0] INFO  c.b.v2.framework.TestNgFramework - trackEvent: found instance, testFrameworkState=TestFrameworkState.LOG hookState=HookState.PRE instance=-145149897
11:48:49.723 [TC_HyperLinkCheck@0] INFO  c.b.v2.framework.TestNgFramework - trackEvent: load log entries
11:48:49.725 [TC_HyperLinkCheck@0] INFO  c.b.v2.module.TestHubModule - sendLogCreatedEvent: event=com.browserstack.v2.eventBus.Event@56437cf7, response=success: true

11:48:49.725 [TC_HyperLinkCheck@0] INFO  c.b.v2.module.TestHubModule - sendLogCreatedEvent: event=com.browserstack.v2.eventBus.Event@56437cf7
11:48:49.726 [TC_HyperLinkCheck@0] INFO  c.b.v2.module.WebdriverModule - beforeCommandExecute: event=com.browserstack.v2.eventBus.Event@58a20272
11:48:49.745 [TC_HyperLinkCheck@0] INFO  c.b.v2.module.WebdriverModule - afterCommandExecute: event=com.browserstack.v2.eventBus.Event@6134091e
11:48:49.906 [clearCookies@1] INFO  c.b.v2.framework.TestNgFramework - trackEvent: loaded initial test data to instance, testFrameworkState=TestFrameworkState.TEST hookState=HookState.PRE instance=-145148935
11:48:49.906 [clearCookies@1] INFO  c.b.v2.module.WebdriverModule - onBeforeTest: event=com.browserstack.v2.eventBus.Event@25f2a6a8
11:48:49.908 [clearCookies@1] INFO  c.b.v2.module.TestHubModule - sendTestFrameworkEvent: event=com.browserstack.v2.eventBus.Event@25f2a6a8, response=success: true

11:48:49.909 [clearCookies@1] INFO  c.b.v2.module.ObservabilityModule - onBeforeTest: event={instance=com.browserstack.v2.instance.TestFrameworkInstance@743f6603, testFrameworkState=TestFrameworkState.TEST, testInstance=com.browserstack.v2.instance.TestFrameworkInstance@743f6603, hookState=HookState.PRE}
11:48:49.909 [clearCookies@1] INFO  c.b.v2.module.ObservabilityModule - performO11ySync: Performing O11y Sync
11:48:49.912 [TC_HyperLinkCheck@0] INFO  c.b.v2.framework.TestNgFramework - trackEvent: found instance, testFrameworkState=TestFrameworkState.LOG hookState=HookState.PRE instance=-145149897
11:48:49.912 [TC_HyperLinkCheck@0] INFO  c.b.v2.framework.TestNgFramework - trackEvent: load log entries
11:48:49.914 [TC_HyperLinkCheck@0] INFO  c.b.v2.module.TestHubModule - sendLogCreatedEvent: event=com.browserstack.v2.eventBus.Event@a2ab9f1, response=success: true

11:48:49.914 [TC_HyperLinkCheck@0] INFO  c.b.v2.module.TestHubModule - sendLogCreatedEvent: event=com.browserstack.v2.eventBus.Event@a2ab9f1
11:48:49.915 [TC_HyperLinkCheck@0] INFO  c.b.v2.module.WebdriverModule - beforeCommandExecute: event=com.browserstack.v2.eventBus.Event@4b3c5d3b
11:48:49.922 [TC_LF_013_verify_password_visibility@1] INFO  c.b.v2.module.WebdriverModule - beforeCommandExecute: event=com.browserstack.v2.eventBus.Event@165284ac
11:48:49.942 [TC_HyperLinkCheck@0] INFO  c.b.v2.module.WebdriverModule - afterCommandExecute: event=com.browserstack.v2.eventBus.Event@39d9d2bf
11:48:49.953 [TC_LF_013_verify_password_visibility@1] INFO  c.b.v2.module.WebdriverModule - afterCommandExecute: event=com.browserstack.v2.eventBus.Event@5ea95f58
11:48:49.953 [TC_LF_013_verify_password_visibility@1] INFO  c.b.v2.module.WebdriverModule - beforeCommandExecute: event=com.browserstack.v2.eventBus.Event@553f011a
11:48:50.264 [TC_LF_007_verify_email_password_placeholder@2] INFO  c.b.v2.module.WebdriverModule - afterCommandExecute: event=com.browserstack.v2.eventBus.Event@100a7ab2
11:48:50.264 [TC_LF_007_verify_email_password_placeholder@2] INFO  c.b.v2.framework.TestNgFramework - trackEvent: found instance, testFrameworkState=TestFrameworkState.LOG_REPORT hookState=HookState.PRE instance=-145147973
11:48:50.264 [TC_LF_007_verify_email_password_placeholder@2] INFO  c.b.v2.framework.TestNgFramework - trackEvent: found instance, testFrameworkState=TestFrameworkState.LOG_REPORT hookState=HookState.POST instance=-145147973
11:48:50.264 [TC_LF_007_verify_email_password_placeholder@2] INFO  c.b.v2.framework.TestNgFramework - trackEvent: load test results
11:48:50.264 [TC_LF_007_verify_email_password_placeholder@2] INFO  c.b.v2.framework.TestNgFramework - trackEvent: found instance, testFrameworkState=TestFrameworkState.TEST hookState=HookState.POST instance=-145147973
11:48:50.264 [TC_LF_007_verify_email_password_placeholder@2] INFO  c.b.v2.module.WebdriverModule - onAfterTest: event=com.browserstack.v2.eventBus.Event@4ffe8815
11:48:50.287 [TC_LF_013_verify_password_visibility@1] INFO  c.b.v2.module.WebdriverModule - afterCommandExecute: event=com.browserstack.v2.eventBus.Event@42fc630f
11:48:50.287 [TC_LF_013_verify_password_visibility@1] INFO  c.b.v2.module.WebdriverModule - beforeCommandExecute: event=com.browserstack.v2.eventBus.Event@3ebdd0fb
11:48:50.314 [TC_LF_013_verify_password_visibility@1] INFO  c.b.v2.module.WebdriverModule - afterCommandExecute: event=com.browserstack.v2.eventBus.Event@6a2914db
11:48:50.314 [TC_LF_013_verify_password_visibility@1] INFO  c.b.v2.module.WebdriverModule - beforeCommandExecute: event=com.browserstack.v2.eventBus.Event@5a1a5c07
11:48:50.368 [TC_HyperLinkCheck@0] INFO  c.b.v2.framework.TestNgFramework - trackEvent: found instance, testFrameworkState=TestFrameworkState.LOG hookState=HookState.PRE instance=-145149897
11:48:50.368 [TC_HyperLinkCheck@0] INFO  c.b.v2.framework.TestNgFramework - trackEvent: load log entries
11:48:50.370 [TC_HyperLinkCheck@0] INFO  c.b.v2.module.TestHubModule - sendLogCreatedEvent: event=com.browserstack.v2.eventBus.Event@2f805f11, response=success: true

11:48:50.370 [TC_HyperLinkCheck@0] INFO  c.b.v2.module.TestHubModule - sendLogCreatedEvent: event=com.browserstack.v2.eventBus.Event@2f805f11
11:48:50.371 [TC_HyperLinkCheck@0] INFO  c.b.v2.module.WebdriverModule - beforeCommandExecute: event=com.browserstack.v2.eventBus.Event@6e94f11
11:48:50.390 [TC_HyperLinkCheck@0] INFO  c.b.v2.module.WebdriverModule - afterCommandExecute: event=com.browserstack.v2.eventBus.Event@4dd1875e
11:48:50.585 [TC_LF_007_verify_email_password_placeholder@2] ERROR c.b.utils.SeleniumMethodUtils - Done for sessionid 16c0a30a0fb02a2055b26186b717279d4c25e1d6
11:48:50.769 [TC_HyperLinkCheck@0] INFO  c.b.v2.framework.TestNgFramework - trackEvent: found instance, testFrameworkState=TestFrameworkState.LOG hookState=HookState.PRE instance=-145149897
11:48:50.769 [TC_HyperLinkCheck@0] INFO  c.b.v2.framework.TestNgFramework - trackEvent: load log entries
11:48:50.772 [TC_HyperLinkCheck@0] INFO  c.b.v2.module.TestHubModule - sendLogCreatedEvent: event=com.browserstack.v2.eventBus.Event@1c3066a2, response=success: true

11:48:50.772 [TC_HyperLinkCheck@0] INFO  c.b.v2.module.TestHubModule - sendLogCreatedEvent: event=com.browserstack.v2.eventBus.Event@1c3066a2
11:48:50.773 [TC_HyperLinkCheck@0] INFO  c.b.v2.module.WebdriverModule - beforeCommandExecute: event=com.browserstack.v2.eventBus.Event@582d82d9
11:48:50.802 [TC_HyperLinkCheck@0] INFO  c.b.v2.module.WebdriverModule - afterCommandExecute: event=com.browserstack.v2.eventBus.Event@21c6e82f
11:48:50.863 [TC_LF_007_verify_email_password_placeholder@2] INFO  c.b.v2.module.TestHubModule - onAfterTest: event={com.browserstack.v2.eventBus.Event@4ffe8815}
11:48:50.866 [TC_LF_007_verify_email_password_placeholder@2] INFO  c.b.v2.module.TestHubModule - sendTestSessionEvent: event=com.browserstack.v2.eventBus.Event@4ffe8815, response=success: true

11:48:50.869 [TC_LF_007_verify_email_password_placeholder@2] INFO  c.b.v2.module.TestHubModule - sendTestFrameworkEvent: event=com.browserstack.v2.eventBus.Event@4ffe8815, response=success: true

11:48:50.872 [TC_LF_007_verify_email_password_placeholder@2] INFO  c.b.v2.framework.TestNgFramework - trackEvent: found instance, testFrameworkState=TestFrameworkState.AFTER_METHOD hookState=HookState.PRE instance=-145147973
11:48:50.872 [TC_LF_007_verify_email_password_placeholder@2] INFO  c.b.v2.framework.TestNgFramework - trackEvent: track hook events
11:48:50.918 [TC_LF_013_verify_password_visibility@1] INFO  c.b.v2.module.WebdriverModule - afterCommandExecute: event=com.browserstack.v2.eventBus.Event@24683de2
11:48:50.918 [TC_LF_013_verify_password_visibility@1] INFO  c.b.v2.module.WebdriverModule - beforeCommandExecute: event=com.browserstack.v2.eventBus.Event@6c2cc7a7
11:48:50.953 [TC_LF_013_verify_password_visibility@1] INFO  c.b.v2.module.WebdriverModule - afterCommandExecute: event=com.browserstack.v2.eventBus.Event@2eba1a99
11:48:50.953 [TC_LF_013_verify_password_visibility@1] INFO  c.b.v2.module.WebdriverModule - beforeCommandExecute: event=com.browserstack.v2.eventBus.Event@3f010dca
11:48:51.026 [TC_LF_013_verify_password_visibility@1] INFO  c.b.v2.module.WebdriverModule - afterCommandExecute: event=com.browserstack.v2.eventBus.Event@7c5cf5d6
11:48:51.026 [TC_LF_013_verify_password_visibility@1] INFO  c.b.v2.framework.TestNgFramework - trackEvent: found instance, testFrameworkState=TestFrameworkState.LOG_REPORT hookState=HookState.PRE instance=-145148935
11:48:51.026 [TC_LF_013_verify_password_visibility@1] INFO  c.b.v2.framework.TestNgFramework - trackEvent: found instance, testFrameworkState=TestFrameworkState.LOG_REPORT hookState=HookState.POST instance=-145148935
11:48:51.026 [TC_LF_013_verify_password_visibility@1] INFO  c.b.v2.framework.TestNgFramework - trackEvent: load test results
11:48:51.026 [TC_LF_013_verify_password_visibility@1] INFO  c.b.v2.framework.TestNgFramework - trackEvent: found instance, testFrameworkState=TestFrameworkState.TEST hookState=HookState.POST instance=-145148935
11:48:51.026 [TC_LF_013_verify_password_visibility@1] INFO  c.b.v2.module.WebdriverModule - onAfterTest: event=com.browserstack.v2.eventBus.Event@cd5851
11:48:51.070 [TC_LF_007_verify_email_password_placeholder@2] INFO  c.b.v2.framework.TestNgFramework - args CHECK = [TestResult name=clearCookies status=STARTED method=TS_002_Login_Functionality.clearCookies()[pri:0, instance:testCases.TS_002_Login_Functionality@440e3ce6] output={null}]
11:48:51.070 [TC_LF_007_verify_email_password_placeholder@2] INFO  c.b.v2.framework.TestNgFramework - Hook Started in PRE key = AFTER_METHOD & hook = {hook_name=clearCookies, hook_result=pending, test_file_path=opencart\src\test\java\testCases\TS_002_Login_Functionality.java, event_started_at=2025-06-03T11:48:51.070750500, hook_id=65df9a0d-03f5-4e43-b61c-a08e27dddaf5, hook_logs=[], key=AFTER_METHOD, custom_metadata={}, test_location=opencart\src\test\java\testCases\TS_002_Login_Functionality.java}  and args = [[TestResult name=clearCookies status=STARTED method=TS_002_Login_Functionality.clearCookies()[pri:0, instance:testCases.TS_002_Login_Functionality@440e3ce6] output={null}], TS_002_Login_Functionality.clearCookies()[pri:0, instance:testCases.TS_002_Login_Functionality@440e3ce6]]
11:48:51.070 [TC_LF_007_verify_email_password_placeholder@2] INFO  c.b.v2.framework.TestNgFramework - trackHookEvents: hook state=AFTER_METHOD.HookState.PRE , hooks started={AFTER_METHOD=[{hook_name=clearCookies, hook_result=pending, test_file_path=opencart\src\test\java\testCases\TS_002_Login_Functionality.java, event_started_at=2025-06-03T11:48:51.070750500, hook_id=65df9a0d-03f5-4e43-b61c-a08e27dddaf5, hook_logs=[], key=AFTER_METHOD, custom_metadata={}, test_location=opencart\src\test\java\testCases\TS_002_Login_Functionality.java}]} , hooks finished={AFTER_METHOD=[]}
11:48:51.073 [TC_LF_007_verify_email_password_placeholder@2] INFO  c.b.v2.module.TestHubModule - sendTestFrameworkEvent: event=com.browserstack.v2.eventBus.Event@30b1a91b, response=success: true

11:48:51.074 [clearCookies@2] INFO  c.b.v2.module.WebdriverModule - beforeCommandExecute: event=com.browserstack.v2.eventBus.Event@12755123
11:48:51.074 [clearCookies@2] INFO  c.b.v2.module.WebdriverModule - beforeCommandExecute: event=com.browserstack.v2.eventBus.Event@473a3d84
11:48:51.166 [TC_HyperLinkCheck@0] INFO  c.b.v2.framework.TestNgFramework - trackEvent: found instance, testFrameworkState=TestFrameworkState.LOG hookState=HookState.PRE instance=-145149897
11:48:51.166 [TC_HyperLinkCheck@0] INFO  c.b.v2.framework.TestNgFramework - trackEvent: load log entries
11:48:51.166 [clearCookies@2] INFO  c.b.v2.module.WebdriverModule - afterCommandExecute: event=com.browserstack.v2.eventBus.Event@7a7ead09
11:48:51.166 [clearCookies@2] INFO  c.b.v2.module.WebdriverModule - afterCommandExecute: event=com.browserstack.v2.eventBus.Event@49032b9b
11:48:51.166 [clearCookies@2] INFO  c.b.v2.framework.TestNgFramework - trackEvent: found instance, testFrameworkState=TestFrameworkState.AFTER_METHOD hookState=HookState.POST instance=-145147973
11:48:51.166 [clearCookies@2] INFO  c.b.v2.framework.TestNgFramework - trackEvent: track hook events
11:48:51.169 [TC_HyperLinkCheck@0] INFO  c.b.v2.module.TestHubModule - sendLogCreatedEvent: event=com.browserstack.v2.eventBus.Event@d1f895f, response=success: true

11:48:51.170 [TC_HyperLinkCheck@0] INFO  c.b.v2.module.TestHubModule - sendLogCreatedEvent: event=com.browserstack.v2.eventBus.Event@d1f895f
11:48:51.170 [TC_HyperLinkCheck@0] INFO  c.b.v2.module.WebdriverModule - beforeCommandExecute: event=com.browserstack.v2.eventBus.Event@607c50fd
11:48:51.192 [TC_HyperLinkCheck@0] INFO  c.b.v2.module.WebdriverModule - afterCommandExecute: event=com.browserstack.v2.eventBus.Event@43da1544
11:48:51.367 [clearCookies@2] INFO  c.b.v2.framework.TestNgFramework - args CHECK = [TestResult name=clearCookies status=SUCCESS method=TS_002_Login_Functionality.clearCookies()[pri:0, instance:testCases.TS_002_Login_Functionality@440e3ce6] output={null}]
11:48:51.368 [clearCookies@2] INFO  c.b.v2.framework.TestNgFramework - Hook List in Post [{hook_name=clearCookies, hook_result=pending, test_file_path=opencart\src\test\java\testCases\TS_002_Login_Functionality.java, event_started_at=2025-06-03T11:48:51.070750500, hook_id=65df9a0d-03f5-4e43-b61c-a08e27dddaf5, hook_logs=[], key=AFTER_METHOD, custom_metadata={}, test_location=opencart\src\test\java\testCases\TS_002_Login_Functionality.java}] and args = [[TestResult name=clearCookies status=SUCCESS method=TS_002_Login_Functionality.clearCookies()[pri:0, instance:testCases.TS_002_Login_Functionality@440e3ce6] output={null}], TS_002_Login_Functionality.clearCookies()[pri:0, instance:testCases.TS_002_Login_Functionality@440e3ce6]]
11:48:51.368 [clearCookies@2] INFO  c.b.v2.framework.TestNgFramework - Processing HookLevel attachments from directory: C:\Users\devbase\.browserstack\UploadedAttachments-67\HookLevel
11:48:51.368 [clearCookies@2] INFO  c.b.v2.framework.TestNgFramework - Checking hookLevelFiles: []
11:48:51.368 [clearCookies@2] INFO  c.b.v2.framework.TestNgFramework - checking Paths of files = C:\Users\devbase\.browserstack\UploadedAttachments-67\HookLevel\BuildLevelHookEvent and abs path = C:\Users\devbase\.browserstack\UploadedAttachments-67\HookLevel\BuildLevelHookEvent 
11:48:51.368 [clearCookies@2] INFO  c.b.v2.framework.TestNgFramework - Processing BuildLevelHookEvent attachments from directory: C:\Users\devbase\.browserstack\UploadedAttachments-67\HookLevel\BuildLevelHookEvent
11:48:51.368 [clearCookies@2] INFO  c.b.v2.framework.TestNgFramework - Processing TestLevel attachments eventLogs: []
11:48:51.368 [clearCookies@2] INFO  c.b.v2.framework.TestNgFramework - sendLogCreatedEvent: No Log Events to send
11:48:51.368 [clearCookies@2] INFO  c.b.v2.framework.TestNgFramework - trackHookEvents: hook state=AFTER_METHOD.HookState.POST , hooks started={AFTER_METHOD=[]} , hooks finished={AFTER_METHOD=[{hook_name=clearCookies, hook_result=passed, test_file_path=opencart\src\test\java\testCases\TS_002_Login_Functionality.java, event_started_at=2025-06-03T11:48:51.070750500, hook_id=65df9a0d-03f5-4e43-b61c-a08e27dddaf5, hook_logs=[], logs=[], key=AFTER_METHOD, custom_metadata={}, event_ended_at=2025-06-03T11:48:51.368239900, test_location=opencart\src\test\java\testCases\TS_002_Login_Functionality.java}]}
11:48:51.370 [clearCookies@2] INFO  c.b.v2.module.TestHubModule - sendTestFrameworkEvent: event=com.browserstack.v2.eventBus.Event@38110c17, response=success: true

11:48:51.374 [clearCookies@2] INFO  c.b.v2.framework.TestNgFramework - trackTestNgTest: saved instance contextId=-145147973 target=C:/Users/RPA Base/Projects/opencart/src/test/java/testCases-2@2 instances=[-145148935, -145147973, -145149897]
11:48:51.374 [clearCookies@2] INFO  c.b.v2.framework.TestNgFramework - trackEvent: found instance, testFrameworkState=TestFrameworkState.TEST hookState=HookState.PRE instance=-145147973
11:48:51.417 [TC_LF_013_verify_password_visibility@1] ERROR c.b.utils.SeleniumMethodUtils - Done for sessionid 9222f9ba4e3bcd407480d43b61eea7b584cd0403
11:48:51.561 [TC_HyperLinkCheck@0] INFO  c.b.v2.framework.TestNgFramework - trackEvent: found instance, testFrameworkState=TestFrameworkState.LOG hookState=HookState.PRE instance=-145149897
11:48:51.561 [TC_HyperLinkCheck@0] INFO  c.b.v2.framework.TestNgFramework - trackEvent: load log entries
11:48:51.568 [TC_HyperLinkCheck@0] INFO  c.b.v2.module.TestHubModule - sendLogCreatedEvent: event=com.browserstack.v2.eventBus.Event@6c016c23, response=success: true

11:48:51.568 [TC_HyperLinkCheck@0] INFO  c.b.v2.module.TestHubModule - sendLogCreatedEvent: event=com.browserstack.v2.eventBus.Event@6c016c23
11:48:51.570 [TC_HyperLinkCheck@0] INFO  c.b.v2.module.WebdriverModule - beforeCommandExecute: event=com.browserstack.v2.eventBus.Event@79e4651
11:48:51.592 [TC_HyperLinkCheck@0] INFO  c.b.v2.module.WebdriverModule - afterCommandExecute: event=com.browserstack.v2.eventBus.Event@2b93e093
11:48:51.592 [TC_HyperLinkCheck@0] INFO  c.b.v2.framework.TestNgFramework - trackEvent: found instance, testFrameworkState=TestFrameworkState.LOG hookState=HookState.PRE instance=-145149897
11:48:51.592 [TC_HyperLinkCheck@0] INFO  c.b.v2.framework.TestNgFramework - trackEvent: load log entries
11:48:51.595 [TC_HyperLinkCheck@0] INFO  c.b.v2.module.TestHubModule - sendLogCreatedEvent: event=com.browserstack.v2.eventBus.Event@73c9f51, response=success: true

11:48:51.595 [TC_HyperLinkCheck@0] INFO  c.b.v2.module.TestHubModule - sendLogCreatedEvent: event=com.browserstack.v2.eventBus.Event@73c9f51
11:48:51.596 [TC_HyperLinkCheck@0] INFO  c.b.v2.framework.TestNgFramework - trackEvent: found instance, testFrameworkState=TestFrameworkState.LOG_REPORT hookState=HookState.PRE instance=-145149897
11:48:51.596 [TC_HyperLinkCheck@0] INFO  c.b.v2.framework.TestNgFramework - trackEvent: found instance, testFrameworkState=TestFrameworkState.LOG_REPORT hookState=HookState.POST instance=-145149897
11:48:51.596 [TC_HyperLinkCheck@0] INFO  c.b.v2.framework.TestNgFramework - trackEvent: load test results
11:48:51.596 [TC_HyperLinkCheck@0] INFO  c.b.v2.framework.TestNgFramework - trackEvent: found instance, testFrameworkState=TestFrameworkState.TEST hookState=HookState.POST instance=-145149897
11:48:51.596 [TC_HyperLinkCheck@0] INFO  c.b.v2.module.WebdriverModule - onAfterTest: event=com.browserstack.v2.eventBus.Event@4d8370b
11:48:51.651 [clearCookies@2] INFO  c.b.v2.framework.TestNgFramework - trackEvent: loaded initial test data to instance, testFrameworkState=TestFrameworkState.TEST hookState=HookState.PRE instance=-145147973
11:48:51.651 [clearCookies@2] INFO  c.b.v2.module.WebdriverModule - onBeforeTest: event=com.browserstack.v2.eventBus.Event@35841861
11:48:51.657 [clearCookies@2] INFO  c.b.v2.module.TestHubModule - sendTestFrameworkEvent: event=com.browserstack.v2.eventBus.Event@35841861, response=success: true

11:48:51.658 [clearCookies@2] INFO  c.b.v2.module.ObservabilityModule - onBeforeTest: event={instance=com.browserstack.v2.instance.TestFrameworkInstance@30960f4, testFrameworkState=TestFrameworkState.TEST, testInstance=com.browserstack.v2.instance.TestFrameworkInstance@30960f4, hookState=HookState.PRE}
11:48:51.658 [clearCookies@2] INFO  c.b.v2.module.ObservabilityModule - performO11ySync: Performing O11y Sync
11:48:51.669 [TC_LF_009_verify_login_logout_and_back@2] INFO  c.b.v2.module.WebdriverModule - beforeCommandExecute: event=com.browserstack.v2.eventBus.Event@797e91
11:48:51.738 [TC_LF_013_verify_password_visibility@1] INFO  c.b.v2.module.TestHubModule - onAfterTest: event={com.browserstack.v2.eventBus.Event@cd5851}
11:48:51.742 [TC_LF_013_verify_password_visibility@1] INFO  c.b.v2.module.TestHubModule - sendTestSessionEvent: event=com.browserstack.v2.eventBus.Event@cd5851, response=success: true

11:48:51.747 [TC_LF_013_verify_password_visibility@1] INFO  c.b.v2.module.TestHubModule - sendTestFrameworkEvent: event=com.browserstack.v2.eventBus.Event@cd5851, response=success: true

11:48:51.749 [TC_LF_013_verify_password_visibility@1] INFO  c.b.v2.framework.TestNgFramework - trackEvent: found instance, testFrameworkState=TestFrameworkState.AFTER_METHOD hookState=HookState.PRE instance=-145148935
11:48:51.749 [TC_LF_013_verify_password_visibility@1] INFO  c.b.v2.framework.TestNgFramework - trackEvent: track hook events
11:48:51.760 [TC_LF_009_verify_login_logout_and_back@2] INFO  c.b.v2.module.WebdriverModule - afterCommandExecute: event=com.browserstack.v2.eventBus.Event@3d71e101
11:48:51.760 [TC_LF_009_verify_login_logout_and_back@2] INFO  c.b.v2.module.WebdriverModule - beforeCommandExecute: event=com.browserstack.v2.eventBus.Event@4f9bd886
11:48:51.932 [TC_HyperLinkCheck@0] ERROR c.b.utils.SeleniumMethodUtils - Done for sessionid c45a53cd53655682349941b7b9b03114175b3da1
11:48:52.051 [TC_LF_013_verify_password_visibility@1] INFO  c.b.v2.framework.TestNgFramework - args CHECK = [TestResult name=clearCookies status=STARTED method=TS_002_Login_Functionality.clearCookies()[pri:0, instance:testCases.TS_002_Login_Functionality@4aa21f9d] output={null}]
11:48:52.051 [TC_LF_013_verify_password_visibility@1] INFO  c.b.v2.framework.TestNgFramework - Hook Started in PRE key = AFTER_METHOD & hook = {hook_name=clearCookies, hook_result=pending, test_file_path=opencart\src\test\java\testCases\TS_002_Login_Functionality.java, event_started_at=2025-06-03T11:48:52.051431400, hook_id=1b650ad7-bede-4053-a579-7ef4d2917a67, hook_logs=[], key=AFTER_METHOD, custom_metadata={}, test_location=opencart\src\test\java\testCases\TS_002_Login_Functionality.java}  and args = [[TestResult name=clearCookies status=STARTED method=TS_002_Login_Functionality.clearCookies()[pri:0, instance:testCases.TS_002_Login_Functionality@4aa21f9d] output={null}], TS_002_Login_Functionality.clearCookies()[pri:0, instance:testCases.TS_002_Login_Functionality@4aa21f9d]]
11:48:52.051 [TC_LF_013_verify_password_visibility@1] INFO  c.b.v2.framework.TestNgFramework - trackHookEvents: hook state=AFTER_METHOD.HookState.PRE , hooks started={AFTER_METHOD=[{hook_name=clearCookies, hook_result=pending, test_file_path=opencart\src\test\java\testCases\TS_002_Login_Functionality.java, event_started_at=2025-06-03T11:48:52.051431400, hook_id=1b650ad7-bede-4053-a579-7ef4d2917a67, hook_logs=[], key=AFTER_METHOD, custom_metadata={}, test_location=opencart\src\test\java\testCases\TS_002_Login_Functionality.java}]} , hooks finished={AFTER_METHOD=[]}
11:48:52.054 [TC_LF_013_verify_password_visibility@1] INFO  c.b.v2.module.TestHubModule - sendTestFrameworkEvent: event=com.browserstack.v2.eventBus.Event@283c7788, response=success: true

11:48:52.055 [clearCookies@1] INFO  c.b.v2.module.WebdriverModule - beforeCommandExecute: event=com.browserstack.v2.eventBus.Event@3a90b14e
11:48:52.055 [clearCookies@1] INFO  c.b.v2.module.WebdriverModule - beforeCommandExecute: event=com.browserstack.v2.eventBus.Event@3881d7eb
11:48:52.126 [clearCookies@1] INFO  c.b.v2.module.WebdriverModule - afterCommandExecute: event=com.browserstack.v2.eventBus.Event@73ca6744
11:48:52.126 [clearCookies@1] INFO  c.b.v2.module.WebdriverModule - afterCommandExecute: event=com.browserstack.v2.eventBus.Event@46548c84
11:48:52.126 [clearCookies@1] INFO  c.b.v2.framework.TestNgFramework - trackEvent: found instance, testFrameworkState=TestFrameworkState.AFTER_METHOD hookState=HookState.POST instance=-145148935
11:48:52.126 [clearCookies@1] INFO  c.b.v2.framework.TestNgFramework - trackEvent: track hook events
11:48:52.257 [TC_HyperLinkCheck@0] INFO  c.b.v2.module.TestHubModule - onAfterTest: event={com.browserstack.v2.eventBus.Event@4d8370b}
11:48:52.260 [TC_HyperLinkCheck@0] INFO  c.b.v2.module.TestHubModule - sendTestSessionEvent: event=com.browserstack.v2.eventBus.Event@4d8370b, response=success: true

11:48:52.264 [TC_HyperLinkCheck@0] INFO  c.b.v2.module.TestHubModule - sendTestFrameworkEvent: event=com.browserstack.v2.eventBus.Event@4d8370b, response=success: true

11:48:52.268 [TC_HyperLinkCheck@0] INFO  c.b.v2.framework.TestNgFramework - trackEvent: found instance, testFrameworkState=TestFrameworkState.AFTER_METHOD hookState=HookState.PRE instance=-145149897
11:48:52.268 [TC_HyperLinkCheck@0] INFO  c.b.v2.framework.TestNgFramework - trackEvent: track hook events
11:48:52.333 [clearCookies@1] INFO  c.b.v2.framework.TestNgFramework - args CHECK = [TestResult name=clearCookies status=SUCCESS method=TS_002_Login_Functionality.clearCookies()[pri:0, instance:testCases.TS_002_Login_Functionality@4aa21f9d] output={null}]
11:48:52.333 [clearCookies@1] INFO  c.b.v2.framework.TestNgFramework - Hook List in Post [{hook_name=clearCookies, hook_result=pending, test_file_path=opencart\src\test\java\testCases\TS_002_Login_Functionality.java, event_started_at=2025-06-03T11:48:52.051431400, hook_id=1b650ad7-bede-4053-a579-7ef4d2917a67, hook_logs=[], key=AFTER_METHOD, custom_metadata={}, test_location=opencart\src\test\java\testCases\TS_002_Login_Functionality.java}] and args = [[TestResult name=clearCookies status=SUCCESS method=TS_002_Login_Functionality.clearCookies()[pri:0, instance:testCases.TS_002_Login_Functionality@4aa21f9d] output={null}], TS_002_Login_Functionality.clearCookies()[pri:0, instance:testCases.TS_002_Login_Functionality@4aa21f9d]]
11:48:52.333 [clearCookies@1] INFO  c.b.v2.framework.TestNgFramework - Processing HookLevel attachments from directory: C:\Users\devbase\.browserstack\UploadedAttachments-66\HookLevel
11:48:52.333 [clearCookies@1] INFO  c.b.v2.framework.TestNgFramework - Checking hookLevelFiles: []
11:48:52.333 [clearCookies@1] INFO  c.b.v2.framework.TestNgFramework - checking Paths of files = C:\Users\devbase\.browserstack\UploadedAttachments-66\HookLevel\BuildLevelHookEvent and abs path = C:\Users\devbase\.browserstack\UploadedAttachments-66\HookLevel\BuildLevelHookEvent 
11:48:52.333 [clearCookies@1] INFO  c.b.v2.framework.TestNgFramework - Processing BuildLevelHookEvent attachments from directory: C:\Users\devbase\.browserstack\UploadedAttachments-66\HookLevel\BuildLevelHookEvent
11:48:52.333 [clearCookies@1] INFO  c.b.v2.framework.TestNgFramework - Processing TestLevel attachments eventLogs: []
11:48:52.333 [clearCookies@1] INFO  c.b.v2.framework.TestNgFramework - sendLogCreatedEvent: No Log Events to send
11:48:52.333 [clearCookies@1] INFO  c.b.v2.framework.TestNgFramework - trackHookEvents: hook state=AFTER_METHOD.HookState.POST , hooks started={AFTER_METHOD=[]} , hooks finished={AFTER_METHOD=[{hook_name=clearCookies, hook_result=passed, test_file_path=opencart\src\test\java\testCases\TS_002_Login_Functionality.java, event_started_at=2025-06-03T11:48:52.051431400, hook_id=1b650ad7-bede-4053-a579-7ef4d2917a67, hook_logs=[], logs=[], key=AFTER_METHOD, custom_metadata={}, event_ended_at=2025-06-03T11:48:52.333866300, test_location=opencart\src\test\java\testCases\TS_002_Login_Functionality.java}]}
11:48:52.337 [clearCookies@1] INFO  c.b.v2.module.TestHubModule - sendTestFrameworkEvent: event=com.browserstack.v2.eventBus.Event@d7bdeaa, response=success: true

11:48:52.340 [clearCookies@1] INFO  c.b.v2.framework.TestNgFramework - trackTestNgTest: saved instance contextId=-145148935 target=C:/Users/RPA Base/Projects/opencart/src/test/java/testCases-1@1 instances=[-145148935, -145147973, -145149897]
11:48:52.340 [clearCookies@1] INFO  c.b.v2.framework.TestNgFramework - trackEvent: found instance, testFrameworkState=TestFrameworkState.TEST hookState=HookState.PRE instance=-145148935
11:48:52.491 [TC_HyperLinkCheck@0] INFO  c.b.v2.framework.TestNgFramework - args CHECK = [TestResult name=clearCookies status=STARTED method=TS_002_Login_Functionality.clearCookies()[pri:0, instance:testCases.TS_002_Login_Functionality@3291b443] output={null}]
11:48:52.491 [TC_HyperLinkCheck@0] INFO  c.b.v2.framework.TestNgFramework - Hook Started in PRE key = AFTER_METHOD & hook = {hook_name=clearCookies, hook_result=pending, test_file_path=opencart\src\test\java\testCases\TS_002_Login_Functionality.java, event_started_at=2025-06-03T11:48:52.491350500, hook_id=6b684404-5a14-4a8a-86e7-9c39c88ff70e, hook_logs=[], key=AFTER_METHOD, custom_metadata={}, test_location=opencart\src\test\java\testCases\TS_002_Login_Functionality.java}  and args = [[TestResult name=clearCookies status=STARTED method=TS_002_Login_Functionality.clearCookies()[pri:0, instance:testCases.TS_002_Login_Functionality@3291b443] output={null}], TS_002_Login_Functionality.clearCookies()[pri:0, instance:testCases.TS_002_Login_Functionality@3291b443]]
11:48:52.491 [TC_HyperLinkCheck@0] INFO  c.b.v2.framework.TestNgFramework - trackHookEvents: hook state=AFTER_METHOD.HookState.PRE , hooks started={AFTER_METHOD=[{hook_name=clearCookies, hook_result=pending, test_file_path=opencart\src\test\java\testCases\TS_002_Login_Functionality.java, event_started_at=2025-06-03T11:48:52.491350500, hook_id=6b684404-5a14-4a8a-86e7-9c39c88ff70e, hook_logs=[], key=AFTER_METHOD, custom_metadata={}, test_location=opencart\src\test\java\testCases\TS_002_Login_Functionality.java}]} , hooks finished={AFTER_METHOD=[]}
11:48:52.493 [TC_HyperLinkCheck@0] INFO  c.b.v2.module.TestHubModule - sendTestFrameworkEvent: event=com.browserstack.v2.eventBus.Event@7f274bf5, response=success: true

11:48:52.495 [clearCookies@0] INFO  c.b.v2.module.WebdriverModule - beforeCommandExecute: event=com.browserstack.v2.eventBus.Event@354ef230
11:48:52.495 [clearCookies@0] INFO  c.b.v2.module.WebdriverModule - beforeCommandExecute: event=com.browserstack.v2.eventBus.Event@1d1d4d30
11:48:52.526 [clearCookies@0] INFO  c.b.v2.module.WebdriverModule - afterCommandExecute: event=com.browserstack.v2.eventBus.Event@5820d585
11:48:52.526 [clearCookies@0] INFO  c.b.v2.module.WebdriverModule - afterCommandExecute: event=com.browserstack.v2.eventBus.Event@5fe4f086
11:48:52.526 [clearCookies@0] INFO  c.b.v2.framework.TestNgFramework - trackEvent: found instance, testFrameworkState=TestFrameworkState.AFTER_METHOD hookState=HookState.POST instance=-145149897
11:48:52.526 [clearCookies@0] INFO  c.b.v2.framework.TestNgFramework - trackEvent: track hook events
11:48:52.568 [clearCookies@1] INFO  c.b.v2.framework.TestNgFramework - trackEvent: loaded initial test data to instance, testFrameworkState=TestFrameworkState.TEST hookState=HookState.PRE instance=-145148935
11:48:52.568 [clearCookies@1] INFO  c.b.v2.module.WebdriverModule - onBeforeTest: event=com.browserstack.v2.eventBus.Event@5b057eaf
11:48:52.573 [clearCookies@1] INFO  c.b.v2.module.TestHubModule - sendTestFrameworkEvent: event=com.browserstack.v2.eventBus.Event@5b057eaf, response=success: true

11:48:52.574 [clearCookies@1] INFO  c.b.v2.module.ObservabilityModule - onBeforeTest: event={instance=com.browserstack.v2.instance.TestFrameworkInstance@561cb66f, testFrameworkState=TestFrameworkState.TEST, testInstance=com.browserstack.v2.instance.TestFrameworkInstance@561cb66f, hookState=HookState.PRE}
11:48:52.574 [clearCookies@1] INFO  c.b.v2.module.ObservabilityModule - performO11ySync: Performing O11y Sync
11:48:52.584 [TC_HyperLinkCheck@1] INFO  c.b.v2.module.WebdriverModule - beforeCommandExecute: event=com.browserstack.v2.eventBus.Event@edb1180
11:48:52.690 [TC_HyperLinkCheck@1] INFO  c.b.v2.module.WebdriverModule - afterCommandExecute: event=com.browserstack.v2.eventBus.Event@7452a70b
11:48:52.692 [TC_HyperLinkCheck@1] INFO  c.b.v2.module.WebdriverModule - beforeCommandExecute: event=com.browserstack.v2.eventBus.Event@729b0c34
11:48:52.738 [clearCookies@0] INFO  c.b.v2.framework.TestNgFramework - args CHECK = [TestResult name=clearCookies status=SUCCESS method=TS_002_Login_Functionality.clearCookies()[pri:0, instance:testCases.TS_002_Login_Functionality@3291b443] output={null}]
11:48:52.738 [clearCookies@0] INFO  c.b.v2.framework.TestNgFramework - Hook List in Post [{hook_name=clearCookies, hook_result=pending, test_file_path=opencart\src\test\java\testCases\TS_002_Login_Functionality.java, event_started_at=2025-06-03T11:48:52.491350500, hook_id=6b684404-5a14-4a8a-86e7-9c39c88ff70e, hook_logs=[], key=AFTER_METHOD, custom_metadata={}, test_location=opencart\src\test\java\testCases\TS_002_Login_Functionality.java}] and args = [[TestResult name=clearCookies status=SUCCESS method=TS_002_Login_Functionality.clearCookies()[pri:0, instance:testCases.TS_002_Login_Functionality@3291b443] output={null}], TS_002_Login_Functionality.clearCookies()[pri:0, instance:testCases.TS_002_Login_Functionality@3291b443]]
11:48:52.739 [clearCookies@0] INFO  c.b.v2.framework.TestNgFramework - Processing HookLevel attachments from directory: C:\Users\devbase\.browserstack\UploadedAttachments-65\HookLevel
11:48:52.739 [clearCookies@0] INFO  c.b.v2.framework.TestNgFramework - Checking hookLevelFiles: []
11:48:52.739 [clearCookies@0] INFO  c.b.v2.framework.TestNgFramework - checking Paths of files = C:\Users\devbase\.browserstack\UploadedAttachments-65\HookLevel\BuildLevelHookEvent and abs path = C:\Users\devbase\.browserstack\UploadedAttachments-65\HookLevel\BuildLevelHookEvent 
11:48:52.739 [clearCookies@0] INFO  c.b.v2.framework.TestNgFramework - Processing BuildLevelHookEvent attachments from directory: C:\Users\devbase\.browserstack\UploadedAttachments-65\HookLevel\BuildLevelHookEvent
11:48:52.739 [clearCookies@0] INFO  c.b.v2.framework.TestNgFramework - Processing TestLevel attachments eventLogs: []
11:48:52.739 [clearCookies@0] INFO  c.b.v2.framework.TestNgFramework - sendLogCreatedEvent: No Log Events to send
11:48:52.739 [clearCookies@0] INFO  c.b.v2.framework.TestNgFramework - trackHookEvents: hook state=AFTER_METHOD.HookState.POST , hooks started={AFTER_METHOD=[]} , hooks finished={AFTER_METHOD=[{hook_name=clearCookies, hook_result=passed, test_file_path=opencart\src\test\java\testCases\TS_002_Login_Functionality.java, event_started_at=2025-06-03T11:48:52.491350500, hook_id=6b684404-5a14-4a8a-86e7-9c39c88ff70e, hook_logs=[], logs=[], key=AFTER_METHOD, custom_metadata={}, event_ended_at=2025-06-03T11:48:52.738784, test_location=opencart\src\test\java\testCases\TS_002_Login_Functionality.java}]}
11:48:52.742 [clearCookies@0] INFO  c.b.v2.module.TestHubModule - sendTestFrameworkEvent: event=com.browserstack.v2.eventBus.Event@4c30368e, response=success: true

11:48:52.747 [clearCookies@0] INFO  c.b.v2.framework.TestNgFramework - trackTestNgTest: saved instance contextId=-145149897 target=C:/Users/RPA Base/Projects/opencart/src/test/java/testCases-0@0 instances=[-145148935, -145147973, -145149897]
11:48:52.747 [clearCookies@0] INFO  c.b.v2.framework.TestNgFramework - trackEvent: found instance, testFrameworkState=TestFrameworkState.TEST hookState=HookState.PRE instance=-145149897
11:48:52.763 [TC_HyperLinkCheck@1] INFO  c.b.v2.module.WebdriverModule - afterCommandExecute: event=com.browserstack.v2.eventBus.Event@3700fb6d
11:48:52.893 [TC_HyperLinkCheck@1] INFO  c.b.v2.framework.TestNgFramework - trackEvent: found instance, testFrameworkState=TestFrameworkState.LOG hookState=HookState.PRE instance=-145148935
11:48:52.893 [TC_HyperLinkCheck@1] INFO  c.b.v2.framework.TestNgFramework - trackEvent: load log entries
11:48:52.895 [TC_HyperLinkCheck@1] INFO  c.b.v2.module.TestHubModule - sendLogCreatedEvent: event=com.browserstack.v2.eventBus.Event@6464734c, response=success: true

11:48:52.895 [TC_HyperLinkCheck@1] INFO  c.b.v2.module.TestHubModule - sendLogCreatedEvent: event=com.browserstack.v2.eventBus.Event@6464734c
11:48:52.896 [TC_HyperLinkCheck@1] INFO  c.b.v2.module.WebdriverModule - beforeCommandExecute: event=com.browserstack.v2.eventBus.Event@6ac4ed73
11:48:52.946 [clearCookies@0] INFO  c.b.v2.framework.TestNgFramework - trackEvent: loaded initial test data to instance, testFrameworkState=TestFrameworkState.TEST hookState=HookState.PRE instance=-145149897
11:48:52.946 [clearCookies@0] INFO  c.b.v2.module.WebdriverModule - onBeforeTest: event=com.browserstack.v2.eventBus.Event@56519161
11:48:52.948 [clearCookies@0] INFO  c.b.v2.module.TestHubModule - sendTestFrameworkEvent: event=com.browserstack.v2.eventBus.Event@56519161, response=success: true

11:48:52.949 [clearCookies@0] INFO  c.b.v2.module.ObservabilityModule - onBeforeTest: event={instance=com.browserstack.v2.instance.TestFrameworkInstance@5d95396c, testFrameworkState=TestFrameworkState.TEST, testInstance=com.browserstack.v2.instance.TestFrameworkInstance@5d95396c, hookState=HookState.PRE}
11:48:52.949 [clearCookies@0] INFO  c.b.v2.module.ObservabilityModule - performO11ySync: Performing O11y Sync
11:48:52.961 [TC_LF_015_verify_password_copyblock@0] INFO  c.b.v2.module.WebdriverModule - beforeCommandExecute: event=com.browserstack.v2.eventBus.Event@77ad5091
11:48:52.972 [TC_HyperLinkCheck@1] INFO  c.b.v2.module.WebdriverModule - afterCommandExecute: event=com.browserstack.v2.eventBus.Event@210bf76d
11:48:52.986 [TC_LF_015_verify_password_copyblock@0] INFO  c.b.v2.module.WebdriverModule - afterCommandExecute: event=com.browserstack.v2.eventBus.Event@55408ab2
11:48:52.987 [TC_LF_015_verify_password_copyblock@0] INFO  c.b.v2.module.WebdriverModule - beforeCommandExecute: event=com.browserstack.v2.eventBus.Event@5cf792a5
11:48:53.053 [TC_LF_015_verify_password_copyblock@0] INFO  c.b.v2.module.WebdriverModule - afterCommandExecute: event=com.browserstack.v2.eventBus.Event@cd3275e
11:48:53.053 [TC_LF_015_verify_password_copyblock@0] INFO  c.b.v2.module.WebdriverModule - beforeCommandExecute: event=com.browserstack.v2.eventBus.Event@5fff774c
11:48:53.247 [TC_LF_015_verify_password_copyblock@0] INFO  c.b.v2.module.WebdriverModule - afterCommandExecute: event=com.browserstack.v2.eventBus.Event@632e15fe
11:48:53.247 [TC_LF_015_verify_password_copyblock@0] INFO  c.b.v2.module.WebdriverModule - beforeCommandExecute: event=com.browserstack.v2.eventBus.Event@24248e1b
11:48:53.338 [TC_HyperLinkCheck@1] INFO  c.b.v2.framework.TestNgFramework - trackEvent: found instance, testFrameworkState=TestFrameworkState.LOG hookState=HookState.PRE instance=-145148935
11:48:53.338 [TC_HyperLinkCheck@1] INFO  c.b.v2.framework.TestNgFramework - trackEvent: load log entries
11:48:53.341 [TC_HyperLinkCheck@1] INFO  c.b.v2.module.TestHubModule - sendLogCreatedEvent: event=com.browserstack.v2.eventBus.Event@d9d2e0e, response=success: true

11:48:53.341 [TC_HyperLinkCheck@1] INFO  c.b.v2.module.TestHubModule - sendLogCreatedEvent: event=com.browserstack.v2.eventBus.Event@d9d2e0e
11:48:53.342 [TC_HyperLinkCheck@1] INFO  c.b.v2.module.WebdriverModule - beforeCommandExecute: event=com.browserstack.v2.eventBus.Event@346d0a30
11:48:53.412 [TC_HyperLinkCheck@1] INFO  c.b.v2.module.WebdriverModule - afterCommandExecute: event=com.browserstack.v2.eventBus.Event@10270ee
11:48:53.505 [TC_LF_015_verify_password_copyblock@0] INFO  c.b.v2.module.WebdriverModule - afterCommandExecute: event=com.browserstack.v2.eventBus.Event@2b4e14f3
11:48:53.506 [TC_LF_015_verify_password_copyblock@0] INFO  c.b.v2.module.WebdriverModule - beforeCommandExecute: event=com.browserstack.v2.eventBus.Event@35844591
11:48:53.542 [TC_LF_015_verify_password_copyblock@0] INFO  c.b.v2.module.WebdriverModule - afterCommandExecute: event=com.browserstack.v2.eventBus.Event@343cb786
11:48:53.543 [TC_LF_015_verify_password_copyblock@0] INFO  c.b.v2.module.WebdriverModule - beforeCommandExecute: event=com.browserstack.v2.eventBus.Event@46523a93
11:48:53.546 [TC_HyperLinkCheck@1] INFO  c.b.v2.framework.TestNgFramework - trackEvent: found instance, testFrameworkState=TestFrameworkState.LOG hookState=HookState.PRE instance=-145148935
11:48:53.546 [TC_HyperLinkCheck@1] INFO  c.b.v2.framework.TestNgFramework - trackEvent: load log entries
11:48:53.548 [TC_HyperLinkCheck@1] INFO  c.b.v2.module.TestHubModule - sendLogCreatedEvent: event=com.browserstack.v2.eventBus.Event@5ac00cde, response=success: true

11:48:53.549 [TC_HyperLinkCheck@1] INFO  c.b.v2.module.TestHubModule - sendLogCreatedEvent: event=com.browserstack.v2.eventBus.Event@5ac00cde
11:48:53.550 [TC_HyperLinkCheck@1] INFO  c.b.v2.module.WebdriverModule - beforeCommandExecute: event=com.browserstack.v2.eventBus.Event@75b1da92
11:48:53.600 [TC_LF_015_verify_password_copyblock@0] INFO  c.b.v2.module.WebdriverModule - afterCommandExecute: event=com.browserstack.v2.eventBus.Event@3c50bc6a
11:48:53.604 [TC_LF_015_verify_password_copyblock@0] INFO  c.b.v2.module.WebdriverModule - beforeCommandExecute: event=com.browserstack.v2.eventBus.Event@3983aec3
11:48:53.611 [TC_HyperLinkCheck@1] INFO  c.b.v2.module.WebdriverModule - afterCommandExecute: event=com.browserstack.v2.eventBus.Event@413df52c
11:48:53.750 [TC_HyperLinkCheck@1] INFO  c.b.v2.framework.TestNgFramework - trackEvent: found instance, testFrameworkState=TestFrameworkState.LOG hookState=HookState.PRE instance=-145148935
11:48:53.750 [TC_HyperLinkCheck@1] INFO  c.b.v2.framework.TestNgFramework - trackEvent: load log entries
11:48:53.752 [TC_HyperLinkCheck@1] INFO  c.b.v2.module.TestHubModule - sendLogCreatedEvent: event=com.browserstack.v2.eventBus.Event@e69588f, response=success: true

11:48:53.752 [TC_HyperLinkCheck@1] INFO  c.b.v2.module.TestHubModule - sendLogCreatedEvent: event=com.browserstack.v2.eventBus.Event@e69588f
11:48:53.753 [TC_HyperLinkCheck@1] INFO  c.b.v2.module.WebdriverModule - beforeCommandExecute: event=com.browserstack.v2.eventBus.Event@6ca83307
11:48:53.829 [TC_HyperLinkCheck@1] INFO  c.b.v2.module.WebdriverModule - afterCommandExecute: event=com.browserstack.v2.eventBus.Event@44a26896
11:48:54.177 [TC_HyperLinkCheck@1] INFO  c.b.v2.framework.TestNgFramework - trackEvent: found instance, testFrameworkState=TestFrameworkState.LOG hookState=HookState.PRE instance=-145148935
11:48:54.177 [TC_HyperLinkCheck@1] INFO  c.b.v2.framework.TestNgFramework - trackEvent: load log entries
11:48:54.179 [TC_HyperLinkCheck@1] INFO  c.b.v2.module.TestHubModule - sendLogCreatedEvent: event=com.browserstack.v2.eventBus.Event@825f9c0, response=success: true

11:48:54.179 [TC_HyperLinkCheck@1] INFO  c.b.v2.module.TestHubModule - sendLogCreatedEvent: event=com.browserstack.v2.eventBus.Event@825f9c0
11:48:54.180 [TC_HyperLinkCheck@1] INFO  c.b.v2.module.WebdriverModule - beforeCommandExecute: event=com.browserstack.v2.eventBus.Event@37bf1101
11:48:54.241 [TC_HyperLinkCheck@1] INFO  c.b.v2.module.WebdriverModule - afterCommandExecute: event=com.browserstack.v2.eventBus.Event@4ff91603
11:48:54.368 [TC_HyperLinkCheck@1] INFO  c.b.v2.framework.TestNgFramework - trackEvent: found instance, testFrameworkState=TestFrameworkState.LOG hookState=HookState.PRE instance=-145148935
11:48:54.368 [TC_HyperLinkCheck@1] INFO  c.b.v2.framework.TestNgFramework - trackEvent: load log entries
11:48:54.370 [TC_HyperLinkCheck@1] INFO  c.b.v2.module.TestHubModule - sendLogCreatedEvent: event=com.browserstack.v2.eventBus.Event@221330ec, response=success: true

11:48:54.370 [TC_HyperLinkCheck@1] INFO  c.b.v2.module.TestHubModule - sendLogCreatedEvent: event=com.browserstack.v2.eventBus.Event@221330ec
11:48:54.371 [TC_HyperLinkCheck@1] INFO  c.b.v2.module.WebdriverModule - beforeCommandExecute: event=com.browserstack.v2.eventBus.Event@5be826c
11:48:54.437 [TC_HyperLinkCheck@1] INFO  c.b.v2.module.WebdriverModule - afterCommandExecute: event=com.browserstack.v2.eventBus.Event@62f85c08
11:48:54.800 [TC_HyperLinkCheck@1] INFO  c.b.v2.framework.TestNgFramework - trackEvent: found instance, testFrameworkState=TestFrameworkState.LOG hookState=HookState.PRE instance=-145148935
11:48:54.800 [TC_HyperLinkCheck@1] INFO  c.b.v2.framework.TestNgFramework - trackEvent: load log entries
11:48:54.802 [TC_HyperLinkCheck@1] INFO  c.b.v2.module.TestHubModule - sendLogCreatedEvent: event=com.browserstack.v2.eventBus.Event@7565cdb0, response=success: true

11:48:54.803 [TC_HyperLinkCheck@1] INFO  c.b.v2.module.TestHubModule - sendLogCreatedEvent: event=com.browserstack.v2.eventBus.Event@7565cdb0
11:48:54.803 [TC_HyperLinkCheck@1] INFO  c.b.v2.module.WebdriverModule - beforeCommandExecute: event=com.browserstack.v2.eventBus.Event@dd5ef85
11:48:54.868 [TC_HyperLinkCheck@1] INFO  c.b.v2.module.WebdriverModule - afterCommandExecute: event=com.browserstack.v2.eventBus.Event@6b227888
11:48:55.009 [TC_LF_009_verify_login_logout_and_back@2] INFO  c.b.v2.module.WebdriverModule - afterCommandExecute: event=com.browserstack.v2.eventBus.Event@64a906f1
11:48:55.010 [TC_LF_009_verify_login_logout_and_back@2] INFO  c.b.v2.framework.TestNgFramework - trackEvent: found instance, testFrameworkState=TestFrameworkState.LOG_REPORT hookState=HookState.PRE instance=-145147973
11:48:55.010 [TC_LF_009_verify_login_logout_and_back@2] INFO  c.b.v2.framework.TestNgFramework - trackEvent: found instance, testFrameworkState=TestFrameworkState.LOG_REPORT hookState=HookState.POST instance=-145147973
11:48:55.010 [TC_LF_009_verify_login_logout_and_back@2] INFO  c.b.v2.framework.TestNgFramework - trackEvent: load test results
11:48:55.010 [TC_LF_009_verify_login_logout_and_back@2] INFO  c.b.v2.framework.TestNgFramework - trackEvent: found instance, testFrameworkState=TestFrameworkState.TEST hookState=HookState.POST instance=-145147973
11:48:55.010 [TC_LF_009_verify_login_logout_and_back@2] INFO  c.b.v2.module.WebdriverModule - onAfterTest: event=com.browserstack.v2.eventBus.Event@2a564195
11:48:55.064 [TC_HyperLinkCheck@1] INFO  c.b.v2.framework.TestNgFramework - trackEvent: found instance, testFrameworkState=TestFrameworkState.LOG hookState=HookState.PRE instance=-145148935
11:48:55.064 [TC_HyperLinkCheck@1] INFO  c.b.v2.framework.TestNgFramework - trackEvent: load log entries
11:48:55.066 [TC_HyperLinkCheck@1] INFO  c.b.v2.module.TestHubModule - sendLogCreatedEvent: event=com.browserstack.v2.eventBus.Event@1109cd8b, response=success: true

11:48:55.066 [TC_HyperLinkCheck@1] INFO  c.b.v2.module.TestHubModule - sendLogCreatedEvent: event=com.browserstack.v2.eventBus.Event@1109cd8b
11:48:55.067 [TC_HyperLinkCheck@1] INFO  c.b.v2.module.WebdriverModule - beforeCommandExecute: event=com.browserstack.v2.eventBus.Event@290fd1c1
11:48:55.129 [TC_HyperLinkCheck@1] INFO  c.b.v2.module.WebdriverModule - afterCommandExecute: event=com.browserstack.v2.eventBus.Event@1560d9cd
11:48:55.341 [TC_HyperLinkCheck@1] INFO  c.b.v2.framework.TestNgFramework - trackEvent: found instance, testFrameworkState=TestFrameworkState.LOG hookState=HookState.PRE instance=-145148935
11:48:55.341 [TC_HyperLinkCheck@1] INFO  c.b.v2.framework.TestNgFramework - trackEvent: load log entries
11:48:55.343 [TC_HyperLinkCheck@1] INFO  c.b.v2.module.TestHubModule - sendLogCreatedEvent: event=com.browserstack.v2.eventBus.Event@786b3d5c, response=success: true

11:48:55.344 [TC_HyperLinkCheck@1] INFO  c.b.v2.module.TestHubModule - sendLogCreatedEvent: event=com.browserstack.v2.eventBus.Event@786b3d5c
11:48:55.344 [TC_LF_009_verify_login_logout_and_back@2] ERROR c.b.utils.SeleniumMethodUtils - Done for sessionid 16c0a30a0fb02a2055b26186b717279d4c25e1d6
11:48:55.344 [TC_HyperLinkCheck@1] INFO  c.b.v2.module.WebdriverModule - beforeCommandExecute: event=com.browserstack.v2.eventBus.Event@1c96970b
11:48:55.422 [TC_HyperLinkCheck@1] INFO  c.b.v2.module.WebdriverModule - afterCommandExecute: event=com.browserstack.v2.eventBus.Event@18a12582
11:48:55.581 [TC_HyperLinkCheck@1] INFO  c.b.v2.framework.TestNgFramework - trackEvent: found instance, testFrameworkState=TestFrameworkState.LOG hookState=HookState.PRE instance=-145148935
11:48:55.581 [TC_HyperLinkCheck@1] INFO  c.b.v2.framework.TestNgFramework - trackEvent: load log entries
11:48:55.583 [TC_HyperLinkCheck@1] INFO  c.b.v2.module.TestHubModule - sendLogCreatedEvent: event=com.browserstack.v2.eventBus.Event@73b7774f, response=success: true

11:48:55.584 [TC_HyperLinkCheck@1] INFO  c.b.v2.module.TestHubModule - sendLogCreatedEvent: event=com.browserstack.v2.eventBus.Event@73b7774f
11:48:55.585 [TC_HyperLinkCheck@1] INFO  c.b.v2.module.WebdriverModule - beforeCommandExecute: event=com.browserstack.v2.eventBus.Event@334238aa
11:48:55.643 [TC_LF_009_verify_login_logout_and_back@2] INFO  c.b.v2.module.TestHubModule - onAfterTest: event={com.browserstack.v2.eventBus.Event@2a564195}
11:48:55.645 [TC_HyperLinkCheck@1] INFO  c.b.v2.module.WebdriverModule - afterCommandExecute: event=com.browserstack.v2.eventBus.Event@4e94c4ac
11:48:55.647 [TC_LF_009_verify_login_logout_and_back@2] INFO  c.b.v2.module.TestHubModule - sendTestSessionEvent: event=com.browserstack.v2.eventBus.Event@2a564195, response=success: true

11:48:55.650 [TC_LF_009_verify_login_logout_and_back@2] INFO  c.b.v2.module.TestHubModule - sendTestFrameworkEvent: event=com.browserstack.v2.eventBus.Event@2a564195, response=success: true

11:48:55.654 [TC_LF_009_verify_login_logout_and_back@2] INFO  c.b.v2.framework.TestNgFramework - trackEvent: found instance, testFrameworkState=TestFrameworkState.AFTER_METHOD hookState=HookState.PRE instance=-145147973
11:48:55.654 [TC_LF_009_verify_login_logout_and_back@2] INFO  c.b.v2.framework.TestNgFramework - trackEvent: track hook events
11:48:55.793 [TC_HyperLinkCheck@1] INFO  c.b.v2.framework.TestNgFramework - trackEvent: found instance, testFrameworkState=TestFrameworkState.LOG hookState=HookState.PRE instance=-145148935
11:48:55.793 [TC_HyperLinkCheck@1] INFO  c.b.v2.framework.TestNgFramework - trackEvent: load log entries
11:48:55.795 [TC_HyperLinkCheck@1] INFO  c.b.v2.module.TestHubModule - sendLogCreatedEvent: event=com.browserstack.v2.eventBus.Event@45d6af82, response=success: true

11:48:55.795 [TC_HyperLinkCheck@1] INFO  c.b.v2.module.TestHubModule - sendLogCreatedEvent: event=com.browserstack.v2.eventBus.Event@45d6af82
11:48:55.796 [TC_HyperLinkCheck@1] INFO  c.b.v2.module.WebdriverModule - beforeCommandExecute: event=com.browserstack.v2.eventBus.Event@66d1bdb3
11:48:55.856 [TC_HyperLinkCheck@1] INFO  c.b.v2.module.WebdriverModule - afterCommandExecute: event=com.browserstack.v2.eventBus.Event@63f211a0
11:48:55.857 [TC_LF_009_verify_login_logout_and_back@2] INFO  c.b.v2.framework.TestNgFramework - args CHECK = [TestResult name=clearCookies status=STARTED method=TS_002_Login_Functionality.clearCookies()[pri:0, instance:testCases.TS_002_Login_Functionality@440e3ce6] output={null}]
11:48:55.857 [TC_LF_009_verify_login_logout_and_back@2] INFO  c.b.v2.framework.TestNgFramework - Hook Started in PRE key = AFTER_METHOD & hook = {hook_name=clearCookies, hook_result=pending, test_file_path=opencart\src\test\java\testCases\TS_002_Login_Functionality.java, event_started_at=2025-06-03T11:48:55.857644800, hook_id=c77038a6-434e-4b34-bb26-609561b75c37, hook_logs=[], key=AFTER_METHOD, custom_metadata={}, test_location=opencart\src\test\java\testCases\TS_002_Login_Functionality.java}  and args = [[TestResult name=clearCookies status=STARTED method=TS_002_Login_Functionality.clearCookies()[pri:0, instance:testCases.TS_002_Login_Functionality@440e3ce6] output={null}], TS_002_Login_Functionality.clearCookies()[pri:0, instance:testCases.TS_002_Login_Functionality@440e3ce6]]
11:48:55.871 [TC_LF_009_verify_login_logout_and_back@2] INFO  c.b.v2.framework.TestNgFramework - trackHookEvents: hook state=AFTER_METHOD.HookState.PRE , hooks started={AFTER_METHOD=[{hook_name=clearCookies, hook_result=pending, test_file_path=opencart\src\test\java\testCases\TS_002_Login_Functionality.java, event_started_at=2025-06-03T11:48:55.857644800, hook_id=c77038a6-434e-4b34-bb26-609561b75c37, hook_logs=[], key=AFTER_METHOD, custom_metadata={}, test_location=opencart\src\test\java\testCases\TS_002_Login_Functionality.java}]} , hooks finished={AFTER_METHOD=[]}
11:48:55.876 [TC_LF_009_verify_login_logout_and_back@2] INFO  c.b.v2.module.TestHubModule - sendTestFrameworkEvent: event=com.browserstack.v2.eventBus.Event@40ad9bc0, response=success: true

11:48:55.877 [clearCookies@2] INFO  c.b.v2.module.WebdriverModule - beforeCommandExecute: event=com.browserstack.v2.eventBus.Event@2350ab15
11:48:55.877 [clearCookies@2] INFO  c.b.v2.module.WebdriverModule - beforeCommandExecute: event=com.browserstack.v2.eventBus.Event@530df183
11:48:55.941 [clearCookies@2] INFO  c.b.v2.module.WebdriverModule - afterCommandExecute: event=com.browserstack.v2.eventBus.Event@7f5213b9
11:48:55.941 [clearCookies@2] INFO  c.b.v2.module.WebdriverModule - afterCommandExecute: event=com.browserstack.v2.eventBus.Event@77eae9a2
11:48:55.941 [clearCookies@2] INFO  c.b.v2.framework.TestNgFramework - trackEvent: found instance, testFrameworkState=TestFrameworkState.AFTER_METHOD hookState=HookState.POST instance=-145147973
11:48:55.941 [clearCookies@2] INFO  c.b.v2.framework.TestNgFramework - trackEvent: track hook events
11:48:56.025 [TC_HyperLinkCheck@1] INFO  c.b.v2.framework.TestNgFramework - trackEvent: found instance, testFrameworkState=TestFrameworkState.LOG hookState=HookState.PRE instance=-145148935
11:48:56.025 [TC_HyperLinkCheck@1] INFO  c.b.v2.framework.TestNgFramework - trackEvent: load log entries
11:48:56.029 [TC_HyperLinkCheck@1] INFO  c.b.v2.module.TestHubModule - sendLogCreatedEvent: event=com.browserstack.v2.eventBus.Event@1c50a1bb, response=success: true

11:48:56.029 [TC_HyperLinkCheck@1] INFO  c.b.v2.module.TestHubModule - sendLogCreatedEvent: event=com.browserstack.v2.eventBus.Event@1c50a1bb
11:48:56.030 [TC_HyperLinkCheck@1] INFO  c.b.v2.module.WebdriverModule - beforeCommandExecute: event=com.browserstack.v2.eventBus.Event@66572602
11:48:56.110 [TC_HyperLinkCheck@1] INFO  c.b.v2.module.WebdriverModule - afterCommandExecute: event=com.browserstack.v2.eventBus.Event@49983c6d
11:48:56.136 [clearCookies@2] INFO  c.b.v2.framework.TestNgFramework - args CHECK = [TestResult name=clearCookies status=SUCCESS method=TS_002_Login_Functionality.clearCookies()[pri:0, instance:testCases.TS_002_Login_Functionality@440e3ce6] output={null}]
11:48:56.136 [clearCookies@2] INFO  c.b.v2.framework.TestNgFramework - Hook List in Post [{hook_name=clearCookies, hook_result=pending, test_file_path=opencart\src\test\java\testCases\TS_002_Login_Functionality.java, event_started_at=2025-06-03T11:48:55.857644800, hook_id=c77038a6-434e-4b34-bb26-609561b75c37, hook_logs=[], key=AFTER_METHOD, custom_metadata={}, test_location=opencart\src\test\java\testCases\TS_002_Login_Functionality.java}] and args = [[TestResult name=clearCookies status=SUCCESS method=TS_002_Login_Functionality.clearCookies()[pri:0, instance:testCases.TS_002_Login_Functionality@440e3ce6] output={null}], TS_002_Login_Functionality.clearCookies()[pri:0, instance:testCases.TS_002_Login_Functionality@440e3ce6]]
11:48:56.136 [clearCookies@2] INFO  c.b.v2.framework.TestNgFramework - Processing HookLevel attachments from directory: C:\Users\devbase\.browserstack\UploadedAttachments-67\HookLevel
11:48:56.136 [clearCookies@2] INFO  c.b.v2.framework.TestNgFramework - Checking hookLevelFiles: []
11:48:56.136 [clearCookies@2] INFO  c.b.v2.framework.TestNgFramework - checking Paths of files = C:\Users\devbase\.browserstack\UploadedAttachments-67\HookLevel\BuildLevelHookEvent and abs path = C:\Users\devbase\.browserstack\UploadedAttachments-67\HookLevel\BuildLevelHookEvent 
11:48:56.137 [clearCookies@2] INFO  c.b.v2.framework.TestNgFramework - Processing BuildLevelHookEvent attachments from directory: C:\Users\devbase\.browserstack\UploadedAttachments-67\HookLevel\BuildLevelHookEvent
11:48:56.137 [clearCookies@2] INFO  c.b.v2.framework.TestNgFramework - Processing TestLevel attachments eventLogs: []
11:48:56.137 [clearCookies@2] INFO  c.b.v2.framework.TestNgFramework - sendLogCreatedEvent: No Log Events to send
11:48:56.137 [clearCookies@2] INFO  c.b.v2.framework.TestNgFramework - trackHookEvents: hook state=AFTER_METHOD.HookState.POST , hooks started={AFTER_METHOD=[]} , hooks finished={AFTER_METHOD=[{hook_name=clearCookies, hook_result=passed, test_file_path=opencart\src\test\java\testCases\TS_002_Login_Functionality.java, event_started_at=2025-06-03T11:48:55.857644800, hook_id=c77038a6-434e-4b34-bb26-609561b75c37, hook_logs=[], logs=[], key=AFTER_METHOD, custom_metadata={}, event_ended_at=2025-06-03T11:48:56.136536800, test_location=opencart\src\test\java\testCases\TS_002_Login_Functionality.java}]}
11:48:56.139 [clearCookies@2] INFO  c.b.v2.module.TestHubModule - sendTestFrameworkEvent: event=com.browserstack.v2.eventBus.Event@225ed9c6, response=success: true

11:48:56.144 [clearCookies@2] INFO  c.b.v2.framework.TestNgFramework - trackTestNgTest: saved instance contextId=-145147973 target=C:/Users/RPA Base/Projects/opencart/src/test/java/testCases-2@2 instances=[-145148935, -145147973, -145149897]
11:48:56.144 [clearCookies@2] INFO  c.b.v2.framework.TestNgFramework - trackEvent: found instance, testFrameworkState=TestFrameworkState.TEST hookState=HookState.PRE instance=-145147973
11:48:56.291 [TC_HyperLinkCheck@1] INFO  c.b.v2.framework.TestNgFramework - trackEvent: found instance, testFrameworkState=TestFrameworkState.LOG hookState=HookState.PRE instance=-145148935
11:48:56.291 [TC_HyperLinkCheck@1] INFO  c.b.v2.framework.TestNgFramework - trackEvent: load log entries
11:48:56.294 [TC_HyperLinkCheck@1] INFO  c.b.v2.module.TestHubModule - sendLogCreatedEvent: event=com.browserstack.v2.eventBus.Event@220a1cc4, response=success: true

11:48:56.294 [TC_HyperLinkCheck@1] INFO  c.b.v2.module.TestHubModule - sendLogCreatedEvent: event=com.browserstack.v2.eventBus.Event@220a1cc4
11:48:56.294 [TC_HyperLinkCheck@1] INFO  c.b.v2.module.WebdriverModule - beforeCommandExecute: event=com.browserstack.v2.eventBus.Event@1293db3e
11:48:56.343 [clearCookies@2] INFO  c.b.v2.framework.TestNgFramework - trackEvent: loaded initial test data to instance, testFrameworkState=TestFrameworkState.TEST hookState=HookState.PRE instance=-145147973
11:48:56.343 [clearCookies@2] INFO  c.b.v2.module.WebdriverModule - onBeforeTest: event=com.browserstack.v2.eventBus.Event@3b0f54f9
11:48:56.346 [clearCookies@2] INFO  c.b.v2.module.TestHubModule - sendTestFrameworkEvent: event=com.browserstack.v2.eventBus.Event@3b0f54f9, response=success: true

11:48:56.347 [clearCookies@2] INFO  c.b.v2.module.ObservabilityModule - onBeforeTest: event={instance=com.browserstack.v2.instance.TestFrameworkInstance@4d4728f4, testFrameworkState=TestFrameworkState.TEST, testInstance=com.browserstack.v2.instance.TestFrameworkInstance@4d4728f4, hookState=HookState.PRE}
11:48:56.347 [clearCookies@2] INFO  c.b.v2.module.ObservabilityModule - performO11ySync: Performing O11y Sync
11:48:56.362 [TC_LF_013_verify_password_visibility@2] INFO  c.b.v2.module.WebdriverModule - beforeCommandExecute: event=com.browserstack.v2.eventBus.Event@3c5073d0
11:48:56.366 [TC_HyperLinkCheck@1] INFO  c.b.v2.module.WebdriverModule - afterCommandExecute: event=com.browserstack.v2.eventBus.Event@3c7d33d6
11:48:56.462 [TC_LF_013_verify_password_visibility@2] INFO  c.b.v2.module.WebdriverModule - afterCommandExecute: event=com.browserstack.v2.eventBus.Event@1d4ebf9b
11:48:56.462 [TC_LF_013_verify_password_visibility@2] INFO  c.b.v2.module.WebdriverModule - beforeCommandExecute: event=com.browserstack.v2.eventBus.Event@3f8a8bf6
11:48:56.512 [TC_HyperLinkCheck@1] INFO  c.b.v2.framework.TestNgFramework - trackEvent: found instance, testFrameworkState=TestFrameworkState.LOG hookState=HookState.PRE instance=-145148935
11:48:56.512 [TC_HyperLinkCheck@1] INFO  c.b.v2.framework.TestNgFramework - trackEvent: load log entries
11:48:56.514 [TC_HyperLinkCheck@1] INFO  c.b.v2.module.TestHubModule - sendLogCreatedEvent: event=com.browserstack.v2.eventBus.Event@3a0e120a, response=success: true

11:48:56.514 [TC_HyperLinkCheck@1] INFO  c.b.v2.module.TestHubModule - sendLogCreatedEvent: event=com.browserstack.v2.eventBus.Event@3a0e120a
11:48:56.516 [TC_HyperLinkCheck@1] INFO  c.b.v2.module.WebdriverModule - beforeCommandExecute: event=com.browserstack.v2.eventBus.Event@1937e3c7
11:48:56.580 [TC_HyperLinkCheck@1] INFO  c.b.v2.module.WebdriverModule - afterCommandExecute: event=com.browserstack.v2.eventBus.Event@2d4e82ec
11:48:56.717 [TC_HyperLinkCheck@1] INFO  c.b.v2.framework.TestNgFramework - trackEvent: found instance, testFrameworkState=TestFrameworkState.LOG hookState=HookState.PRE instance=-145148935
11:48:56.717 [TC_HyperLinkCheck@1] INFO  c.b.v2.framework.TestNgFramework - trackEvent: load log entries
11:48:56.718 [TC_HyperLinkCheck@1] INFO  c.b.v2.module.TestHubModule - sendLogCreatedEvent: event=com.browserstack.v2.eventBus.Event@75962396, response=success: true

11:48:56.719 [TC_HyperLinkCheck@1] INFO  c.b.v2.module.TestHubModule - sendLogCreatedEvent: event=com.browserstack.v2.eventBus.Event@75962396
11:48:56.720 [TC_HyperLinkCheck@1] INFO  c.b.v2.module.WebdriverModule - beforeCommandExecute: event=com.browserstack.v2.eventBus.Event@2832855f
11:48:56.786 [TC_HyperLinkCheck@1] INFO  c.b.v2.module.WebdriverModule - afterCommandExecute: event=com.browserstack.v2.eventBus.Event@c54991b
11:48:56.925 [TC_LF_015_verify_password_copyblock@0] INFO  c.b.v2.module.WebdriverModule - afterCommandExecute: event=com.browserstack.v2.eventBus.Event@6b179ce
11:48:56.925 [TC_LF_015_verify_password_copyblock@0] INFO  c.b.v2.module.WebdriverModule - beforeCommandExecute: event=com.browserstack.v2.eventBus.Event@4030d8f1
11:48:56.936 [TC_HyperLinkCheck@1] INFO  c.b.v2.framework.TestNgFramework - trackEvent: found instance, testFrameworkState=TestFrameworkState.LOG hookState=HookState.PRE instance=-145148935
11:48:56.936 [TC_HyperLinkCheck@1] INFO  c.b.v2.framework.TestNgFramework - trackEvent: load log entries
11:48:56.939 [TC_HyperLinkCheck@1] INFO  c.b.v2.module.TestHubModule - sendLogCreatedEvent: event=com.browserstack.v2.eventBus.Event@4d601f83, response=success: true

11:48:56.939 [TC_HyperLinkCheck@1] INFO  c.b.v2.module.TestHubModule - sendLogCreatedEvent: event=com.browserstack.v2.eventBus.Event@4d601f83
11:48:56.940 [TC_HyperLinkCheck@1] INFO  c.b.v2.module.WebdriverModule - beforeCommandExecute: event=com.browserstack.v2.eventBus.Event@26c95d1
11:48:56.987 [TC_LF_015_verify_password_copyblock@0] INFO  c.b.v2.module.WebdriverModule - afterCommandExecute: event=com.browserstack.v2.eventBus.Event@3a93b927
11:48:56.993 [TC_LF_015_verify_password_copyblock@0] INFO  c.b.v2.framework.TestNgFramework - trackEvent: found instance, testFrameworkState=TestFrameworkState.LOG_REPORT hookState=HookState.PRE instance=-145149897
11:48:56.993 [TC_LF_015_verify_password_copyblock@0] INFO  c.b.v2.framework.TestNgFramework - trackEvent: found instance, testFrameworkState=TestFrameworkState.LOG_REPORT hookState=HookState.POST instance=-145149897
11:48:56.993 [TC_LF_015_verify_password_copyblock@0] INFO  c.b.v2.framework.TestNgFramework - trackEvent: load test results
11:48:56.993 [TC_LF_015_verify_password_copyblock@0] INFO  c.b.v2.framework.TestNgFramework - trackEvent: found instance, testFrameworkState=TestFrameworkState.TEST hookState=HookState.POST instance=-145149897
11:48:56.993 [TC_LF_015_verify_password_copyblock@0] INFO  c.b.v2.module.WebdriverModule - onAfterTest: event=com.browserstack.v2.eventBus.Event@723c2236
11:48:57.019 [TC_HyperLinkCheck@1] INFO  c.b.v2.module.WebdriverModule - afterCommandExecute: event=com.browserstack.v2.eventBus.Event@318fd69f
11:48:57.226 [TC_HyperLinkCheck@1] INFO  c.b.v2.framework.TestNgFramework - trackEvent: found instance, testFrameworkState=TestFrameworkState.LOG hookState=HookState.PRE instance=-145148935
11:48:57.226 [TC_HyperLinkCheck@1] INFO  c.b.v2.framework.TestNgFramework - trackEvent: load log entries
11:48:57.228 [TC_HyperLinkCheck@1] INFO  c.b.v2.module.TestHubModule - sendLogCreatedEvent: event=com.browserstack.v2.eventBus.Event@6a2b3ff4, response=success: true

11:48:57.229 [TC_HyperLinkCheck@1] INFO  c.b.v2.module.TestHubModule - sendLogCreatedEvent: event=com.browserstack.v2.eventBus.Event@6a2b3ff4
11:48:57.230 [TC_HyperLinkCheck@1] INFO  c.b.v2.module.WebdriverModule - beforeCommandExecute: event=com.browserstack.v2.eventBus.Event@770fc70e
11:48:57.292 [TC_HyperLinkCheck@1] INFO  c.b.v2.module.WebdriverModule - afterCommandExecute: event=com.browserstack.v2.eventBus.Event@538f87c5
11:48:57.428 [TC_HyperLinkCheck@1] INFO  c.b.v2.framework.TestNgFramework - trackEvent: found instance, testFrameworkState=TestFrameworkState.LOG hookState=HookState.PRE instance=-145148935
11:48:57.429 [TC_HyperLinkCheck@1] INFO  c.b.v2.framework.TestNgFramework - trackEvent: load log entries
11:48:57.431 [TC_HyperLinkCheck@1] INFO  c.b.v2.module.TestHubModule - sendLogCreatedEvent: event=com.browserstack.v2.eventBus.Event@3169756d, response=success: true

11:48:57.431 [TC_HyperLinkCheck@1] INFO  c.b.v2.module.TestHubModule - sendLogCreatedEvent: event=com.browserstack.v2.eventBus.Event@3169756d
11:48:57.432 [TC_HyperLinkCheck@1] INFO  c.b.v2.module.WebdriverModule - beforeCommandExecute: event=com.browserstack.v2.eventBus.Event@2960ea18
11:48:57.521 [TC_HyperLinkCheck@1] INFO  c.b.v2.module.WebdriverModule - afterCommandExecute: event=com.browserstack.v2.eventBus.Event@277511d
11:48:57.665 [TC_HyperLinkCheck@1] INFO  c.b.v2.framework.TestNgFramework - trackEvent: found instance, testFrameworkState=TestFrameworkState.LOG hookState=HookState.PRE instance=-145148935
11:48:57.665 [TC_HyperLinkCheck@1] INFO  c.b.v2.framework.TestNgFramework - trackEvent: load log entries
11:48:57.668 [TC_HyperLinkCheck@1] INFO  c.b.v2.module.TestHubModule - sendLogCreatedEvent: event=com.browserstack.v2.eventBus.Event@464c5064, response=success: true

11:48:57.668 [TC_HyperLinkCheck@1] INFO  c.b.v2.module.TestHubModule - sendLogCreatedEvent: event=com.browserstack.v2.eventBus.Event@464c5064
11:48:57.669 [TC_HyperLinkCheck@1] INFO  c.b.v2.module.WebdriverModule - beforeCommandExecute: event=com.browserstack.v2.eventBus.Event@78cca161
11:48:57.742 [TC_HyperLinkCheck@1] INFO  c.b.v2.module.WebdriverModule - afterCommandExecute: event=com.browserstack.v2.eventBus.Event@688a2182
11:48:57.881 [TC_HyperLinkCheck@1] INFO  c.b.v2.framework.TestNgFramework - trackEvent: found instance, testFrameworkState=TestFrameworkState.LOG hookState=HookState.PRE instance=-145148935
11:48:57.881 [TC_HyperLinkCheck@1] INFO  c.b.v2.framework.TestNgFramework - trackEvent: load log entries
11:48:57.883 [TC_HyperLinkCheck@1] INFO  c.b.v2.module.TestHubModule - sendLogCreatedEvent: event=com.browserstack.v2.eventBus.Event@48971212, response=success: true

11:48:57.884 [TC_HyperLinkCheck@1] INFO  c.b.v2.module.TestHubModule - sendLogCreatedEvent: event=com.browserstack.v2.eventBus.Event@48971212
11:48:57.884 [TC_HyperLinkCheck@1] INFO  c.b.v2.module.WebdriverModule - beforeCommandExecute: event=com.browserstack.v2.eventBus.Event@12c8b5b0
11:48:57.914 [TC_LF_015_verify_password_copyblock@0] ERROR c.b.utils.SeleniumMethodUtils - Done for sessionid c45a53cd53655682349941b7b9b03114175b3da1
11:48:57.964 [TC_HyperLinkCheck@1] INFO  c.b.v2.module.WebdriverModule - afterCommandExecute: event=com.browserstack.v2.eventBus.Event@729ffbed
11:48:58.110 [TC_HyperLinkCheck@1] INFO  c.b.v2.framework.TestNgFramework - trackEvent: found instance, testFrameworkState=TestFrameworkState.LOG hookState=HookState.PRE instance=-145148935
11:48:58.110 [TC_HyperLinkCheck@1] INFO  c.b.v2.framework.TestNgFramework - trackEvent: load log entries
11:48:58.112 [TC_HyperLinkCheck@1] INFO  c.b.v2.module.TestHubModule - sendLogCreatedEvent: event=com.browserstack.v2.eventBus.Event@7e8951f8, response=success: true

11:48:58.112 [TC_HyperLinkCheck@1] INFO  c.b.v2.module.TestHubModule - sendLogCreatedEvent: event=com.browserstack.v2.eventBus.Event@7e8951f8
11:48:58.113 [TC_HyperLinkCheck@1] INFO  c.b.v2.module.WebdriverModule - beforeCommandExecute: event=com.browserstack.v2.eventBus.Event@2226a472
11:48:58.176 [TC_HyperLinkCheck@1] INFO  c.b.v2.module.WebdriverModule - afterCommandExecute: event=com.browserstack.v2.eventBus.Event@5873686c
11:48:58.301 [TC_LF_015_verify_password_copyblock@0] INFO  c.b.v2.module.TestHubModule - onAfterTest: event={com.browserstack.v2.eventBus.Event@723c2236}
11:48:58.305 [TC_LF_015_verify_password_copyblock@0] INFO  c.b.v2.module.TestHubModule - sendTestSessionEvent: event=com.browserstack.v2.eventBus.Event@723c2236, response=success: true

11:48:58.310 [TC_LF_015_verify_password_copyblock@0] INFO  c.b.v2.module.TestHubModule - sendTestFrameworkEvent: event=com.browserstack.v2.eventBus.Event@723c2236, response=success: true

11:48:58.313 [TC_HyperLinkCheck@1] INFO  c.b.v2.framework.TestNgFramework - trackEvent: found instance, testFrameworkState=TestFrameworkState.LOG hookState=HookState.PRE instance=-145148935
11:48:58.313 [TC_HyperLinkCheck@1] INFO  c.b.v2.framework.TestNgFramework - trackEvent: load log entries
11:48:58.314 [TC_LF_015_verify_password_copyblock@0] INFO  c.b.v2.framework.TestNgFramework - trackEvent: found instance, testFrameworkState=TestFrameworkState.AFTER_METHOD hookState=HookState.PRE instance=-145149897
11:48:58.314 [TC_LF_015_verify_password_copyblock@0] INFO  c.b.v2.framework.TestNgFramework - trackEvent: track hook events
11:48:58.317 [TC_HyperLinkCheck@1] INFO  c.b.v2.module.TestHubModule - sendLogCreatedEvent: event=com.browserstack.v2.eventBus.Event@20ccf066, response=success: true

11:48:58.317 [TC_HyperLinkCheck@1] INFO  c.b.v2.module.TestHubModule - sendLogCreatedEvent: event=com.browserstack.v2.eventBus.Event@20ccf066
11:48:58.318 [TC_HyperLinkCheck@1] INFO  c.b.v2.module.WebdriverModule - beforeCommandExecute: event=com.browserstack.v2.eventBus.Event@22a9fddc
11:48:58.376 [TC_HyperLinkCheck@1] INFO  c.b.v2.module.WebdriverModule - afterCommandExecute: event=com.browserstack.v2.eventBus.Event@64c41e9a
11:48:58.514 [TC_LF_015_verify_password_copyblock@0] INFO  c.b.v2.framework.TestNgFramework - args CHECK = [TestResult name=clearCookies status=STARTED method=TS_002_Login_Functionality.clearCookies()[pri:0, instance:testCases.TS_002_Login_Functionality@3291b443] output={null}]
11:48:58.514 [TC_LF_015_verify_password_copyblock@0] INFO  c.b.v2.framework.TestNgFramework - Hook Started in PRE key = AFTER_METHOD & hook = {hook_name=clearCookies, hook_result=pending, test_file_path=opencart\src\test\java\testCases\TS_002_Login_Functionality.java, event_started_at=2025-06-03T11:48:58.514556200, hook_id=3665c341-4811-446b-8b69-953e96696c4a, hook_logs=[], key=AFTER_METHOD, custom_metadata={}, test_location=opencart\src\test\java\testCases\TS_002_Login_Functionality.java}  and args = [[TestResult name=clearCookies status=STARTED method=TS_002_Login_Functionality.clearCookies()[pri:0, instance:testCases.TS_002_Login_Functionality@3291b443] output={null}], TS_002_Login_Functionality.clearCookies()[pri:0, instance:testCases.TS_002_Login_Functionality@3291b443]]
11:48:58.514 [TC_LF_015_verify_password_copyblock@0] INFO  c.b.v2.framework.TestNgFramework - trackHookEvents: hook state=AFTER_METHOD.HookState.PRE , hooks started={AFTER_METHOD=[{hook_name=clearCookies, hook_result=pending, test_file_path=opencart\src\test\java\testCases\TS_002_Login_Functionality.java, event_started_at=2025-06-03T11:48:58.514556200, hook_id=3665c341-4811-446b-8b69-953e96696c4a, hook_logs=[], key=AFTER_METHOD, custom_metadata={}, test_location=opencart\src\test\java\testCases\TS_002_Login_Functionality.java}]} , hooks finished={AFTER_METHOD=[]}
11:48:58.517 [TC_LF_015_verify_password_copyblock@0] INFO  c.b.v2.module.TestHubModule - sendTestFrameworkEvent: event=com.browserstack.v2.eventBus.Event@50de3557, response=success: true

11:48:58.520 [clearCookies@0] INFO  c.b.v2.module.WebdriverModule - beforeCommandExecute: event=com.browserstack.v2.eventBus.Event@5c469fba
11:48:58.520 [clearCookies@0] INFO  c.b.v2.module.WebdriverModule - beforeCommandExecute: event=com.browserstack.v2.eventBus.Event@6246b861
11:48:58.542 [TC_HyperLinkCheck@1] INFO  c.b.v2.framework.TestNgFramework - trackEvent: found instance, testFrameworkState=TestFrameworkState.LOG hookState=HookState.PRE instance=-145148935
11:48:58.542 [TC_HyperLinkCheck@1] INFO  c.b.v2.framework.TestNgFramework - trackEvent: load log entries
11:48:58.545 [TC_HyperLinkCheck@1] INFO  c.b.v2.module.TestHubModule - sendLogCreatedEvent: event=com.browserstack.v2.eventBus.Event@5db31109, response=success: true

11:48:58.545 [TC_HyperLinkCheck@1] INFO  c.b.v2.module.TestHubModule - sendLogCreatedEvent: event=com.browserstack.v2.eventBus.Event@5db31109
11:48:58.546 [TC_HyperLinkCheck@1] INFO  c.b.v2.module.WebdriverModule - beforeCommandExecute: event=com.browserstack.v2.eventBus.Event@5951fb8d
11:48:58.555 [clearCookies@0] INFO  c.b.v2.module.WebdriverModule - afterCommandExecute: event=com.browserstack.v2.eventBus.Event@43135df3
11:48:58.555 [clearCookies@0] INFO  c.b.v2.module.WebdriverModule - afterCommandExecute: event=com.browserstack.v2.eventBus.Event@309f2a72
11:48:58.555 [clearCookies@0] INFO  c.b.v2.framework.TestNgFramework - trackEvent: found instance, testFrameworkState=TestFrameworkState.AFTER_METHOD hookState=HookState.POST instance=-145149897
11:48:58.555 [clearCookies@0] INFO  c.b.v2.framework.TestNgFramework - trackEvent: track hook events
11:48:58.612 [TC_HyperLinkCheck@1] INFO  c.b.v2.module.WebdriverModule - afterCommandExecute: event=com.browserstack.v2.eventBus.Event@18428fab
11:48:58.758 [clearCookies@0] INFO  c.b.v2.framework.TestNgFramework - args CHECK = [TestResult name=clearCookies status=SUCCESS method=TS_002_Login_Functionality.clearCookies()[pri:0, instance:testCases.TS_002_Login_Functionality@3291b443] output={null}]
11:48:58.758 [clearCookies@0] INFO  c.b.v2.framework.TestNgFramework - Hook List in Post [{hook_name=clearCookies, hook_result=pending, test_file_path=opencart\src\test\java\testCases\TS_002_Login_Functionality.java, event_started_at=2025-06-03T11:48:58.514556200, hook_id=3665c341-4811-446b-8b69-953e96696c4a, hook_logs=[], key=AFTER_METHOD, custom_metadata={}, test_location=opencart\src\test\java\testCases\TS_002_Login_Functionality.java}] and args = [[TestResult name=clearCookies status=SUCCESS method=TS_002_Login_Functionality.clearCookies()[pri:0, instance:testCases.TS_002_Login_Functionality@3291b443] output={null}], TS_002_Login_Functionality.clearCookies()[pri:0, instance:testCases.TS_002_Login_Functionality@3291b443]]
11:48:58.758 [clearCookies@0] INFO  c.b.v2.framework.TestNgFramework - Processing HookLevel attachments from directory: C:\Users\devbase\.browserstack\UploadedAttachments-65\HookLevel
11:48:58.758 [clearCookies@0] INFO  c.b.v2.framework.TestNgFramework - Checking hookLevelFiles: []
11:48:58.759 [clearCookies@0] INFO  c.b.v2.framework.TestNgFramework - checking Paths of files = C:\Users\devbase\.browserstack\UploadedAttachments-65\HookLevel\BuildLevelHookEvent and abs path = C:\Users\devbase\.browserstack\UploadedAttachments-65\HookLevel\BuildLevelHookEvent 
11:48:58.759 [clearCookies@0] INFO  c.b.v2.framework.TestNgFramework - Processing BuildLevelHookEvent attachments from directory: C:\Users\devbase\.browserstack\UploadedAttachments-65\HookLevel\BuildLevelHookEvent
11:48:58.759 [clearCookies@0] INFO  c.b.v2.framework.TestNgFramework - Processing TestLevel attachments eventLogs: []
11:48:58.759 [clearCookies@0] INFO  c.b.v2.framework.TestNgFramework - sendLogCreatedEvent: No Log Events to send
11:48:58.759 [clearCookies@0] INFO  c.b.v2.framework.TestNgFramework - trackHookEvents: hook state=AFTER_METHOD.HookState.POST , hooks started={AFTER_METHOD=[]} , hooks finished={AFTER_METHOD=[{hook_name=clearCookies, hook_result=passed, test_file_path=opencart\src\test\java\testCases\TS_002_Login_Functionality.java, event_started_at=2025-06-03T11:48:58.514556200, hook_id=3665c341-4811-446b-8b69-953e96696c4a, hook_logs=[], logs=[], key=AFTER_METHOD, custom_metadata={}, event_ended_at=2025-06-03T11:48:58.758608100, test_location=opencart\src\test\java\testCases\TS_002_Login_Functionality.java}]}
11:48:58.761 [clearCookies@0] INFO  c.b.v2.module.TestHubModule - sendTestFrameworkEvent: event=com.browserstack.v2.eventBus.Event@1fbea286, response=success: true

11:48:58.765 [clearCookies@0] INFO  c.b.v2.framework.TestNgFramework - trackEvent: found instance, testFrameworkState=TestFrameworkState.AFTER_CLASS hookState=HookState.PRE instance=-145149897
11:48:58.766 [clearCookies@0] INFO  c.b.v2.framework.TestNgFramework - trackEvent: track hook events
11:48:58.767 [TC_HyperLinkCheck@1] INFO  c.b.v2.framework.TestNgFramework - trackEvent: found instance, testFrameworkState=TestFrameworkState.LOG hookState=HookState.PRE instance=-145148935
11:48:58.767 [TC_HyperLinkCheck@1] INFO  c.b.v2.framework.TestNgFramework - trackEvent: load log entries
11:48:58.770 [TC_HyperLinkCheck@1] INFO  c.b.v2.module.TestHubModule - sendLogCreatedEvent: event=com.browserstack.v2.eventBus.Event@5f2043cb, response=success: true

11:48:58.770 [TC_HyperLinkCheck@1] INFO  c.b.v2.module.TestHubModule - sendLogCreatedEvent: event=com.browserstack.v2.eventBus.Event@5f2043cb
11:48:58.771 [TC_HyperLinkCheck@1] INFO  c.b.v2.module.WebdriverModule - beforeCommandExecute: event=com.browserstack.v2.eventBus.Event@1b2120a7
11:48:58.839 [TC_HyperLinkCheck@1] INFO  c.b.v2.module.WebdriverModule - afterCommandExecute: event=com.browserstack.v2.eventBus.Event@7140dbf6
11:48:58.969 [clearCookies@0] INFO  c.b.v2.framework.TestNgFramework - args CHECK = [TestResult name=tearDown status=STARTED method=BaseClass.tearDown()[pri:0, instance:testCases.TS_002_Login_Functionality@3291b443] output={null}]
11:48:58.969 [clearCookies@0] INFO  c.b.v2.framework.TestNgFramework - Hook Started in PRE key = AFTER_CLASS & hook = {hook_name=tearDown, hook_result=pending, test_file_path=opencart\src\test\java\testCases\TS_002_Login_Functionality.java, event_started_at=2025-06-03T11:48:58.969183100, hook_id=fb482d9a-f0be-45af-9fa8-9838c174a9a7, hook_logs=[], key=AFTER_CLASS, custom_metadata={}, test_location=opencart\src\test\java\testCases\TS_002_Login_Functionality.java}  and args = [[TestResult name=tearDown status=STARTED method=BaseClass.tearDown()[pri:0, instance:testCases.TS_002_Login_Functionality@3291b443] output={null}], BaseClass.tearDown()[pri:0, instance:testCases.TS_002_Login_Functionality@3291b443]]
11:48:58.969 [clearCookies@0] INFO  c.b.v2.framework.TestNgFramework - trackHookEvents: hook state=AFTER_CLASS.HookState.PRE , hooks started={AFTER_METHOD=[], AFTER_CLASS=[{hook_name=tearDown, hook_result=pending, test_file_path=opencart\src\test\java\testCases\TS_002_Login_Functionality.java, event_started_at=2025-06-03T11:48:58.969183100, hook_id=fb482d9a-f0be-45af-9fa8-9838c174a9a7, hook_logs=[], key=AFTER_CLASS, custom_metadata={}, test_location=opencart\src\test\java\testCases\TS_002_Login_Functionality.java}]} , hooks finished={AFTER_METHOD=[{hook_name=clearCookies, hook_result=passed, test_file_path=opencart\src\test\java\testCases\TS_002_Login_Functionality.java, event_started_at=2025-06-03T11:48:58.514556200, hook_id=3665c341-4811-446b-8b69-953e96696c4a, hook_logs=[], logs=[], key=AFTER_METHOD, custom_metadata={}, event_ended_at=2025-06-03T11:48:58.758608100, test_location=opencart\src\test\java\testCases\TS_002_Login_Functionality.java}], AFTER_CLASS=[]}
11:48:58.971 [clearCookies@0] INFO  c.b.v2.module.TestHubModule - sendTestFrameworkEvent: event=com.browserstack.v2.eventBus.Event@3437e95a, response=success: true

11:48:58.973 [tearDown@0] INFO  c.b.v2.module.WebdriverModule - onDriverQuit: event=com.browserstack.v2.eventBus.Event@5609b066
11:48:58.984 [tearDown@0] INFO  c.b.v2.module.WebdriverModule - beforeCommandExecute: event=com.browserstack.v2.eventBus.Event@fa00b6
11:48:58.984 [tearDown@0] INFO  c.b.v2.module.WebdriverModule - beforeCommandExecute: event=com.browserstack.v2.eventBus.Event@190238c8
11:48:59.011 [TC_HyperLinkCheck@1] INFO  c.b.v2.framework.TestNgFramework - trackEvent: found instance, testFrameworkState=TestFrameworkState.LOG hookState=HookState.PRE instance=-145148935
11:48:59.011 [TC_HyperLinkCheck@1] INFO  c.b.v2.framework.TestNgFramework - trackEvent: load log entries
11:48:59.013 [TC_HyperLinkCheck@1] INFO  c.b.v2.module.TestHubModule - sendLogCreatedEvent: event=com.browserstack.v2.eventBus.Event@6f249f32, response=success: true

11:48:59.013 [TC_HyperLinkCheck@1] INFO  c.b.v2.module.TestHubModule - sendLogCreatedEvent: event=com.browserstack.v2.eventBus.Event@6f249f32
11:48:59.014 [TC_HyperLinkCheck@1] INFO  c.b.v2.module.WebdriverModule - beforeCommandExecute: event=com.browserstack.v2.eventBus.Event@75bb3b55
11:48:59.078 [TC_HyperLinkCheck@1] INFO  c.b.v2.module.WebdriverModule - afterCommandExecute: event=com.browserstack.v2.eventBus.Event@105075f1
11:48:59.239 [TC_HyperLinkCheck@1] INFO  c.b.v2.framework.TestNgFramework - trackEvent: found instance, testFrameworkState=TestFrameworkState.LOG hookState=HookState.PRE instance=-145148935
11:48:59.239 [TC_HyperLinkCheck@1] INFO  c.b.v2.framework.TestNgFramework - trackEvent: load log entries
11:48:59.241 [TC_HyperLinkCheck@1] INFO  c.b.v2.module.TestHubModule - sendLogCreatedEvent: event=com.browserstack.v2.eventBus.Event@31c440f0, response=success: true

11:48:59.241 [TC_HyperLinkCheck@1] INFO  c.b.v2.module.TestHubModule - sendLogCreatedEvent: event=com.browserstack.v2.eventBus.Event@31c440f0
11:48:59.242 [TC_HyperLinkCheck@1] INFO  c.b.v2.module.WebdriverModule - beforeCommandExecute: event=com.browserstack.v2.eventBus.Event@44c36d7e
11:48:59.307 [TC_HyperLinkCheck@1] INFO  c.b.v2.module.WebdriverModule - afterCommandExecute: event=com.browserstack.v2.eventBus.Event@4b193b8f
11:48:59.435 [TC_HyperLinkCheck@1] INFO  c.b.v2.framework.TestNgFramework - trackEvent: found instance, testFrameworkState=TestFrameworkState.LOG hookState=HookState.PRE instance=-145148935
11:48:59.435 [TC_HyperLinkCheck@1] INFO  c.b.v2.framework.TestNgFramework - trackEvent: load log entries
11:48:59.439 [TC_HyperLinkCheck@1] INFO  c.b.v2.module.TestHubModule - sendLogCreatedEvent: event=com.browserstack.v2.eventBus.Event@7e862e9, response=success: true

11:48:59.439 [TC_HyperLinkCheck@1] INFO  c.b.v2.module.TestHubModule - sendLogCreatedEvent: event=com.browserstack.v2.eventBus.Event@7e862e9
11:48:59.440 [TC_HyperLinkCheck@1] INFO  c.b.v2.module.WebdriverModule - beforeCommandExecute: event=com.browserstack.v2.eventBus.Event@4c1dedca
11:48:59.505 [TC_HyperLinkCheck@1] INFO  c.b.v2.module.WebdriverModule - afterCommandExecute: event=com.browserstack.v2.eventBus.Event@6bfb1555
11:48:59.683 [TC_HyperLinkCheck@1] INFO  c.b.v2.framework.TestNgFramework - trackEvent: found instance, testFrameworkState=TestFrameworkState.LOG hookState=HookState.PRE instance=-145148935
11:48:59.683 [TC_HyperLinkCheck@1] INFO  c.b.v2.framework.TestNgFramework - trackEvent: load log entries
11:48:59.686 [TC_HyperLinkCheck@1] INFO  c.b.v2.module.TestHubModule - sendLogCreatedEvent: event=com.browserstack.v2.eventBus.Event@2bf47e83, response=success: true

11:48:59.686 [TC_HyperLinkCheck@1] INFO  c.b.v2.module.TestHubModule - sendLogCreatedEvent: event=com.browserstack.v2.eventBus.Event@2bf47e83
11:48:59.687 [TC_HyperLinkCheck@1] INFO  c.b.v2.module.WebdriverModule - beforeCommandExecute: event=com.browserstack.v2.eventBus.Event@4ff5763c
11:48:59.705 [TC_LF_013_verify_password_visibility@2] INFO  c.b.v2.module.WebdriverModule - afterCommandExecute: event=com.browserstack.v2.eventBus.Event@5e37006
11:48:59.705 [TC_LF_013_verify_password_visibility@2] INFO  c.b.v2.framework.TestNgFramework - trackEvent: found instance, testFrameworkState=TestFrameworkState.LOG_REPORT hookState=HookState.PRE instance=-145147973
11:48:59.705 [TC_LF_013_verify_password_visibility@2] INFO  c.b.v2.framework.TestNgFramework - trackEvent: found instance, testFrameworkState=TestFrameworkState.LOG_REPORT hookState=HookState.POST instance=-145147973
11:48:59.705 [TC_LF_013_verify_password_visibility@2] INFO  c.b.v2.framework.TestNgFramework - trackEvent: load test results
11:48:59.705 [TC_LF_013_verify_password_visibility@2] INFO  c.b.v2.framework.TestNgFramework - trackEvent: found instance, testFrameworkState=TestFrameworkState.TEST hookState=HookState.POST instance=-145147973
11:48:59.705 [TC_LF_013_verify_password_visibility@2] INFO  c.b.v2.module.WebdriverModule - onAfterTest: event=com.browserstack.v2.eventBus.Event@4b9226aa
11:48:59.747 [TC_HyperLinkCheck@1] INFO  c.b.v2.module.WebdriverModule - afterCommandExecute: event=com.browserstack.v2.eventBus.Event@1bced556
11:48:59.894 [TC_HyperLinkCheck@1] INFO  c.b.v2.framework.TestNgFramework - trackEvent: found instance, testFrameworkState=TestFrameworkState.LOG hookState=HookState.PRE instance=-145148935
11:48:59.894 [TC_HyperLinkCheck@1] INFO  c.b.v2.framework.TestNgFramework - trackEvent: load log entries
11:48:59.897 [TC_HyperLinkCheck@1] INFO  c.b.v2.module.TestHubModule - sendLogCreatedEvent: event=com.browserstack.v2.eventBus.Event@4bbdbb27, response=success: true

11:48:59.897 [TC_HyperLinkCheck@1] INFO  c.b.v2.module.TestHubModule - sendLogCreatedEvent: event=com.browserstack.v2.eventBus.Event@4bbdbb27
11:48:59.898 [TC_HyperLinkCheck@1] INFO  c.b.v2.module.WebdriverModule - beforeCommandExecute: event=com.browserstack.v2.eventBus.Event@65c6c5b2
11:48:59.959 [TC_HyperLinkCheck@1] INFO  c.b.v2.module.WebdriverModule - afterCommandExecute: event=com.browserstack.v2.eventBus.Event@4282fa2a
11:49:00.027 [TC_LF_013_verify_password_visibility@2] ERROR c.b.utils.SeleniumMethodUtils - Done for sessionid 16c0a30a0fb02a2055b26186b717279d4c25e1d6
11:49:00.109 [TC_HyperLinkCheck@1] INFO  c.b.v2.framework.TestNgFramework - trackEvent: found instance, testFrameworkState=TestFrameworkState.LOG hookState=HookState.PRE instance=-145148935
11:49:00.109 [TC_HyperLinkCheck@1] INFO  c.b.v2.framework.TestNgFramework - trackEvent: load log entries
11:49:00.111 [TC_HyperLinkCheck@1] INFO  c.b.v2.module.TestHubModule - sendLogCreatedEvent: event=com.browserstack.v2.eventBus.Event@1cbcef55, response=success: true

11:49:00.112 [TC_HyperLinkCheck@1] INFO  c.b.v2.module.TestHubModule - sendLogCreatedEvent: event=com.browserstack.v2.eventBus.Event@1cbcef55
11:49:00.113 [TC_HyperLinkCheck@1] INFO  c.b.v2.module.WebdriverModule - beforeCommandExecute: event=com.browserstack.v2.eventBus.Event@2fed51a6
11:49:00.175 [TC_HyperLinkCheck@1] INFO  c.b.v2.module.WebdriverModule - afterCommandExecute: event=com.browserstack.v2.eventBus.Event@3c1efde5
11:49:00.315 [TC_LF_013_verify_password_visibility@2] INFO  c.b.v2.module.TestHubModule - onAfterTest: event={com.browserstack.v2.eventBus.Event@4b9226aa}
11:49:00.319 [TC_LF_013_verify_password_visibility@2] INFO  c.b.v2.module.TestHubModule - sendTestSessionEvent: event=com.browserstack.v2.eventBus.Event@4b9226aa, response=success: true

11:49:00.323 [TC_LF_013_verify_password_visibility@2] INFO  c.b.v2.module.TestHubModule - sendTestFrameworkEvent: event=com.browserstack.v2.eventBus.Event@4b9226aa, response=success: true

11:49:00.326 [TC_LF_013_verify_password_visibility@2] INFO  c.b.v2.framework.TestNgFramework - trackEvent: found instance, testFrameworkState=TestFrameworkState.AFTER_METHOD hookState=HookState.PRE instance=-145147973
11:49:00.327 [TC_LF_013_verify_password_visibility@2] INFO  c.b.v2.framework.TestNgFramework - trackEvent: track hook events
11:49:00.350 [TC_HyperLinkCheck@1] INFO  c.b.v2.framework.TestNgFramework - trackEvent: found instance, testFrameworkState=TestFrameworkState.LOG hookState=HookState.PRE instance=-145148935
11:49:00.350 [TC_HyperLinkCheck@1] INFO  c.b.v2.framework.TestNgFramework - trackEvent: load log entries
11:49:00.353 [TC_HyperLinkCheck@1] INFO  c.b.v2.module.TestHubModule - sendLogCreatedEvent: event=com.browserstack.v2.eventBus.Event@5f3d22f3, response=success: true

11:49:00.354 [TC_HyperLinkCheck@1] INFO  c.b.v2.module.TestHubModule - sendLogCreatedEvent: event=com.browserstack.v2.eventBus.Event@5f3d22f3
11:49:00.355 [TC_HyperLinkCheck@1] INFO  c.b.v2.module.WebdriverModule - beforeCommandExecute: event=com.browserstack.v2.eventBus.Event@3bac3e74
11:49:00.426 [TC_HyperLinkCheck@1] INFO  c.b.v2.module.WebdriverModule - afterCommandExecute: event=com.browserstack.v2.eventBus.Event@aaaa616
11:49:00.529 [TC_LF_013_verify_password_visibility@2] INFO  c.b.v2.framework.TestNgFramework - args CHECK = [TestResult name=clearCookies status=STARTED method=TS_002_Login_Functionality.clearCookies()[pri:0, instance:testCases.TS_002_Login_Functionality@440e3ce6] output={null}]
11:49:00.529 [TC_LF_013_verify_password_visibility@2] INFO  c.b.v2.framework.TestNgFramework - Hook Started in PRE key = AFTER_METHOD & hook = {hook_name=clearCookies, hook_result=pending, test_file_path=opencart\src\test\java\testCases\TS_002_Login_Functionality.java, event_started_at=2025-06-03T11:49:00.529439600, hook_id=e2e0806b-960f-4d05-90a0-0b63fdf50580, hook_logs=[], key=AFTER_METHOD, custom_metadata={}, test_location=opencart\src\test\java\testCases\TS_002_Login_Functionality.java}  and args = [[TestResult name=clearCookies status=STARTED method=TS_002_Login_Functionality.clearCookies()[pri:0, instance:testCases.TS_002_Login_Functionality@440e3ce6] output={null}], TS_002_Login_Functionality.clearCookies()[pri:0, instance:testCases.TS_002_Login_Functionality@440e3ce6]]
11:49:00.529 [TC_LF_013_verify_password_visibility@2] INFO  c.b.v2.framework.TestNgFramework - trackHookEvents: hook state=AFTER_METHOD.HookState.PRE , hooks started={AFTER_METHOD=[{hook_name=clearCookies, hook_result=pending, test_file_path=opencart\src\test\java\testCases\TS_002_Login_Functionality.java, event_started_at=2025-06-03T11:49:00.529439600, hook_id=e2e0806b-960f-4d05-90a0-0b63fdf50580, hook_logs=[], key=AFTER_METHOD, custom_metadata={}, test_location=opencart\src\test\java\testCases\TS_002_Login_Functionality.java}]} , hooks finished={AFTER_METHOD=[]}
11:49:00.531 [TC_LF_013_verify_password_visibility@2] INFO  c.b.v2.module.TestHubModule - sendTestFrameworkEvent: event=com.browserstack.v2.eventBus.Event@18d3539a, response=success: true

11:49:00.533 [clearCookies@2] INFO  c.b.v2.module.WebdriverModule - beforeCommandExecute: event=com.browserstack.v2.eventBus.Event@2d0e8d82
11:49:00.533 [clearCookies@2] INFO  c.b.v2.module.WebdriverModule - beforeCommandExecute: event=com.browserstack.v2.eventBus.Event@17b3e681
11:49:00.579 [TC_HyperLinkCheck@1] INFO  c.b.v2.framework.TestNgFramework - trackEvent: found instance, testFrameworkState=TestFrameworkState.LOG hookState=HookState.PRE instance=-145148935
11:49:00.579 [TC_HyperLinkCheck@1] INFO  c.b.v2.framework.TestNgFramework - trackEvent: load log entries
11:49:00.581 [TC_HyperLinkCheck@1] INFO  c.b.v2.module.TestHubModule - sendLogCreatedEvent: event=com.browserstack.v2.eventBus.Event@61a78686, response=success: true

11:49:00.581 [TC_HyperLinkCheck@1] INFO  c.b.v2.module.TestHubModule - sendLogCreatedEvent: event=com.browserstack.v2.eventBus.Event@61a78686
11:49:00.582 [TC_HyperLinkCheck@1] INFO  c.b.v2.module.WebdriverModule - beforeCommandExecute: event=com.browserstack.v2.eventBus.Event@64b576be
11:49:00.629 [tearDown@0] INFO  c.b.v2.module.WebdriverModule - afterCommandExecute: event=com.browserstack.v2.eventBus.Event@79021c38
11:49:00.629 [tearDown@0] INFO  c.b.v2.module.WebdriverModule - afterCommandExecute: event=com.browserstack.v2.eventBus.Event@29ad4c1e
11:49:00.629 [tearDown@0] INFO  c.b.v2.framework.TestNgFramework - trackEvent: found instance, testFrameworkState=TestFrameworkState.AFTER_CLASS hookState=HookState.POST instance=-145149897
11:49:00.629 [tearDown@0] INFO  c.b.v2.framework.TestNgFramework - trackEvent: track hook events
11:49:00.646 [TC_HyperLinkCheck@1] INFO  c.b.v2.module.WebdriverModule - afterCommandExecute: event=com.browserstack.v2.eventBus.Event@a30b7fa
11:49:00.648 [clearCookies@2] INFO  c.b.v2.module.WebdriverModule - afterCommandExecute: event=com.browserstack.v2.eventBus.Event@15fe386e
11:49:00.648 [clearCookies@2] INFO  c.b.v2.module.WebdriverModule - afterCommandExecute: event=com.browserstack.v2.eventBus.Event@36534df3
11:49:00.649 [clearCookies@2] INFO  c.b.v2.framework.TestNgFramework - trackEvent: found instance, testFrameworkState=TestFrameworkState.AFTER_METHOD hookState=HookState.POST instance=-145147973
11:49:00.649 [clearCookies@2] INFO  c.b.v2.framework.TestNgFramework - trackEvent: track hook events
11:49:00.798 [TC_HyperLinkCheck@1] INFO  c.b.v2.framework.TestNgFramework - trackEvent: found instance, testFrameworkState=TestFrameworkState.LOG hookState=HookState.PRE instance=-145148935
11:49:00.798 [TC_HyperLinkCheck@1] INFO  c.b.v2.framework.TestNgFramework - trackEvent: load log entries
11:49:00.802 [TC_HyperLinkCheck@1] INFO  c.b.v2.module.TestHubModule - sendLogCreatedEvent: event=com.browserstack.v2.eventBus.Event@45541ed, response=success: true

11:49:00.802 [TC_HyperLinkCheck@1] INFO  c.b.v2.module.TestHubModule - sendLogCreatedEvent: event=com.browserstack.v2.eventBus.Event@45541ed
11:49:00.803 [TC_HyperLinkCheck@1] INFO  c.b.v2.module.WebdriverModule - beforeCommandExecute: event=com.browserstack.v2.eventBus.Event@2a00970b
11:49:00.868 [tearDown@0] INFO  c.b.v2.framework.TestNgFramework - args CHECK = [TestResult name=tearDown status=SUCCESS method=BaseClass.tearDown()[pri:0, instance:testCases.TS_002_Login_Functionality@3291b443] output={null}]
11:49:00.869 [tearDown@0] INFO  c.b.v2.framework.TestNgFramework - Hook List in Post [{hook_name=tearDown, hook_result=pending, test_file_path=opencart\src\test\java\testCases\TS_002_Login_Functionality.java, event_started_at=2025-06-03T11:48:58.969183100, hook_id=fb482d9a-f0be-45af-9fa8-9838c174a9a7, hook_logs=[], key=AFTER_CLASS, custom_metadata={}, test_location=opencart\src\test\java\testCases\TS_002_Login_Functionality.java}] and args = [[TestResult name=tearDown status=SUCCESS method=BaseClass.tearDown()[pri:0, instance:testCases.TS_002_Login_Functionality@3291b443] output={null}], BaseClass.tearDown()[pri:0, instance:testCases.TS_002_Login_Functionality@3291b443]]
11:49:00.869 [tearDown@0] INFO  c.b.v2.framework.TestNgFramework - Processing HookLevel attachments from directory: C:\Users\devbase\.browserstack\UploadedAttachments-65\HookLevel
11:49:00.869 [tearDown@0] INFO  c.b.v2.framework.TestNgFramework - Checking hookLevelFiles: []
11:49:00.869 [tearDown@0] INFO  c.b.v2.framework.TestNgFramework - checking Paths of files = C:\Users\devbase\.browserstack\UploadedAttachments-65\HookLevel\BuildLevelHookEvent and abs path = C:\Users\devbase\.browserstack\UploadedAttachments-65\HookLevel\BuildLevelHookEvent 
11:49:00.869 [tearDown@0] INFO  c.b.v2.framework.TestNgFramework - Processing BuildLevelHookEvent attachments from directory: C:\Users\devbase\.browserstack\UploadedAttachments-65\HookLevel\BuildLevelHookEvent
11:49:00.869 [tearDown@0] INFO  c.b.v2.framework.TestNgFramework - Processing TestLevel attachments eventLogs: []
11:49:00.869 [tearDown@0] INFO  c.b.v2.framework.TestNgFramework - sendLogCreatedEvent: No Log Events to send
11:49:00.869 [tearDown@0] INFO  c.b.v2.framework.TestNgFramework - trackHookEvents: hook state=AFTER_CLASS.HookState.POST , hooks started={AFTER_METHOD=[], AFTER_CLASS=[]} , hooks finished={AFTER_METHOD=[{hook_name=clearCookies, hook_result=passed, test_file_path=opencart\src\test\java\testCases\TS_002_Login_Functionality.java, event_started_at=2025-06-03T11:48:58.514556200, hook_id=3665c341-4811-446b-8b69-953e96696c4a, hook_logs=[], logs=[], key=AFTER_METHOD, custom_metadata={}, event_ended_at=2025-06-03T11:48:58.758608100, test_location=opencart\src\test\java\testCases\TS_002_Login_Functionality.java}], AFTER_CLASS=[{hook_name=tearDown, hook_result=passed, test_file_path=opencart\src\test\java\testCases\TS_002_Login_Functionality.java, event_started_at=2025-06-03T11:48:58.969183100, hook_id=fb482d9a-f0be-45af-9fa8-9838c174a9a7, hook_logs=[], logs=[], key=AFTER_CLASS, custom_metadata={}, event_ended_at=2025-06-03T11:49:00.869826800, test_location=opencart\src\test\java\testCases\TS_002_Login_Functionality.java}]}
11:49:00.872 [tearDown@0] INFO  c.b.v2.module.TestHubModule - sendTestFrameworkEvent: event=com.browserstack.v2.eventBus.Event@28d079b2, response=success: true

11:49:00.873 [TC_HyperLinkCheck@1] INFO  c.b.v2.module.WebdriverModule - afterCommandExecute: event=com.browserstack.v2.eventBus.Event@e08f630
11:49:00.874 [tearDown@0] INFO  c.b.v2.framework.TestNgFramework - trackTestNgTest: saved instance contextId=-145149897 target=C:/Users/RPA Base/Projects/opencart/src/test/java/testCases-0@0 instances=[-145148935, -145147973, -145149897]
11:49:00.874 [tearDown@0] INFO  c.b.v2.framework.TestNgFramework - trackEvent: found instance, testFrameworkState=TestFrameworkState.BEFORE_CLASS hookState=HookState.PRE instance=-145149897
11:49:00.876 [tearDown@0] INFO  c.b.v2.framework.TestNgFramework - trackEvent: loaded common test data, testFrameworkState=TestFrameworkState.BEFORE_CLASS hookState=HookState.PRE instance=-145149897
11:49:00.876 [tearDown@0] INFO  c.b.v2.framework.TestNgFramework - trackEvent: track hook events
11:49:00.886 [clearCookies@2] INFO  c.b.v2.framework.TestNgFramework - args CHECK = [TestResult name=clearCookies status=SUCCESS method=TS_002_Login_Functionality.clearCookies()[pri:0, instance:testCases.TS_002_Login_Functionality@440e3ce6] output={null}]
11:49:00.886 [clearCookies@2] INFO  c.b.v2.framework.TestNgFramework - Hook List in Post [{hook_name=clearCookies, hook_result=pending, test_file_path=opencart\src\test\java\testCases\TS_002_Login_Functionality.java, event_started_at=2025-06-03T11:49:00.529439600, hook_id=e2e0806b-960f-4d05-90a0-0b63fdf50580, hook_logs=[], key=AFTER_METHOD, custom_metadata={}, test_location=opencart\src\test\java\testCases\TS_002_Login_Functionality.java}] and args = [[TestResult name=clearCookies status=SUCCESS method=TS_002_Login_Functionality.clearCookies()[pri:0, instance:testCases.TS_002_Login_Functionality@440e3ce6] output={null}], TS_002_Login_Functionality.clearCookies()[pri:0, instance:testCases.TS_002_Login_Functionality@440e3ce6]]
11:49:00.886 [clearCookies@2] INFO  c.b.v2.framework.TestNgFramework - Processing HookLevel attachments from directory: C:\Users\devbase\.browserstack\UploadedAttachments-67\HookLevel
11:49:00.887 [clearCookies@2] INFO  c.b.v2.framework.TestNgFramework - Checking hookLevelFiles: []
11:49:00.887 [clearCookies@2] INFO  c.b.v2.framework.TestNgFramework - checking Paths of files = C:\Users\devbase\.browserstack\UploadedAttachments-67\HookLevel\BuildLevelHookEvent and abs path = C:\Users\devbase\.browserstack\UploadedAttachments-67\HookLevel\BuildLevelHookEvent 
11:49:00.887 [clearCookies@2] INFO  c.b.v2.framework.TestNgFramework - Processing BuildLevelHookEvent attachments from directory: C:\Users\devbase\.browserstack\UploadedAttachments-67\HookLevel\BuildLevelHookEvent
11:49:00.887 [clearCookies@2] INFO  c.b.v2.framework.TestNgFramework - Processing TestLevel attachments eventLogs: []
11:49:00.887 [clearCookies@2] INFO  c.b.v2.framework.TestNgFramework - sendLogCreatedEvent: No Log Events to send
11:49:00.887 [clearCookies@2] INFO  c.b.v2.framework.TestNgFramework - trackHookEvents: hook state=AFTER_METHOD.HookState.POST , hooks started={AFTER_METHOD=[]} , hooks finished={AFTER_METHOD=[{hook_name=clearCookies, hook_result=passed, test_file_path=opencart\src\test\java\testCases\TS_002_Login_Functionality.java, event_started_at=2025-06-03T11:49:00.529439600, hook_id=e2e0806b-960f-4d05-90a0-0b63fdf50580, hook_logs=[], logs=[], key=AFTER_METHOD, custom_metadata={}, event_ended_at=2025-06-03T11:49:00.886090600, test_location=opencart\src\test\java\testCases\TS_002_Login_Functionality.java}]}
11:49:00.889 [clearCookies@2] INFO  c.b.v2.module.TestHubModule - sendTestFrameworkEvent: event=com.browserstack.v2.eventBus.Event@2f2e503f, response=success: true

11:49:00.896 [clearCookies@2] INFO  c.b.v2.framework.TestNgFramework - trackTestNgTest: saved instance contextId=-145147973 target=C:/Users/RPA Base/Projects/opencart/src/test/java/testCases-2@2 instances=[-145148935, -145147973, -145149897]
11:49:00.896 [clearCookies@2] INFO  c.b.v2.framework.TestNgFramework - trackEvent: found instance, testFrameworkState=TestFrameworkState.TEST hookState=HookState.PRE instance=-145147973
11:49:01.029 [TC_HyperLinkCheck@1] INFO  c.b.v2.framework.TestNgFramework - trackEvent: found instance, testFrameworkState=TestFrameworkState.LOG hookState=HookState.PRE instance=-145148935
11:49:01.029 [TC_HyperLinkCheck@1] INFO  c.b.v2.framework.TestNgFramework - trackEvent: load log entries
11:49:01.031 [TC_HyperLinkCheck@1] INFO  c.b.v2.module.TestHubModule - sendLogCreatedEvent: event=com.browserstack.v2.eventBus.Event@77262aac, response=success: true

11:49:01.031 [TC_HyperLinkCheck@1] INFO  c.b.v2.module.TestHubModule - sendLogCreatedEvent: event=com.browserstack.v2.eventBus.Event@77262aac
11:49:01.032 [TC_HyperLinkCheck@1] INFO  c.b.v2.module.WebdriverModule - beforeCommandExecute: event=com.browserstack.v2.eventBus.Event@7c1762a9
11:49:01.099 [TC_HyperLinkCheck@1] INFO  c.b.v2.module.WebdriverModule - afterCommandExecute: event=com.browserstack.v2.eventBus.Event@608536cc
11:49:01.106 [tearDown@0] INFO  c.b.v2.framework.TestNgFramework - args CHECK = [TestResult name=setup status=STARTED method=BaseClass.setup(java.lang.String)[pri:0, instance:testCases.TS_005_Search_Functionality@177515d1] output={null}]
11:49:01.106 [tearDown@0] INFO  c.b.v2.framework.TestNgFramework - Hook Started in PRE key = BEFORE_CLASS & hook = {hook_name=setup, hook_result=pending, test_file_path=opencart\src\test\java\testCases\TS_005_Search_Functionality.java, event_started_at=2025-06-03T11:49:01.106116700, hook_id=8c36bfca-91e7-4681-a102-86ebdaee4527, hook_logs=[], key=BEFORE_CLASS, custom_metadata={}, test_location=opencart\src\test\java\testCases\TS_005_Search_Functionality.java}  and args = [[TestResult name=setup status=STARTED method=BaseClass.setup(java.lang.String)[pri:0, instance:testCases.TS_005_Search_Functionality@177515d1] output={null}], BaseClass.setup(java.lang.String)[pri:0, instance:testCases.TS_005_Search_Functionality@177515d1]]
11:49:01.106 [tearDown@0] INFO  c.b.v2.framework.TestNgFramework - trackHookEvents: hook state=BEFORE_CLASS.HookState.PRE , hooks started={BEFORE_CLASS=[{hook_name=setup, hook_result=pending, test_file_path=opencart\src\test\java\testCases\TS_005_Search_Functionality.java, event_started_at=2025-06-03T11:49:01.106116700, hook_id=8c36bfca-91e7-4681-a102-86ebdaee4527, hook_logs=[], key=BEFORE_CLASS, custom_metadata={}, test_location=opencart\src\test\java\testCases\TS_005_Search_Functionality.java}]} , hooks finished={BEFORE_CLASS=[]}
11:49:01.109 [tearDown@0] INFO  c.b.v2.module.TestHubModule - sendTestFrameworkEvent: event=com.browserstack.v2.eventBus.Event@65636ef4, response=success: true

11:49:01.127 [clearCookies@2] INFO  c.b.v2.framework.TestNgFramework - trackEvent: loaded initial test data to instance, testFrameworkState=TestFrameworkState.TEST hookState=HookState.PRE instance=-145147973
11:49:01.127 [clearCookies@2] INFO  c.b.v2.module.WebdriverModule - onBeforeTest: event=com.browserstack.v2.eventBus.Event@2af5bdac
11:49:01.129 [clearCookies@2] INFO  c.b.v2.module.TestHubModule - sendTestFrameworkEvent: event=com.browserstack.v2.eventBus.Event@2af5bdac, response=success: true

11:49:01.130 [clearCookies@2] INFO  c.b.v2.module.ObservabilityModule - onBeforeTest: event={instance=com.browserstack.v2.instance.TestFrameworkInstance@71b12b7a, testFrameworkState=TestFrameworkState.TEST, testInstance=com.browserstack.v2.instance.TestFrameworkInstance@71b12b7a, hookState=HookState.PRE}
11:49:01.130 [clearCookies@2] INFO  c.b.v2.module.ObservabilityModule - performO11ySync: Performing O11y Sync
11:49:01.145 [TC_HyperLinkCheck@2] INFO  c.b.v2.module.WebdriverModule - beforeCommandExecute: event=com.browserstack.v2.eventBus.Event@d9a2288
11:49:01.209 [setup@0] INFO  c.b.v2.framework.SeleniumFramework - trackSeleniumTest: saved instance contextId=-1599753585 target=17792:65 instances=[-1599753583, -1599753584, -1599753585]
11:49:01.209 [setup@0] INFO  c.b.v2.module.WebdriverModule - onBeforeDriverCreate: event=com.browserstack.v2.eventBus.Event@50eb099e
11:49:01.217 [setup@0] INFO  c.b.v2.module.WebdriverModule - beforeCommandExecute: event=com.browserstack.v2.eventBus.Event@492ac8b0
11:49:01.255 [TC_HyperLinkCheck@2] INFO  c.b.v2.module.WebdriverModule - afterCommandExecute: event=com.browserstack.v2.eventBus.Event@45e7e86a
11:49:01.257 [TC_HyperLinkCheck@2] INFO  c.b.v2.module.WebdriverModule - beforeCommandExecute: event=com.browserstack.v2.eventBus.Event@37797bf6
11:49:01.318 [TC_HyperLinkCheck@1] INFO  c.b.v2.framework.TestNgFramework - trackEvent: found instance, testFrameworkState=TestFrameworkState.LOG hookState=HookState.PRE instance=-145148935
11:49:01.318 [TC_HyperLinkCheck@1] INFO  c.b.v2.framework.TestNgFramework - trackEvent: load log entries
11:49:01.319 [TC_HyperLinkCheck@2] INFO  c.b.v2.module.WebdriverModule - afterCommandExecute: event=com.browserstack.v2.eventBus.Event@314e43dc
11:49:01.320 [TC_HyperLinkCheck@1] INFO  c.b.v2.module.TestHubModule - sendLogCreatedEvent: event=com.browserstack.v2.eventBus.Event@7f226feb, response=success: true

11:49:01.321 [TC_HyperLinkCheck@1] INFO  c.b.v2.module.TestHubModule - sendLogCreatedEvent: event=com.browserstack.v2.eventBus.Event@7f226feb
11:49:01.322 [TC_HyperLinkCheck@1] INFO  c.b.v2.module.WebdriverModule - beforeCommandExecute: event=com.browserstack.v2.eventBus.Event@6b7a3481
11:49:01.380 [TC_HyperLinkCheck@1] INFO  c.b.v2.module.WebdriverModule - afterCommandExecute: event=com.browserstack.v2.eventBus.Event@606f3050
11:49:01.616 [TC_HyperLinkCheck@2] INFO  c.b.v2.framework.TestNgFramework - trackEvent: found instance, testFrameworkState=TestFrameworkState.LOG hookState=HookState.PRE instance=-145147973
11:49:01.616 [TC_HyperLinkCheck@2] INFO  c.b.v2.framework.TestNgFramework - trackEvent: load log entries
11:49:01.618 [TC_HyperLinkCheck@2] INFO  c.b.v2.module.TestHubModule - sendLogCreatedEvent: event=com.browserstack.v2.eventBus.Event@379636f0, response=success: true

11:49:01.618 [TC_HyperLinkCheck@2] INFO  c.b.v2.module.TestHubModule - sendLogCreatedEvent: event=com.browserstack.v2.eventBus.Event@379636f0
11:49:01.619 [TC_HyperLinkCheck@2] INFO  c.b.v2.module.WebdriverModule - beforeCommandExecute: event=com.browserstack.v2.eventBus.Event@8101238
11:49:01.705 [TC_HyperLinkCheck@2] INFO  c.b.v2.module.WebdriverModule - afterCommandExecute: event=com.browserstack.v2.eventBus.Event@5bf901b3
11:49:01.874 [TC_HyperLinkCheck@1] INFO  c.b.v2.framework.TestNgFramework - trackEvent: found instance, testFrameworkState=TestFrameworkState.LOG hookState=HookState.PRE instance=-145148935
11:49:01.874 [TC_HyperLinkCheck@1] INFO  c.b.v2.framework.TestNgFramework - trackEvent: load log entries
11:49:01.877 [TC_HyperLinkCheck@1] INFO  c.b.v2.module.TestHubModule - sendLogCreatedEvent: event=com.browserstack.v2.eventBus.Event@2d6d3abd, response=success: true

11:49:01.877 [TC_HyperLinkCheck@1] INFO  c.b.v2.module.TestHubModule - sendLogCreatedEvent: event=com.browserstack.v2.eventBus.Event@2d6d3abd
11:49:01.878 [TC_HyperLinkCheck@1] INFO  c.b.v2.module.WebdriverModule - beforeCommandExecute: event=com.browserstack.v2.eventBus.Event@41d66dfc
11:49:01.936 [TC_HyperLinkCheck@1] INFO  c.b.v2.module.WebdriverModule - afterCommandExecute: event=com.browserstack.v2.eventBus.Event@5289e93f
11:49:02.116 [TC_HyperLinkCheck@2] INFO  c.b.v2.framework.TestNgFramework - trackEvent: found instance, testFrameworkState=TestFrameworkState.LOG hookState=HookState.PRE instance=-145147973
11:49:02.116 [TC_HyperLinkCheck@2] INFO  c.b.v2.framework.TestNgFramework - trackEvent: load log entries
11:49:02.118 [TC_HyperLinkCheck@2] INFO  c.b.v2.module.TestHubModule - sendLogCreatedEvent: event=com.browserstack.v2.eventBus.Event@5ceff0a9, response=success: true

11:49:02.118 [TC_HyperLinkCheck@2] INFO  c.b.v2.module.TestHubModule - sendLogCreatedEvent: event=com.browserstack.v2.eventBus.Event@5ceff0a9
11:49:02.119 [TC_HyperLinkCheck@2] INFO  c.b.v2.module.WebdriverModule - beforeCommandExecute: event=com.browserstack.v2.eventBus.Event@133e3631
11:49:02.221 [TC_HyperLinkCheck@2] INFO  c.b.v2.module.WebdriverModule - afterCommandExecute: event=com.browserstack.v2.eventBus.Event@3a6e6109
11:49:02.365 [TC_HyperLinkCheck@1] INFO  c.b.v2.framework.TestNgFramework - trackEvent: found instance, testFrameworkState=TestFrameworkState.LOG hookState=HookState.PRE instance=-145148935
11:49:02.365 [TC_HyperLinkCheck@1] INFO  c.b.v2.framework.TestNgFramework - trackEvent: load log entries
11:49:02.367 [TC_HyperLinkCheck@1] INFO  c.b.v2.module.TestHubModule - sendLogCreatedEvent: event=com.browserstack.v2.eventBus.Event@4a4cdce4, response=success: true

11:49:02.367 [TC_HyperLinkCheck@1] INFO  c.b.v2.module.TestHubModule - sendLogCreatedEvent: event=com.browserstack.v2.eventBus.Event@4a4cdce4
11:49:02.368 [TC_HyperLinkCheck@1] INFO  c.b.v2.module.WebdriverModule - beforeCommandExecute: event=com.browserstack.v2.eventBus.Event@4427aed5
11:49:02.432 [TC_HyperLinkCheck@1] INFO  c.b.v2.module.WebdriverModule - afterCommandExecute: event=com.browserstack.v2.eventBus.Event@3bbb8d6
11:49:02.462 [TC_HyperLinkCheck@2] INFO  c.b.v2.framework.TestNgFramework - trackEvent: found instance, testFrameworkState=TestFrameworkState.LOG hookState=HookState.PRE instance=-145147973
11:49:02.462 [TC_HyperLinkCheck@2] INFO  c.b.v2.framework.TestNgFramework - trackEvent: load log entries
11:49:02.464 [TC_HyperLinkCheck@2] INFO  c.b.v2.module.TestHubModule - sendLogCreatedEvent: event=com.browserstack.v2.eventBus.Event@195c453e, response=success: true

11:49:02.464 [TC_HyperLinkCheck@2] INFO  c.b.v2.module.TestHubModule - sendLogCreatedEvent: event=com.browserstack.v2.eventBus.Event@195c453e
11:49:02.466 [TC_HyperLinkCheck@2] INFO  c.b.v2.module.WebdriverModule - beforeCommandExecute: event=com.browserstack.v2.eventBus.Event@5c1e428f
11:49:02.545 [TC_HyperLinkCheck@2] INFO  c.b.v2.module.WebdriverModule - afterCommandExecute: event=com.browserstack.v2.eventBus.Event@242c624e
11:49:02.830 [TC_HyperLinkCheck@1] INFO  c.b.v2.framework.TestNgFramework - trackEvent: found instance, testFrameworkState=TestFrameworkState.LOG hookState=HookState.PRE instance=-145148935
11:49:02.830 [TC_HyperLinkCheck@1] INFO  c.b.v2.framework.TestNgFramework - trackEvent: load log entries
11:49:02.832 [TC_HyperLinkCheck@1] INFO  c.b.v2.module.TestHubModule - sendLogCreatedEvent: event=com.browserstack.v2.eventBus.Event@768cb949, response=success: true

11:49:02.832 [TC_HyperLinkCheck@1] INFO  c.b.v2.module.TestHubModule - sendLogCreatedEvent: event=com.browserstack.v2.eventBus.Event@768cb949
11:49:02.833 [TC_HyperLinkCheck@1] INFO  c.b.v2.module.WebdriverModule - beforeCommandExecute: event=com.browserstack.v2.eventBus.Event@18a472c3
11:49:02.860 [TC_HyperLinkCheck@2] INFO  c.b.v2.framework.TestNgFramework - trackEvent: found instance, testFrameworkState=TestFrameworkState.LOG hookState=HookState.PRE instance=-145147973
11:49:02.860 [TC_HyperLinkCheck@2] INFO  c.b.v2.framework.TestNgFramework - trackEvent: load log entries
11:49:02.862 [TC_HyperLinkCheck@2] INFO  c.b.v2.module.TestHubModule - sendLogCreatedEvent: event=com.browserstack.v2.eventBus.Event@3c9d9ba3, response=success: true

11:49:02.863 [TC_HyperLinkCheck@2] INFO  c.b.v2.module.TestHubModule - sendLogCreatedEvent: event=com.browserstack.v2.eventBus.Event@3c9d9ba3
11:49:02.864 [TC_HyperLinkCheck@2] INFO  c.b.v2.module.WebdriverModule - beforeCommandExecute: event=com.browserstack.v2.eventBus.Event@261c3c66
11:49:02.896 [TC_HyperLinkCheck@1] INFO  c.b.v2.module.WebdriverModule - afterCommandExecute: event=com.browserstack.v2.eventBus.Event@21c99d0c
11:49:02.957 [TC_HyperLinkCheck@2] INFO  c.b.v2.module.WebdriverModule - afterCommandExecute: event=com.browserstack.v2.eventBus.Event@26b3ef03
11:49:03.203 [TC_HyperLinkCheck@1] INFO  c.b.v2.framework.TestNgFramework - trackEvent: found instance, testFrameworkState=TestFrameworkState.LOG hookState=HookState.PRE instance=-145148935
11:49:03.203 [TC_HyperLinkCheck@1] INFO  c.b.v2.framework.TestNgFramework - trackEvent: load log entries
11:49:03.205 [TC_HyperLinkCheck@1] INFO  c.b.v2.module.TestHubModule - sendLogCreatedEvent: event=com.browserstack.v2.eventBus.Event@4910386b, response=success: true

11:49:03.205 [TC_HyperLinkCheck@1] INFO  c.b.v2.module.TestHubModule - sendLogCreatedEvent: event=com.browserstack.v2.eventBus.Event@4910386b
11:49:03.206 [TC_HyperLinkCheck@1] INFO  c.b.v2.module.WebdriverModule - beforeCommandExecute: event=com.browserstack.v2.eventBus.Event@6a773cc
11:49:03.266 [TC_HyperLinkCheck@1] INFO  c.b.v2.module.WebdriverModule - afterCommandExecute: event=com.browserstack.v2.eventBus.Event@4506a93d
11:49:03.527 [TC_HyperLinkCheck@2] INFO  c.b.v2.framework.TestNgFramework - trackEvent: found instance, testFrameworkState=TestFrameworkState.LOG hookState=HookState.PRE instance=-145147973
11:49:03.527 [TC_HyperLinkCheck@2] INFO  c.b.v2.framework.TestNgFramework - trackEvent: load log entries
11:49:03.530 [TC_HyperLinkCheck@2] INFO  c.b.v2.module.TestHubModule - sendLogCreatedEvent: event=com.browserstack.v2.eventBus.Event@6e110059, response=success: true

11:49:03.530 [TC_HyperLinkCheck@2] INFO  c.b.v2.module.TestHubModule - sendLogCreatedEvent: event=com.browserstack.v2.eventBus.Event@6e110059
11:49:03.531 [TC_HyperLinkCheck@2] INFO  c.b.v2.module.WebdriverModule - beforeCommandExecute: event=com.browserstack.v2.eventBus.Event@6249efc3
11:49:03.600 [TC_HyperLinkCheck@1] INFO  c.b.v2.framework.TestNgFramework - trackEvent: found instance, testFrameworkState=TestFrameworkState.LOG hookState=HookState.PRE instance=-145148935
11:49:03.600 [TC_HyperLinkCheck@1] INFO  c.b.v2.framework.TestNgFramework - trackEvent: load log entries
11:49:03.602 [TC_HyperLinkCheck@1] INFO  c.b.v2.module.TestHubModule - sendLogCreatedEvent: event=com.browserstack.v2.eventBus.Event@6bf3c065, response=success: true

11:49:03.602 [TC_HyperLinkCheck@1] INFO  c.b.v2.module.TestHubModule - sendLogCreatedEvent: event=com.browserstack.v2.eventBus.Event@6bf3c065
11:49:03.603 [TC_HyperLinkCheck@1] INFO  c.b.v2.module.WebdriverModule - beforeCommandExecute: event=com.browserstack.v2.eventBus.Event@5c6837a5
11:49:03.630 [TC_HyperLinkCheck@2] INFO  c.b.v2.module.WebdriverModule - afterCommandExecute: event=com.browserstack.v2.eventBus.Event@7278e9f4
11:49:03.660 [TC_HyperLinkCheck@1] INFO  c.b.v2.module.WebdriverModule - afterCommandExecute: event=com.browserstack.v2.eventBus.Event@5b3a04ee
11:49:03.891 [TC_HyperLinkCheck@2] INFO  c.b.v2.framework.TestNgFramework - trackEvent: found instance, testFrameworkState=TestFrameworkState.LOG hookState=HookState.PRE instance=-145147973
11:49:03.891 [TC_HyperLinkCheck@2] INFO  c.b.v2.framework.TestNgFramework - trackEvent: load log entries
11:49:03.893 [TC_HyperLinkCheck@2] INFO  c.b.v2.module.TestHubModule - sendLogCreatedEvent: event=com.browserstack.v2.eventBus.Event@3de0c4ae, response=success: true

11:49:03.893 [TC_HyperLinkCheck@2] INFO  c.b.v2.module.TestHubModule - sendLogCreatedEvent: event=com.browserstack.v2.eventBus.Event@3de0c4ae
11:49:03.894 [TC_HyperLinkCheck@2] INFO  c.b.v2.module.WebdriverModule - beforeCommandExecute: event=com.browserstack.v2.eventBus.Event@41c7feaa
11:49:03.935 [TC_HyperLinkCheck@2] INFO  c.b.v2.module.WebdriverModule - afterCommandExecute: event=com.browserstack.v2.eventBus.Event@3de4d735
11:49:03.944 [TC_HyperLinkCheck@1] INFO  c.b.v2.framework.TestNgFramework - trackEvent: found instance, testFrameworkState=TestFrameworkState.LOG hookState=HookState.PRE instance=-145148935
11:49:03.944 [TC_HyperLinkCheck@1] INFO  c.b.v2.framework.TestNgFramework - trackEvent: load log entries
11:49:03.946 [TC_HyperLinkCheck@1] INFO  c.b.v2.module.TestHubModule - sendLogCreatedEvent: event=com.browserstack.v2.eventBus.Event@55e63bee, response=success: true

11:49:03.947 [TC_HyperLinkCheck@1] INFO  c.b.v2.module.TestHubModule - sendLogCreatedEvent: event=com.browserstack.v2.eventBus.Event@55e63bee
11:49:03.948 [TC_HyperLinkCheck@1] INFO  c.b.v2.module.WebdriverModule - beforeCommandExecute: event=com.browserstack.v2.eventBus.Event@7c60d8dd
11:49:04.015 [TC_HyperLinkCheck@1] INFO  c.b.v2.module.WebdriverModule - afterCommandExecute: event=com.browserstack.v2.eventBus.Event@535d968a
11:49:04.236 [TC_HyperLinkCheck@1] INFO  c.b.v2.framework.TestNgFramework - trackEvent: found instance, testFrameworkState=TestFrameworkState.LOG hookState=HookState.PRE instance=-145148935
11:49:04.236 [TC_HyperLinkCheck@1] INFO  c.b.v2.framework.TestNgFramework - trackEvent: load log entries
11:49:04.239 [TC_HyperLinkCheck@1] INFO  c.b.v2.module.TestHubModule - sendLogCreatedEvent: event=com.browserstack.v2.eventBus.Event@610cb162, response=success: true

11:49:04.239 [TC_HyperLinkCheck@1] INFO  c.b.v2.module.TestHubModule - sendLogCreatedEvent: event=com.browserstack.v2.eventBus.Event@610cb162
11:49:04.240 [TC_HyperLinkCheck@1] INFO  c.b.v2.module.WebdriverModule - beforeCommandExecute: event=com.browserstack.v2.eventBus.Event@45abef01
11:49:04.303 [TC_HyperLinkCheck@1] INFO  c.b.v2.module.WebdriverModule - afterCommandExecute: event=com.browserstack.v2.eventBus.Event@1c56adc3
11:49:04.360 [TC_HyperLinkCheck@2] INFO  c.b.v2.framework.TestNgFramework - trackEvent: found instance, testFrameworkState=TestFrameworkState.LOG hookState=HookState.PRE instance=-145147973
11:49:04.360 [TC_HyperLinkCheck@2] INFO  c.b.v2.framework.TestNgFramework - trackEvent: load log entries
11:49:04.363 [TC_HyperLinkCheck@2] INFO  c.b.v2.module.TestHubModule - sendLogCreatedEvent: event=com.browserstack.v2.eventBus.Event@6ed4a781, response=success: true

11:49:04.363 [TC_HyperLinkCheck@2] INFO  c.b.v2.module.TestHubModule - sendLogCreatedEvent: event=com.browserstack.v2.eventBus.Event@6ed4a781
11:49:04.364 [TC_HyperLinkCheck@2] INFO  c.b.v2.module.WebdriverModule - beforeCommandExecute: event=com.browserstack.v2.eventBus.Event@52b11ba8
11:49:04.467 [TC_HyperLinkCheck@2] INFO  c.b.v2.module.WebdriverModule - afterCommandExecute: event=com.browserstack.v2.eventBus.Event@334b3f7d
11:49:04.526 [TC_HyperLinkCheck@1] INFO  c.b.v2.framework.TestNgFramework - trackEvent: found instance, testFrameworkState=TestFrameworkState.LOG hookState=HookState.PRE instance=-145148935
11:49:04.526 [TC_HyperLinkCheck@1] INFO  c.b.v2.framework.TestNgFramework - trackEvent: load log entries
11:49:04.529 [TC_HyperLinkCheck@1] INFO  c.b.v2.module.TestHubModule - sendLogCreatedEvent: event=com.browserstack.v2.eventBus.Event@3d4eb089, response=success: true

11:49:04.530 [TC_HyperLinkCheck@1] INFO  c.b.v2.module.TestHubModule - sendLogCreatedEvent: event=com.browserstack.v2.eventBus.Event@3d4eb089
11:49:04.531 [TC_HyperLinkCheck@1] INFO  c.b.v2.module.WebdriverModule - beforeCommandExecute: event=com.browserstack.v2.eventBus.Event@34b1afee
11:49:04.594 [TC_HyperLinkCheck@1] INFO  c.b.v2.module.WebdriverModule - afterCommandExecute: event=com.browserstack.v2.eventBus.Event@6a8b0e4a
11:49:04.644 [TC_HyperLinkCheck@2] INFO  c.b.v2.framework.TestNgFramework - trackEvent: found instance, testFrameworkState=TestFrameworkState.LOG hookState=HookState.PRE instance=-145147973
11:49:04.644 [TC_HyperLinkCheck@2] INFO  c.b.v2.framework.TestNgFramework - trackEvent: load log entries
11:49:04.645 [TC_HyperLinkCheck@2] INFO  c.b.v2.module.TestHubModule - sendLogCreatedEvent: event=com.browserstack.v2.eventBus.Event@7c1885cd, response=success: true

11:49:04.646 [TC_HyperLinkCheck@2] INFO  c.b.v2.module.TestHubModule - sendLogCreatedEvent: event=com.browserstack.v2.eventBus.Event@7c1885cd
11:49:04.647 [TC_HyperLinkCheck@2] INFO  c.b.v2.module.WebdriverModule - beforeCommandExecute: event=com.browserstack.v2.eventBus.Event@10e53151
11:49:04.733 [TC_HyperLinkCheck@1] INFO  c.b.v2.framework.TestNgFramework - trackEvent: found instance, testFrameworkState=TestFrameworkState.LOG hookState=HookState.PRE instance=-145148935
11:49:04.733 [TC_HyperLinkCheck@1] INFO  c.b.v2.framework.TestNgFramework - trackEvent: load log entries
11:49:04.735 [TC_HyperLinkCheck@1] INFO  c.b.v2.module.TestHubModule - sendLogCreatedEvent: event=com.browserstack.v2.eventBus.Event@5c06e9c0, response=success: true

11:49:04.735 [TC_HyperLinkCheck@1] INFO  c.b.v2.module.TestHubModule - sendLogCreatedEvent: event=com.browserstack.v2.eventBus.Event@5c06e9c0
11:49:04.736 [TC_HyperLinkCheck@1] INFO  c.b.v2.module.WebdriverModule - beforeCommandExecute: event=com.browserstack.v2.eventBus.Event@79e20e8b
11:49:04.744 [TC_HyperLinkCheck@2] INFO  c.b.v2.module.WebdriverModule - afterCommandExecute: event=com.browserstack.v2.eventBus.Event@64486561
11:49:04.797 [TC_HyperLinkCheck@1] INFO  c.b.v2.module.WebdriverModule - afterCommandExecute: event=com.browserstack.v2.eventBus.Event@37002718
11:49:04.906 [TC_HyperLinkCheck@2] INFO  c.b.v2.framework.TestNgFramework - trackEvent: found instance, testFrameworkState=TestFrameworkState.LOG hookState=HookState.PRE instance=-145147973
11:49:04.907 [TC_HyperLinkCheck@2] INFO  c.b.v2.framework.TestNgFramework - trackEvent: load log entries
11:49:04.910 [TC_HyperLinkCheck@2] INFO  c.b.v2.module.TestHubModule - sendLogCreatedEvent: event=com.browserstack.v2.eventBus.Event@3cffb8c4, response=success: true

11:49:04.910 [TC_HyperLinkCheck@2] INFO  c.b.v2.module.TestHubModule - sendLogCreatedEvent: event=com.browserstack.v2.eventBus.Event@3cffb8c4
11:49:04.911 [TC_HyperLinkCheck@2] INFO  c.b.v2.module.WebdriverModule - beforeCommandExecute: event=com.browserstack.v2.eventBus.Event@34561bdb
11:49:05.009 [TC_HyperLinkCheck@2] INFO  c.b.v2.module.WebdriverModule - afterCommandExecute: event=com.browserstack.v2.eventBus.Event@719025f9
11:49:05.014 [TC_HyperLinkCheck@1] INFO  c.b.v2.framework.TestNgFramework - trackEvent: found instance, testFrameworkState=TestFrameworkState.LOG hookState=HookState.PRE instance=-145148935
11:49:05.014 [TC_HyperLinkCheck@1] INFO  c.b.v2.framework.TestNgFramework - trackEvent: load log entries
11:49:05.016 [TC_HyperLinkCheck@1] INFO  c.b.v2.module.TestHubModule - sendLogCreatedEvent: event=com.browserstack.v2.eventBus.Event@49644739, response=success: true

11:49:05.016 [TC_HyperLinkCheck@1] INFO  c.b.v2.module.TestHubModule - sendLogCreatedEvent: event=com.browserstack.v2.eventBus.Event@49644739
11:49:05.017 [TC_HyperLinkCheck@1] INFO  c.b.v2.module.WebdriverModule - beforeCommandExecute: event=com.browserstack.v2.eventBus.Event@6d8ddd23
11:49:05.078 [TC_HyperLinkCheck@1] INFO  c.b.v2.module.WebdriverModule - afterCommandExecute: event=com.browserstack.v2.eventBus.Event@6789a8e
11:49:05.152 [TC_HyperLinkCheck@2] INFO  c.b.v2.framework.TestNgFramework - trackEvent: found instance, testFrameworkState=TestFrameworkState.LOG hookState=HookState.PRE instance=-145147973
11:49:05.152 [TC_HyperLinkCheck@2] INFO  c.b.v2.framework.TestNgFramework - trackEvent: load log entries
11:49:05.154 [TC_HyperLinkCheck@2] INFO  c.b.v2.module.TestHubModule - sendLogCreatedEvent: event=com.browserstack.v2.eventBus.Event@5668de94, response=success: true

11:49:05.154 [TC_HyperLinkCheck@2] INFO  c.b.v2.module.TestHubModule - sendLogCreatedEvent: event=com.browserstack.v2.eventBus.Event@5668de94
11:49:05.155 [TC_HyperLinkCheck@2] INFO  c.b.v2.module.WebdriverModule - beforeCommandExecute: event=com.browserstack.v2.eventBus.Event@442a308c
11:49:05.236 [TC_HyperLinkCheck@1] INFO  c.b.v2.framework.TestNgFramework - trackEvent: found instance, testFrameworkState=TestFrameworkState.LOG hookState=HookState.PRE instance=-145148935
11:49:05.236 [TC_HyperLinkCheck@1] INFO  c.b.v2.framework.TestNgFramework - trackEvent: load log entries
11:49:05.239 [TC_HyperLinkCheck@1] INFO  c.b.v2.module.TestHubModule - sendLogCreatedEvent: event=com.browserstack.v2.eventBus.Event@517889b9, response=success: true

11:49:05.239 [TC_HyperLinkCheck@1] INFO  c.b.v2.module.TestHubModule - sendLogCreatedEvent: event=com.browserstack.v2.eventBus.Event@517889b9
11:49:05.241 [TC_HyperLinkCheck@1] INFO  c.b.v2.module.WebdriverModule - beforeCommandExecute: event=com.browserstack.v2.eventBus.Event@74d18879
11:49:05.259 [TC_HyperLinkCheck@2] INFO  c.b.v2.module.WebdriverModule - afterCommandExecute: event=com.browserstack.v2.eventBus.Event@51789d23
11:49:05.309 [TC_HyperLinkCheck@1] INFO  c.b.v2.module.WebdriverModule - afterCommandExecute: event=com.browserstack.v2.eventBus.Event@2c22596e
11:49:05.399 [TC_HyperLinkCheck@2] INFO  c.b.v2.framework.TestNgFramework - trackEvent: found instance, testFrameworkState=TestFrameworkState.LOG hookState=HookState.PRE instance=-145147973
11:49:05.399 [TC_HyperLinkCheck@2] INFO  c.b.v2.framework.TestNgFramework - trackEvent: load log entries
11:49:05.401 [TC_HyperLinkCheck@2] INFO  c.b.v2.module.TestHubModule - sendLogCreatedEvent: event=com.browserstack.v2.eventBus.Event@610f01a0, response=success: true

11:49:05.401 [TC_HyperLinkCheck@2] INFO  c.b.v2.module.TestHubModule - sendLogCreatedEvent: event=com.browserstack.v2.eventBus.Event@610f01a0
11:49:05.402 [TC_HyperLinkCheck@2] INFO  c.b.v2.module.WebdriverModule - beforeCommandExecute: event=com.browserstack.v2.eventBus.Event@5cf13cad
11:49:05.489 [TC_HyperLinkCheck@1] INFO  c.b.v2.framework.TestNgFramework - trackEvent: found instance, testFrameworkState=TestFrameworkState.LOG hookState=HookState.PRE instance=-145148935
11:49:05.489 [TC_HyperLinkCheck@1] INFO  c.b.v2.framework.TestNgFramework - trackEvent: load log entries
11:49:05.492 [TC_HyperLinkCheck@1] INFO  c.b.v2.module.TestHubModule - sendLogCreatedEvent: event=com.browserstack.v2.eventBus.Event@5a1530ee, response=success: true

11:49:05.492 [TC_HyperLinkCheck@1] INFO  c.b.v2.module.TestHubModule - sendLogCreatedEvent: event=com.browserstack.v2.eventBus.Event@5a1530ee
11:49:05.494 [TC_HyperLinkCheck@1] INFO  c.b.v2.module.WebdriverModule - beforeCommandExecute: event=com.browserstack.v2.eventBus.Event@3e1fb7b
11:49:05.497 [TC_HyperLinkCheck@2] INFO  c.b.v2.module.WebdriverModule - afterCommandExecute: event=com.browserstack.v2.eventBus.Event@18ea272c
11:49:05.560 [TC_HyperLinkCheck@1] INFO  c.b.v2.module.WebdriverModule - afterCommandExecute: event=com.browserstack.v2.eventBus.Event@19730f75
11:49:05.651 [TC_HyperLinkCheck@2] INFO  c.b.v2.framework.TestNgFramework - trackEvent: found instance, testFrameworkState=TestFrameworkState.LOG hookState=HookState.PRE instance=-145147973
11:49:05.651 [TC_HyperLinkCheck@2] INFO  c.b.v2.framework.TestNgFramework - trackEvent: load log entries
11:49:05.652 [TC_HyperLinkCheck@2] INFO  c.b.v2.module.TestHubModule - sendLogCreatedEvent: event=com.browserstack.v2.eventBus.Event@4cd76a20, response=success: true

11:49:05.652 [TC_HyperLinkCheck@2] INFO  c.b.v2.module.TestHubModule - sendLogCreatedEvent: event=com.browserstack.v2.eventBus.Event@4cd76a20
11:49:05.654 [TC_HyperLinkCheck@2] INFO  c.b.v2.module.WebdriverModule - beforeCommandExecute: event=com.browserstack.v2.eventBus.Event@6f516cfe
11:49:05.709 [TC_HyperLinkCheck@1] INFO  c.b.v2.framework.TestNgFramework - trackEvent: found instance, testFrameworkState=TestFrameworkState.LOG hookState=HookState.PRE instance=-145148935
11:49:05.709 [TC_HyperLinkCheck@1] INFO  c.b.v2.framework.TestNgFramework - trackEvent: load log entries
11:49:05.711 [TC_HyperLinkCheck@1] INFO  c.b.v2.module.TestHubModule - sendLogCreatedEvent: event=com.browserstack.v2.eventBus.Event@78a0f461, response=success: true

11:49:05.711 [TC_HyperLinkCheck@1] INFO  c.b.v2.module.TestHubModule - sendLogCreatedEvent: event=com.browserstack.v2.eventBus.Event@78a0f461
11:49:05.712 [TC_HyperLinkCheck@1] INFO  c.b.v2.module.WebdriverModule - beforeCommandExecute: event=com.browserstack.v2.eventBus.Event@536683f5
11:49:05.755 [TC_HyperLinkCheck@2] INFO  c.b.v2.module.WebdriverModule - afterCommandExecute: event=com.browserstack.v2.eventBus.Event@e19be9f
11:49:05.776 [TC_HyperLinkCheck@1] INFO  c.b.v2.module.WebdriverModule - afterCommandExecute: event=com.browserstack.v2.eventBus.Event@3b9b832e
11:49:05.905 [TC_HyperLinkCheck@2] INFO  c.b.v2.framework.TestNgFramework - trackEvent: found instance, testFrameworkState=TestFrameworkState.LOG hookState=HookState.PRE instance=-145147973
11:49:05.905 [TC_HyperLinkCheck@2] INFO  c.b.v2.framework.TestNgFramework - trackEvent: load log entries
11:49:05.908 [TC_HyperLinkCheck@2] INFO  c.b.v2.module.TestHubModule - sendLogCreatedEvent: event=com.browserstack.v2.eventBus.Event@1e9f644b, response=success: true

11:49:05.908 [TC_HyperLinkCheck@2] INFO  c.b.v2.module.TestHubModule - sendLogCreatedEvent: event=com.browserstack.v2.eventBus.Event@1e9f644b
11:49:05.910 [TC_HyperLinkCheck@2] INFO  c.b.v2.module.WebdriverModule - beforeCommandExecute: event=com.browserstack.v2.eventBus.Event@730f50d8
11:49:06.010 [TC_HyperLinkCheck@2] INFO  c.b.v2.module.WebdriverModule - afterCommandExecute: event=com.browserstack.v2.eventBus.Event@74744ef2
11:49:06.052 [TC_HyperLinkCheck@1] INFO  c.b.v2.framework.TestNgFramework - trackEvent: found instance, testFrameworkState=TestFrameworkState.LOG hookState=HookState.PRE instance=-145148935
11:49:06.052 [TC_HyperLinkCheck@1] INFO  c.b.v2.framework.TestNgFramework - trackEvent: load log entries
11:49:06.054 [TC_HyperLinkCheck@1] INFO  c.b.v2.module.TestHubModule - sendLogCreatedEvent: event=com.browserstack.v2.eventBus.Event@5020aa80, response=success: true

11:49:06.054 [TC_HyperLinkCheck@1] INFO  c.b.v2.module.TestHubModule - sendLogCreatedEvent: event=com.browserstack.v2.eventBus.Event@5020aa80
11:49:06.055 [TC_HyperLinkCheck@1] INFO  c.b.v2.module.WebdriverModule - beforeCommandExecute: event=com.browserstack.v2.eventBus.Event@14584148
11:49:06.118 [TC_HyperLinkCheck@1] INFO  c.b.v2.module.WebdriverModule - afterCommandExecute: event=com.browserstack.v2.eventBus.Event@5e1f7f7b
11:49:06.249 [TC_HyperLinkCheck@1] INFO  c.b.v2.framework.TestNgFramework - trackEvent: found instance, testFrameworkState=TestFrameworkState.LOG hookState=HookState.PRE instance=-145148935
11:49:06.249 [TC_HyperLinkCheck@1] INFO  c.b.v2.framework.TestNgFramework - trackEvent: load log entries
11:49:06.252 [TC_HyperLinkCheck@1] INFO  c.b.v2.module.TestHubModule - sendLogCreatedEvent: event=com.browserstack.v2.eventBus.Event@20ed739b, response=success: true

11:49:06.252 [TC_HyperLinkCheck@1] INFO  c.b.v2.module.TestHubModule - sendLogCreatedEvent: event=com.browserstack.v2.eventBus.Event@20ed739b
11:49:06.253 [TC_HyperLinkCheck@1] INFO  c.b.v2.module.WebdriverModule - beforeCommandExecute: event=com.browserstack.v2.eventBus.Event@5d8b59e8
11:49:06.316 [TC_HyperLinkCheck@2] INFO  c.b.v2.framework.TestNgFramework - trackEvent: found instance, testFrameworkState=TestFrameworkState.LOG hookState=HookState.PRE instance=-145147973
11:49:06.316 [TC_HyperLinkCheck@2] INFO  c.b.v2.framework.TestNgFramework - trackEvent: load log entries
11:49:06.318 [TC_HyperLinkCheck@2] INFO  c.b.v2.module.TestHubModule - sendLogCreatedEvent: event=com.browserstack.v2.eventBus.Event@2c0ea52, response=success: true

11:49:06.318 [TC_HyperLinkCheck@2] INFO  c.b.v2.module.TestHubModule - sendLogCreatedEvent: event=com.browserstack.v2.eventBus.Event@2c0ea52
11:49:06.319 [TC_HyperLinkCheck@2] INFO  c.b.v2.module.WebdriverModule - beforeCommandExecute: event=com.browserstack.v2.eventBus.Event@19e0fd2c
11:49:06.321 [TC_HyperLinkCheck@1] INFO  c.b.v2.module.WebdriverModule - afterCommandExecute: event=com.browserstack.v2.eventBus.Event@514fd75f
11:49:06.415 [TC_HyperLinkCheck@2] INFO  c.b.v2.module.WebdriverModule - afterCommandExecute: event=com.browserstack.v2.eventBus.Event@4105cbbb
11:49:06.444 [TC_HyperLinkCheck@1] INFO  c.b.v2.framework.TestNgFramework - trackEvent: found instance, testFrameworkState=TestFrameworkState.LOG hookState=HookState.PRE instance=-145148935
11:49:06.444 [TC_HyperLinkCheck@1] INFO  c.b.v2.framework.TestNgFramework - trackEvent: load log entries
11:49:06.448 [TC_HyperLinkCheck@1] INFO  c.b.v2.module.TestHubModule - sendLogCreatedEvent: event=com.browserstack.v2.eventBus.Event@5913b4a8, response=success: true

11:49:06.448 [TC_HyperLinkCheck@1] INFO  c.b.v2.module.TestHubModule - sendLogCreatedEvent: event=com.browserstack.v2.eventBus.Event@5913b4a8
11:49:06.450 [TC_HyperLinkCheck@1] INFO  c.b.v2.module.WebdriverModule - beforeCommandExecute: event=com.browserstack.v2.eventBus.Event@5e8a0539
11:49:06.514 [TC_HyperLinkCheck@1] INFO  c.b.v2.module.WebdriverModule - afterCommandExecute: event=com.browserstack.v2.eventBus.Event@41851ba9
11:49:06.576 [TC_HyperLinkCheck@2] INFO  c.b.v2.framework.TestNgFramework - trackEvent: found instance, testFrameworkState=TestFrameworkState.LOG hookState=HookState.PRE instance=-145147973
11:49:06.576 [TC_HyperLinkCheck@2] INFO  c.b.v2.framework.TestNgFramework - trackEvent: load log entries
11:49:06.581 [TC_HyperLinkCheck@2] INFO  c.b.v2.module.TestHubModule - sendLogCreatedEvent: event=com.browserstack.v2.eventBus.Event@72afe11d, response=success: true

11:49:06.581 [TC_HyperLinkCheck@2] INFO  c.b.v2.module.TestHubModule - sendLogCreatedEvent: event=com.browserstack.v2.eventBus.Event@72afe11d
11:49:06.583 [TC_HyperLinkCheck@2] INFO  c.b.v2.module.WebdriverModule - beforeCommandExecute: event=com.browserstack.v2.eventBus.Event@432c5138
11:49:06.623 [setup@0] INFO  c.b.v2.module.WebdriverModule - afterCommandExecute: event=com.browserstack.v2.eventBus.Event@7145bbe3
11:49:06.623 [setup@0] INFO  c.b.v2.framework.SeleniumFramework - trackSeleniumTest: saved instance contextId=-1599753585 target=17792:65 instances=[-1599753583, -1599753584, -1599753585]
11:49:06.623 [setup@0] INFO  c.b.v2.module.WebdriverModule - onDriverCreated: event=com.browserstack.v2.eventBus.Event@12cb63be
11:49:06.623 [setup@0] INFO  c.b.v2.module.WebdriverModule - Found session id=376bf6266466af189935b89ce6daf512e4f194e6 for instance=com.browserstack.v2.instance.AutomationFrameworkInstance@1d1749
11:49:06.623 [setup@0] INFO  c.b.v2.module.WebdriverModule - Driver added successfully to automationFramework
11:49:06.640 [setup@0] INFO  c.b.v2.module.WebdriverModule - beforeCommandExecute: event=com.browserstack.v2.eventBus.Event@71dbfa9
11:49:06.640 [setup@0] INFO  c.b.v2.module.WebdriverModule - beforeCommandExecute: event=com.browserstack.v2.eventBus.Event@de1d055
11:49:06.653 [TC_HyperLinkCheck@2] INFO  c.b.v2.module.WebdriverModule - afterCommandExecute: event=com.browserstack.v2.eventBus.Event@666446bf
11:49:06.670 [setup@0] INFO  c.b.v2.module.WebdriverModule - afterCommandExecute: event=com.browserstack.v2.eventBus.Event@16914c18
11:49:06.670 [setup@0] INFO  c.b.v2.module.WebdriverModule - afterCommandExecute: event=com.browserstack.v2.eventBus.Event@4e0fb17a
11:49:06.670 [setup@0] INFO  c.b.v2.module.WebdriverModule - beforeCommandExecute: event=com.browserstack.v2.eventBus.Event@6b38279c
11:49:06.674 [TC_HyperLinkCheck@1] INFO  c.b.v2.framework.TestNgFramework - trackEvent: found instance, testFrameworkState=TestFrameworkState.LOG hookState=HookState.PRE instance=-145148935
11:49:06.675 [TC_HyperLinkCheck@1] INFO  c.b.v2.framework.TestNgFramework - trackEvent: load log entries
11:49:06.678 [TC_HyperLinkCheck@1] INFO  c.b.v2.module.TestHubModule - sendLogCreatedEvent: event=com.browserstack.v2.eventBus.Event@4b7bb6f2, response=success: true

11:49:06.678 [TC_HyperLinkCheck@1] INFO  c.b.v2.module.TestHubModule - sendLogCreatedEvent: event=com.browserstack.v2.eventBus.Event@4b7bb6f2
11:49:06.679 [TC_HyperLinkCheck@1] INFO  c.b.v2.module.WebdriverModule - beforeCommandExecute: event=com.browserstack.v2.eventBus.Event@6757ffef
11:49:06.692 [setup@0] INFO  c.b.v2.module.WebdriverModule - afterCommandExecute: event=com.browserstack.v2.eventBus.Event@8aaddff
11:49:06.692 [setup@0] INFO  c.b.v2.module.WebdriverModule - beforeCommandExecute: event=com.browserstack.v2.eventBus.Event@2206103e
11:49:06.747 [TC_HyperLinkCheck@1] INFO  c.b.v2.module.WebdriverModule - afterCommandExecute: event=com.browserstack.v2.eventBus.Event@4084506c
11:49:06.797 [TC_HyperLinkCheck@2] INFO  c.b.v2.framework.TestNgFramework - trackEvent: found instance, testFrameworkState=TestFrameworkState.LOG hookState=HookState.PRE instance=-145147973
11:49:06.797 [TC_HyperLinkCheck@2] INFO  c.b.v2.framework.TestNgFramework - trackEvent: load log entries
11:49:06.800 [TC_HyperLinkCheck@2] INFO  c.b.v2.module.TestHubModule - sendLogCreatedEvent: event=com.browserstack.v2.eventBus.Event@71483390, response=success: true

11:49:06.800 [TC_HyperLinkCheck@2] INFO  c.b.v2.module.TestHubModule - sendLogCreatedEvent: event=com.browserstack.v2.eventBus.Event@71483390
11:49:06.802 [TC_HyperLinkCheck@2] INFO  c.b.v2.module.WebdriverModule - beforeCommandExecute: event=com.browserstack.v2.eventBus.Event@4a1c2ea1
11:49:06.865 [TC_HyperLinkCheck@2] INFO  c.b.v2.module.WebdriverModule - afterCommandExecute: event=com.browserstack.v2.eventBus.Event@576cc46c
11:49:06.872 [TC_HyperLinkCheck@1] INFO  c.b.v2.framework.TestNgFramework - trackEvent: found instance, testFrameworkState=TestFrameworkState.LOG hookState=HookState.PRE instance=-145148935
11:49:06.872 [TC_HyperLinkCheck@1] INFO  c.b.v2.framework.TestNgFramework - trackEvent: load log entries
11:49:06.874 [TC_HyperLinkCheck@1] INFO  c.b.v2.module.TestHubModule - sendLogCreatedEvent: event=com.browserstack.v2.eventBus.Event@253689f9, response=success: true

11:49:06.874 [TC_HyperLinkCheck@1] INFO  c.b.v2.module.TestHubModule - sendLogCreatedEvent: event=com.browserstack.v2.eventBus.Event@253689f9
11:49:06.875 [TC_HyperLinkCheck@1] INFO  c.b.v2.module.WebdriverModule - beforeCommandExecute: event=com.browserstack.v2.eventBus.Event@502abfd3
11:49:06.943 [TC_HyperLinkCheck@1] INFO  c.b.v2.module.WebdriverModule - afterCommandExecute: event=com.browserstack.v2.eventBus.Event@50daa941
11:49:07.097 [TC_HyperLinkCheck@2] INFO  c.b.v2.framework.TestNgFramework - trackEvent: found instance, testFrameworkState=TestFrameworkState.LOG hookState=HookState.PRE instance=-145147973
11:49:07.097 [TC_HyperLinkCheck@2] INFO  c.b.v2.framework.TestNgFramework - trackEvent: load log entries
11:49:07.100 [TC_HyperLinkCheck@2] INFO  c.b.v2.module.TestHubModule - sendLogCreatedEvent: event=com.browserstack.v2.eventBus.Event@63f5d7b4, response=success: true

11:49:07.100 [TC_HyperLinkCheck@2] INFO  c.b.v2.module.TestHubModule - sendLogCreatedEvent: event=com.browserstack.v2.eventBus.Event@63f5d7b4
11:49:07.101 [TC_HyperLinkCheck@2] INFO  c.b.v2.module.WebdriverModule - beforeCommandExecute: event=com.browserstack.v2.eventBus.Event@141e4ecb
11:49:07.190 [TC_HyperLinkCheck@2] INFO  c.b.v2.module.WebdriverModule - afterCommandExecute: event=com.browserstack.v2.eventBus.Event@75756cce
11:49:07.218 [TC_HyperLinkCheck@1] INFO  c.b.v2.framework.TestNgFramework - trackEvent: found instance, testFrameworkState=TestFrameworkState.LOG hookState=HookState.PRE instance=-145148935
11:49:07.218 [TC_HyperLinkCheck@1] INFO  c.b.v2.framework.TestNgFramework - trackEvent: load log entries
11:49:07.220 [TC_HyperLinkCheck@1] INFO  c.b.v2.module.TestHubModule - sendLogCreatedEvent: event=com.browserstack.v2.eventBus.Event@533693fe, response=success: true

11:49:07.220 [TC_HyperLinkCheck@1] INFO  c.b.v2.module.TestHubModule - sendLogCreatedEvent: event=com.browserstack.v2.eventBus.Event@533693fe
11:49:07.221 [TC_HyperLinkCheck@1] INFO  c.b.v2.module.WebdriverModule - beforeCommandExecute: event=com.browserstack.v2.eventBus.Event@42bb0ede
11:49:07.289 [TC_HyperLinkCheck@1] INFO  c.b.v2.module.WebdriverModule - afterCommandExecute: event=com.browserstack.v2.eventBus.Event@13265dd7
11:49:07.324 [TC_HyperLinkCheck@2] INFO  c.b.v2.framework.TestNgFramework - trackEvent: found instance, testFrameworkState=TestFrameworkState.LOG hookState=HookState.PRE instance=-145147973
11:49:07.324 [TC_HyperLinkCheck@2] INFO  c.b.v2.framework.TestNgFramework - trackEvent: load log entries
11:49:07.326 [TC_HyperLinkCheck@2] INFO  c.b.v2.module.TestHubModule - sendLogCreatedEvent: event=com.browserstack.v2.eventBus.Event@69d618e4, response=success: true

11:49:07.326 [TC_HyperLinkCheck@2] INFO  c.b.v2.module.TestHubModule - sendLogCreatedEvent: event=com.browserstack.v2.eventBus.Event@69d618e4
11:49:07.328 [TC_HyperLinkCheck@2] INFO  c.b.v2.module.WebdriverModule - beforeCommandExecute: event=com.browserstack.v2.eventBus.Event@119c87ed
11:49:07.416 [TC_HyperLinkCheck@1] INFO  c.b.v2.framework.TestNgFramework - trackEvent: found instance, testFrameworkState=TestFrameworkState.LOG hookState=HookState.PRE instance=-145148935
11:49:07.416 [TC_HyperLinkCheck@1] INFO  c.b.v2.framework.TestNgFramework - trackEvent: load log entries
11:49:07.419 [TC_HyperLinkCheck@1] INFO  c.b.v2.module.TestHubModule - sendLogCreatedEvent: event=com.browserstack.v2.eventBus.Event@551b8489, response=success: true

11:49:07.419 [TC_HyperLinkCheck@1] INFO  c.b.v2.module.TestHubModule - sendLogCreatedEvent: event=com.browserstack.v2.eventBus.Event@551b8489
11:49:07.420 [TC_HyperLinkCheck@1] INFO  c.b.v2.module.WebdriverModule - beforeCommandExecute: event=com.browserstack.v2.eventBus.Event@20f4300
11:49:07.444 [TC_HyperLinkCheck@2] INFO  c.b.v2.module.WebdriverModule - afterCommandExecute: event=com.browserstack.v2.eventBus.Event@2ad3d579
11:49:07.486 [TC_HyperLinkCheck@1] INFO  c.b.v2.module.WebdriverModule - afterCommandExecute: event=com.browserstack.v2.eventBus.Event@3b7bb66f
11:49:07.611 [TC_HyperLinkCheck@2] INFO  c.b.v2.framework.TestNgFramework - trackEvent: found instance, testFrameworkState=TestFrameworkState.LOG hookState=HookState.PRE instance=-145147973
11:49:07.611 [TC_HyperLinkCheck@2] INFO  c.b.v2.framework.TestNgFramework - trackEvent: load log entries
11:49:07.614 [TC_HyperLinkCheck@2] INFO  c.b.v2.module.TestHubModule - sendLogCreatedEvent: event=com.browserstack.v2.eventBus.Event@5e6159cd, response=success: true

11:49:07.614 [TC_HyperLinkCheck@2] INFO  c.b.v2.module.TestHubModule - sendLogCreatedEvent: event=com.browserstack.v2.eventBus.Event@5e6159cd
11:49:07.615 [TC_HyperLinkCheck@2] INFO  c.b.v2.module.WebdriverModule - beforeCommandExecute: event=com.browserstack.v2.eventBus.Event@37ba0fc7
11:49:07.707 [TC_HyperLinkCheck@2] INFO  c.b.v2.module.WebdriverModule - afterCommandExecute: event=com.browserstack.v2.eventBus.Event@3bf03f2b
11:49:07.897 [TC_HyperLinkCheck@2] INFO  c.b.v2.framework.TestNgFramework - trackEvent: found instance, testFrameworkState=TestFrameworkState.LOG hookState=HookState.PRE instance=-145147973
11:49:07.897 [TC_HyperLinkCheck@2] INFO  c.b.v2.framework.TestNgFramework - trackEvent: load log entries
11:49:07.900 [TC_HyperLinkCheck@2] INFO  c.b.v2.module.TestHubModule - sendLogCreatedEvent: event=com.browserstack.v2.eventBus.Event@6c09bf30, response=success: true

11:49:07.900 [TC_HyperLinkCheck@2] INFO  c.b.v2.module.TestHubModule - sendLogCreatedEvent: event=com.browserstack.v2.eventBus.Event@6c09bf30
11:49:07.902 [TC_HyperLinkCheck@2] INFO  c.b.v2.module.WebdriverModule - beforeCommandExecute: event=com.browserstack.v2.eventBus.Event@57d0c38
11:49:07.913 [TC_HyperLinkCheck@1] INFO  c.b.v2.framework.TestNgFramework - trackEvent: found instance, testFrameworkState=TestFrameworkState.LOG hookState=HookState.PRE instance=-145148935
11:49:07.913 [TC_HyperLinkCheck@1] INFO  c.b.v2.framework.TestNgFramework - trackEvent: load log entries
11:49:07.915 [TC_HyperLinkCheck@1] INFO  c.b.v2.module.TestHubModule - sendLogCreatedEvent: event=com.browserstack.v2.eventBus.Event@6270cc93, response=success: true

11:49:07.915 [TC_HyperLinkCheck@1] INFO  c.b.v2.module.TestHubModule - sendLogCreatedEvent: event=com.browserstack.v2.eventBus.Event@6270cc93
11:49:07.916 [TC_HyperLinkCheck@1] INFO  c.b.v2.module.WebdriverModule - beforeCommandExecute: event=com.browserstack.v2.eventBus.Event@42a7b0ab
11:49:07.981 [TC_HyperLinkCheck@1] INFO  c.b.v2.module.WebdriverModule - afterCommandExecute: event=com.browserstack.v2.eventBus.Event@679e37e6
11:49:07.997 [TC_HyperLinkCheck@2] INFO  c.b.v2.module.WebdriverModule - afterCommandExecute: event=com.browserstack.v2.eventBus.Event@3b0f5c69
11:49:08.110 [setup@0] INFO  c.b.v2.module.WebdriverModule - afterCommandExecute: event=com.browserstack.v2.eventBus.Event@843617e
11:49:08.110 [setup@0] INFO  c.b.v2.module.WebdriverModule - beforeCommandExecute: event=com.browserstack.v2.eventBus.Event@60c7e2a3
11:49:08.110 [setup@0] INFO  c.b.v2.module.WebdriverModule - beforeCommandExecute: event=com.browserstack.v2.eventBus.Event@2ee843e6
11:49:08.136 [TC_HyperLinkCheck@2] INFO  c.b.v2.framework.TestNgFramework - trackEvent: found instance, testFrameworkState=TestFrameworkState.LOG hookState=HookState.PRE instance=-145147973
11:49:08.137 [TC_HyperLinkCheck@2] INFO  c.b.v2.framework.TestNgFramework - trackEvent: load log entries
11:49:08.139 [TC_HyperLinkCheck@2] INFO  c.b.v2.module.TestHubModule - sendLogCreatedEvent: event=com.browserstack.v2.eventBus.Event@5802d182, response=success: true

11:49:08.139 [TC_HyperLinkCheck@2] INFO  c.b.v2.module.TestHubModule - sendLogCreatedEvent: event=com.browserstack.v2.eventBus.Event@5802d182
11:49:08.140 [TC_HyperLinkCheck@2] INFO  c.b.v2.module.WebdriverModule - beforeCommandExecute: event=com.browserstack.v2.eventBus.Event@26270db
11:49:08.265 [TC_HyperLinkCheck@2] INFO  c.b.v2.module.WebdriverModule - afterCommandExecute: event=com.browserstack.v2.eventBus.Event@4d3d4de5
11:49:08.368 [TC_HyperLinkCheck@1] INFO  c.b.v2.framework.TestNgFramework - trackEvent: found instance, testFrameworkState=TestFrameworkState.LOG hookState=HookState.PRE instance=-145148935
11:49:08.368 [TC_HyperLinkCheck@1] INFO  c.b.v2.framework.TestNgFramework - trackEvent: load log entries
11:49:08.371 [TC_HyperLinkCheck@1] INFO  c.b.v2.module.TestHubModule - sendLogCreatedEvent: event=com.browserstack.v2.eventBus.Event@6b3bf249, response=success: true

11:49:08.371 [TC_HyperLinkCheck@1] INFO  c.b.v2.module.TestHubModule - sendLogCreatedEvent: event=com.browserstack.v2.eventBus.Event@6b3bf249
11:49:08.372 [TC_HyperLinkCheck@1] INFO  c.b.v2.module.WebdriverModule - beforeCommandExecute: event=com.browserstack.v2.eventBus.Event@6af0e044
11:49:08.430 [TC_HyperLinkCheck@2] INFO  c.b.v2.framework.TestNgFramework - trackEvent: found instance, testFrameworkState=TestFrameworkState.LOG hookState=HookState.PRE instance=-145147973
11:49:08.430 [TC_HyperLinkCheck@2] INFO  c.b.v2.framework.TestNgFramework - trackEvent: load log entries
11:49:08.433 [TC_HyperLinkCheck@2] INFO  c.b.v2.module.TestHubModule - sendLogCreatedEvent: event=com.browserstack.v2.eventBus.Event@76458166, response=success: true

11:49:08.433 [TC_HyperLinkCheck@2] INFO  c.b.v2.module.TestHubModule - sendLogCreatedEvent: event=com.browserstack.v2.eventBus.Event@76458166
11:49:08.434 [TC_HyperLinkCheck@2] INFO  c.b.v2.module.WebdriverModule - beforeCommandExecute: event=com.browserstack.v2.eventBus.Event@485636bd
11:49:08.443 [TC_HyperLinkCheck@1] INFO  c.b.v2.module.WebdriverModule - afterCommandExecute: event=com.browserstack.v2.eventBus.Event@75b85a54
11:49:08.529 [TC_HyperLinkCheck@2] INFO  c.b.v2.module.WebdriverModule - afterCommandExecute: event=com.browserstack.v2.eventBus.Event@4e61f6ce
11:49:08.534 [setup@0] INFO  c.b.v2.module.WebdriverModule - afterCommandExecute: event=com.browserstack.v2.eventBus.Event@6051f143
11:49:08.534 [setup@0] INFO  c.b.v2.module.WebdriverModule - afterCommandExecute: event=com.browserstack.v2.eventBus.Event@457aa70
11:49:08.535 [setup@0] INFO  c.b.v2.framework.TestNgFramework - trackEvent: found instance, testFrameworkState=TestFrameworkState.BEFORE_CLASS hookState=HookState.POST instance=-145149897
11:49:08.535 [setup@0] INFO  c.b.v2.framework.TestNgFramework - trackEvent: loaded common test data, testFrameworkState=TestFrameworkState.BEFORE_CLASS hookState=HookState.POST instance=-145149897
11:49:08.535 [setup@0] INFO  c.b.v2.framework.TestNgFramework - trackEvent: track hook events
11:49:08.675 [TC_HyperLinkCheck@2] INFO  c.b.v2.framework.TestNgFramework - trackEvent: found instance, testFrameworkState=TestFrameworkState.LOG hookState=HookState.PRE instance=-145147973
11:49:08.675 [TC_HyperLinkCheck@2] INFO  c.b.v2.framework.TestNgFramework - trackEvent: load log entries
11:49:08.677 [TC_HyperLinkCheck@2] INFO  c.b.v2.module.TestHubModule - sendLogCreatedEvent: event=com.browserstack.v2.eventBus.Event@64ab418f, response=success: true

11:49:08.677 [TC_HyperLinkCheck@2] INFO  c.b.v2.module.TestHubModule - sendLogCreatedEvent: event=com.browserstack.v2.eventBus.Event@64ab418f
11:49:08.678 [TC_HyperLinkCheck@2] INFO  c.b.v2.module.WebdriverModule - beforeCommandExecute: event=com.browserstack.v2.eventBus.Event@612498b4
11:49:08.736 [setup@0] INFO  c.b.v2.framework.TestNgFramework - args CHECK = [TestResult name=setup status=SUCCESS method=BaseClass.setup(java.lang.String)[pri:0, instance:testCases.TS_005_Search_Functionality@177515d1] output={null}]
11:49:08.738 [setup@0] INFO  c.b.v2.framework.TestNgFramework - Hook List in Post [{hook_name=setup, hook_result=pending, test_file_path=opencart\src\test\java\testCases\TS_005_Search_Functionality.java, event_started_at=2025-06-03T11:49:01.106116700, hook_id=8c36bfca-91e7-4681-a102-86ebdaee4527, hook_logs=[], key=BEFORE_CLASS, custom_metadata={}, test_location=opencart\src\test\java\testCases\TS_005_Search_Functionality.java}] and args = [[TestResult name=setup status=SUCCESS method=BaseClass.setup(java.lang.String)[pri:0, instance:testCases.TS_005_Search_Functionality@177515d1] output={null}], BaseClass.setup(java.lang.String)[pri:0, instance:testCases.TS_005_Search_Functionality@177515d1]]
11:49:08.738 [setup@0] INFO  c.b.v2.framework.TestNgFramework - Processing HookLevel attachments from directory: C:\Users\devbase\.browserstack\UploadedAttachments-65\HookLevel
11:49:08.738 [setup@0] INFO  c.b.v2.framework.TestNgFramework - Checking hookLevelFiles: []
11:49:08.738 [setup@0] INFO  c.b.v2.framework.TestNgFramework - checking Paths of files = C:\Users\devbase\.browserstack\UploadedAttachments-65\HookLevel\BuildLevelHookEvent and abs path = C:\Users\devbase\.browserstack\UploadedAttachments-65\HookLevel\BuildLevelHookEvent 
11:49:08.738 [setup@0] INFO  c.b.v2.framework.TestNgFramework - Processing BuildLevelHookEvent attachments from directory: C:\Users\devbase\.browserstack\UploadedAttachments-65\HookLevel\BuildLevelHookEvent
11:49:08.738 [setup@0] INFO  c.b.v2.framework.TestNgFramework - Processing TestLevel attachments eventLogs: []
11:49:08.738 [setup@0] INFO  c.b.v2.framework.TestNgFramework - sendLogCreatedEvent: No Log Events to send
11:49:08.738 [setup@0] INFO  c.b.v2.framework.TestNgFramework - trackHookEvents: hook state=BEFORE_CLASS.HookState.POST , hooks started={BEFORE_CLASS=[]} , hooks finished={BEFORE_CLASS=[{hook_name=setup, hook_result=passed, test_file_path=opencart\src\test\java\testCases\TS_005_Search_Functionality.java, event_started_at=2025-06-03T11:49:01.106116700, hook_id=8c36bfca-91e7-4681-a102-86ebdaee4527, hook_logs=[], logs=[], key=BEFORE_CLASS, custom_metadata={}, event_ended_at=2025-06-03T11:49:08.738273900, test_location=opencart\src\test\java\testCases\TS_005_Search_Functionality.java}]}
11:49:08.741 [setup@0] INFO  c.b.v2.module.TestHubModule - sendTestFrameworkEvent: event=com.browserstack.v2.eventBus.Event@1e3e2443, response=success: true

11:49:08.743 [setup@0] INFO  c.b.v2.framework.TestNgFramework - trackEvent: found instance, testFrameworkState=TestFrameworkState.TEST hookState=HookState.PRE instance=-145149897
11:49:08.769 [TC_HyperLinkCheck@2] INFO  c.b.v2.module.WebdriverModule - afterCommandExecute: event=com.browserstack.v2.eventBus.Event@12285426
11:49:08.788 [TC_HyperLinkCheck@1] INFO  c.b.v2.framework.TestNgFramework - trackEvent: found instance, testFrameworkState=TestFrameworkState.LOG hookState=HookState.PRE instance=-145148935
11:49:08.788 [TC_HyperLinkCheck@1] INFO  c.b.v2.framework.TestNgFramework - trackEvent: load log entries
11:49:08.790 [TC_HyperLinkCheck@1] INFO  c.b.v2.module.TestHubModule - sendLogCreatedEvent: event=com.browserstack.v2.eventBus.Event@44d67a47, response=success: true

11:49:08.790 [TC_HyperLinkCheck@1] INFO  c.b.v2.module.TestHubModule - sendLogCreatedEvent: event=com.browserstack.v2.eventBus.Event@44d67a47
11:49:08.791 [TC_HyperLinkCheck@1] INFO  c.b.v2.module.WebdriverModule - beforeCommandExecute: event=com.browserstack.v2.eventBus.Event@293cbc85
11:49:08.855 [TC_HyperLinkCheck@1] INFO  c.b.v2.module.WebdriverModule - afterCommandExecute: event=com.browserstack.v2.eventBus.Event@7d2849e8
11:49:08.909 [TC_HyperLinkCheck@2] INFO  c.b.v2.framework.TestNgFramework - trackEvent: found instance, testFrameworkState=TestFrameworkState.LOG hookState=HookState.PRE instance=-145147973
11:49:08.909 [TC_HyperLinkCheck@2] INFO  c.b.v2.framework.TestNgFramework - trackEvent: load log entries
11:49:08.912 [TC_HyperLinkCheck@2] INFO  c.b.v2.module.TestHubModule - sendLogCreatedEvent: event=com.browserstack.v2.eventBus.Event@27566d94, response=success: true

11:49:08.912 [TC_HyperLinkCheck@2] INFO  c.b.v2.module.TestHubModule - sendLogCreatedEvent: event=com.browserstack.v2.eventBus.Event@27566d94
11:49:08.913 [TC_HyperLinkCheck@2] INFO  c.b.v2.module.WebdriverModule - beforeCommandExecute: event=com.browserstack.v2.eventBus.Event@53976373
11:49:08.942 [setup@0] INFO  c.b.v2.framework.TestNgFramework - trackEvent: loaded initial test data to instance, testFrameworkState=TestFrameworkState.TEST hookState=HookState.PRE instance=-145149897
11:49:08.942 [setup@0] INFO  c.b.v2.module.WebdriverModule - onBeforeTest: event=com.browserstack.v2.eventBus.Event@15404f0c
11:49:08.948 [setup@0] INFO  c.b.v2.module.TestHubModule - sendTestFrameworkEvent: event=com.browserstack.v2.eventBus.Event@15404f0c, response=success: true

11:49:08.949 [setup@0] INFO  c.b.v2.module.ObservabilityModule - onBeforeTest: event={instance=com.browserstack.v2.instance.TestFrameworkInstance@7cb86516, testFrameworkState=TestFrameworkState.TEST, testInstance=com.browserstack.v2.instance.TestFrameworkInstance@7cb86516, hookState=HookState.PRE}
11:49:08.950 [setup@0] INFO  c.b.v2.module.ObservabilityModule - performO11ySync: Performing O11y Sync
11:49:08.966 [TC_SF_001_validate_existing_product@0] INFO  c.b.v2.module.WebdriverModule - beforeCommandExecute: event=com.browserstack.v2.eventBus.Event@31241151
11:49:08.995 [TC_HyperLinkCheck@2] INFO  c.b.v2.module.WebdriverModule - afterCommandExecute: event=com.browserstack.v2.eventBus.Event@307f6f3a
11:49:09.004 [TC_SF_001_validate_existing_product@0] INFO  c.b.v2.module.WebdriverModule - afterCommandExecute: event=com.browserstack.v2.eventBus.Event@503556ba
11:49:09.004 [TC_SF_001_validate_existing_product@0] INFO  c.b.v2.module.WebdriverModule - beforeCommandExecute: event=com.browserstack.v2.eventBus.Event@6c1ce8cf
11:49:09.091 [TC_HyperLinkCheck@1] INFO  c.b.v2.framework.TestNgFramework - trackEvent: found instance, testFrameworkState=TestFrameworkState.LOG hookState=HookState.PRE instance=-145148935
11:49:09.091 [TC_HyperLinkCheck@1] INFO  c.b.v2.framework.TestNgFramework - trackEvent: load log entries
11:49:09.094 [TC_HyperLinkCheck@1] INFO  c.b.v2.module.TestHubModule - sendLogCreatedEvent: event=com.browserstack.v2.eventBus.Event@3d5e8016, response=success: true

11:49:09.095 [TC_HyperLinkCheck@1] INFO  c.b.v2.module.TestHubModule - sendLogCreatedEvent: event=com.browserstack.v2.eventBus.Event@3d5e8016
11:49:09.096 [TC_HyperLinkCheck@1] INFO  c.b.v2.module.WebdriverModule - beforeCommandExecute: event=com.browserstack.v2.eventBus.Event@5b3c6db3
11:49:09.100 [TC_SF_001_validate_existing_product@0] INFO  c.b.v2.module.WebdriverModule - afterCommandExecute: event=com.browserstack.v2.eventBus.Event@5d254779
11:49:09.100 [TC_SF_001_validate_existing_product@0] INFO  c.b.v2.module.WebdriverModule - beforeCommandExecute: event=com.browserstack.v2.eventBus.Event@70834417
11:49:09.132 [TC_SF_001_validate_existing_product@0] INFO  c.b.v2.module.WebdriverModule - afterCommandExecute: event=com.browserstack.v2.eventBus.Event@800c034
11:49:09.132 [TC_SF_001_validate_existing_product@0] INFO  c.b.v2.module.WebdriverModule - beforeCommandExecute: event=com.browserstack.v2.eventBus.Event@1a1291e6
11:49:09.157 [TC_HyperLinkCheck@1] INFO  c.b.v2.module.WebdriverModule - afterCommandExecute: event=com.browserstack.v2.eventBus.Event@8c5e1c6
11:49:09.211 [TC_SF_001_validate_existing_product@0] INFO  c.b.v2.module.WebdriverModule - afterCommandExecute: event=com.browserstack.v2.eventBus.Event@4d477d21
11:49:09.211 [TC_SF_001_validate_existing_product@0] INFO  c.b.v2.module.WebdriverModule - beforeCommandExecute: event=com.browserstack.v2.eventBus.Event@ed7f805
11:49:09.242 [TC_SF_001_validate_existing_product@0] INFO  c.b.v2.module.WebdriverModule - afterCommandExecute: event=com.browserstack.v2.eventBus.Event@16bebd97
11:49:09.242 [TC_SF_001_validate_existing_product@0] INFO  c.b.v2.module.WebdriverModule - beforeCommandExecute: event=com.browserstack.v2.eventBus.Event@1c47e54
11:49:09.290 [TC_HyperLinkCheck@2] INFO  c.b.v2.framework.TestNgFramework - trackEvent: found instance, testFrameworkState=TestFrameworkState.LOG hookState=HookState.PRE instance=-145147973
11:49:09.290 [TC_HyperLinkCheck@2] INFO  c.b.v2.framework.TestNgFramework - trackEvent: load log entries
11:49:09.292 [TC_HyperLinkCheck@2] INFO  c.b.v2.module.TestHubModule - sendLogCreatedEvent: event=com.browserstack.v2.eventBus.Event@4ad735a9, response=success: true

11:49:09.292 [TC_HyperLinkCheck@2] INFO  c.b.v2.module.TestHubModule - sendLogCreatedEvent: event=com.browserstack.v2.eventBus.Event@4ad735a9
11:49:09.293 [TC_HyperLinkCheck@2] INFO  c.b.v2.module.WebdriverModule - beforeCommandExecute: event=com.browserstack.v2.eventBus.Event@22102081
11:49:09.380 [TC_HyperLinkCheck@2] INFO  c.b.v2.module.WebdriverModule - afterCommandExecute: event=com.browserstack.v2.eventBus.Event@4fa535ce
11:49:09.469 [TC_HyperLinkCheck@1] INFO  c.b.v2.framework.TestNgFramework - trackEvent: found instance, testFrameworkState=TestFrameworkState.LOG hookState=HookState.PRE instance=-145148935
11:49:09.469 [TC_HyperLinkCheck@1] INFO  c.b.v2.framework.TestNgFramework - trackEvent: load log entries
11:49:09.471 [TC_HyperLinkCheck@1] INFO  c.b.v2.module.TestHubModule - sendLogCreatedEvent: event=com.browserstack.v2.eventBus.Event@57d87a49, response=success: true

11:49:09.471 [TC_HyperLinkCheck@1] INFO  c.b.v2.module.TestHubModule - sendLogCreatedEvent: event=com.browserstack.v2.eventBus.Event@57d87a49
11:49:09.472 [TC_HyperLinkCheck@1] INFO  c.b.v2.module.WebdriverModule - beforeCommandExecute: event=com.browserstack.v2.eventBus.Event@608fc968
11:49:09.536 [TC_HyperLinkCheck@1] INFO  c.b.v2.module.WebdriverModule - afterCommandExecute: event=com.browserstack.v2.eventBus.Event@65742046
11:49:09.659 [TC_HyperLinkCheck@2] INFO  c.b.v2.framework.TestNgFramework - trackEvent: found instance, testFrameworkState=TestFrameworkState.LOG hookState=HookState.PRE instance=-145147973
11:49:09.659 [TC_HyperLinkCheck@2] INFO  c.b.v2.framework.TestNgFramework - trackEvent: load log entries
11:49:09.662 [TC_HyperLinkCheck@2] INFO  c.b.v2.module.TestHubModule - sendLogCreatedEvent: event=com.browserstack.v2.eventBus.Event@259e8325, response=success: true

11:49:09.662 [TC_HyperLinkCheck@2] INFO  c.b.v2.module.TestHubModule - sendLogCreatedEvent: event=com.browserstack.v2.eventBus.Event@259e8325
11:49:09.663 [TC_HyperLinkCheck@2] INFO  c.b.v2.module.WebdriverModule - beforeCommandExecute: event=com.browserstack.v2.eventBus.Event@4cb8a385
11:49:09.761 [TC_HyperLinkCheck@2] INFO  c.b.v2.module.WebdriverModule - afterCommandExecute: event=com.browserstack.v2.eventBus.Event@2efc1922
11:49:09.815 [TC_SF_001_validate_existing_product@0] INFO  c.b.v2.module.WebdriverModule - afterCommandExecute: event=com.browserstack.v2.eventBus.Event@8baba56
11:49:09.815 [TC_SF_001_validate_existing_product@0] INFO  c.b.v2.module.WebdriverModule - beforeCommandExecute: event=com.browserstack.v2.eventBus.Event@351eb7a
11:49:09.845 [TC_SF_001_validate_existing_product@0] INFO  c.b.v2.module.WebdriverModule - afterCommandExecute: event=com.browserstack.v2.eventBus.Event@37cfbbd2
11:49:09.845 [TC_SF_001_validate_existing_product@0] INFO  c.b.v2.module.WebdriverModule - beforeCommandExecute: event=com.browserstack.v2.eventBus.Event@1b520303
11:49:09.867 [TC_SF_001_validate_existing_product@0] INFO  c.b.v2.module.WebdriverModule - afterCommandExecute: event=com.browserstack.v2.eventBus.Event@589dd7c4
11:49:09.868 [TC_SF_001_validate_existing_product@0] INFO  c.b.v2.framework.TestNgFramework - trackEvent: found instance, testFrameworkState=TestFrameworkState.LOG_REPORT hookState=HookState.PRE instance=-145149897
11:49:09.868 [TC_SF_001_validate_existing_product@0] INFO  c.b.v2.framework.TestNgFramework - trackEvent: found instance, testFrameworkState=TestFrameworkState.LOG_REPORT hookState=HookState.POST instance=-145149897
11:49:09.868 [TC_SF_001_validate_existing_product@0] INFO  c.b.v2.framework.TestNgFramework - trackEvent: load test results
11:49:09.868 [TC_SF_001_validate_existing_product@0] INFO  c.b.v2.framework.TestNgFramework - trackEvent: found instance, testFrameworkState=TestFrameworkState.TEST hookState=HookState.POST instance=-145149897
11:49:09.868 [TC_SF_001_validate_existing_product@0] INFO  c.b.v2.module.WebdriverModule - onAfterTest: event=com.browserstack.v2.eventBus.Event@4a8f5fef
11:49:09.878 [TC_HyperLinkCheck@1] INFO  c.b.v2.framework.TestNgFramework - trackEvent: found instance, testFrameworkState=TestFrameworkState.LOG hookState=HookState.PRE instance=-145148935
11:49:09.878 [TC_HyperLinkCheck@1] INFO  c.b.v2.framework.TestNgFramework - trackEvent: load log entries
11:49:09.879 [TC_HyperLinkCheck@1] INFO  c.b.v2.module.TestHubModule - sendLogCreatedEvent: event=com.browserstack.v2.eventBus.Event@6d87ecdc, response=success: true

11:49:09.879 [TC_HyperLinkCheck@1] INFO  c.b.v2.module.TestHubModule - sendLogCreatedEvent: event=com.browserstack.v2.eventBus.Event@6d87ecdc
11:49:09.880 [TC_HyperLinkCheck@1] INFO  c.b.v2.module.WebdriverModule - beforeCommandExecute: event=com.browserstack.v2.eventBus.Event@1798657f
11:49:09.941 [TC_HyperLinkCheck@1] INFO  c.b.v2.module.WebdriverModule - afterCommandExecute: event=com.browserstack.v2.eventBus.Event@6057d84a
11:49:10.025 [TC_HyperLinkCheck@2] INFO  c.b.v2.framework.TestNgFramework - trackEvent: found instance, testFrameworkState=TestFrameworkState.LOG hookState=HookState.PRE instance=-145147973
11:49:10.025 [TC_HyperLinkCheck@2] INFO  c.b.v2.framework.TestNgFramework - trackEvent: load log entries
11:49:10.027 [TC_HyperLinkCheck@2] INFO  c.b.v2.module.TestHubModule - sendLogCreatedEvent: event=com.browserstack.v2.eventBus.Event@79953196, response=success: true

11:49:10.027 [TC_HyperLinkCheck@2] INFO  c.b.v2.module.TestHubModule - sendLogCreatedEvent: event=com.browserstack.v2.eventBus.Event@79953196
11:49:10.028 [TC_HyperLinkCheck@2] INFO  c.b.v2.module.WebdriverModule - beforeCommandExecute: event=com.browserstack.v2.eventBus.Event@6261de03
11:49:10.110 [TC_HyperLinkCheck@2] INFO  c.b.v2.module.WebdriverModule - afterCommandExecute: event=com.browserstack.v2.eventBus.Event@46b3f625
11:49:10.169 [TC_HyperLinkCheck@1] INFO  c.b.v2.framework.TestNgFramework - trackEvent: found instance, testFrameworkState=TestFrameworkState.LOG hookState=HookState.PRE instance=-145148935
11:49:10.169 [TC_HyperLinkCheck@1] INFO  c.b.v2.framework.TestNgFramework - trackEvent: load log entries
11:49:10.171 [TC_HyperLinkCheck@1] INFO  c.b.v2.module.TestHubModule - sendLogCreatedEvent: event=com.browserstack.v2.eventBus.Event@3960e4d4, response=success: true

11:49:10.171 [TC_HyperLinkCheck@1] INFO  c.b.v2.module.TestHubModule - sendLogCreatedEvent: event=com.browserstack.v2.eventBus.Event@3960e4d4
11:49:10.172 [TC_HyperLinkCheck@1] INFO  c.b.v2.module.WebdriverModule - beforeCommandExecute: event=com.browserstack.v2.eventBus.Event@2321cd3d
11:49:10.199 [TC_SF_001_validate_existing_product@0] ERROR c.b.utils.SeleniumMethodUtils - Done for sessionid 376bf6266466af189935b89ce6daf512e4f194e6
11:49:10.243 [TC_HyperLinkCheck@1] INFO  c.b.v2.module.WebdriverModule - afterCommandExecute: event=com.browserstack.v2.eventBus.Event@72d8024
11:49:10.413 [TC_HyperLinkCheck@2] INFO  c.b.v2.framework.TestNgFramework - trackEvent: found instance, testFrameworkState=TestFrameworkState.LOG hookState=HookState.PRE instance=-145147973
11:49:10.413 [TC_HyperLinkCheck@2] INFO  c.b.v2.framework.TestNgFramework - trackEvent: load log entries
11:49:10.415 [TC_HyperLinkCheck@2] INFO  c.b.v2.module.TestHubModule - sendLogCreatedEvent: event=com.browserstack.v2.eventBus.Event@39d418fe, response=success: true

11:49:10.415 [TC_HyperLinkCheck@2] INFO  c.b.v2.module.TestHubModule - sendLogCreatedEvent: event=com.browserstack.v2.eventBus.Event@39d418fe
11:49:10.416 [TC_HyperLinkCheck@2] INFO  c.b.v2.module.WebdriverModule - beforeCommandExecute: event=com.browserstack.v2.eventBus.Event@205c727a
11:49:10.534 [TC_HyperLinkCheck@2] INFO  c.b.v2.module.WebdriverModule - afterCommandExecute: event=com.browserstack.v2.eventBus.Event@58dade3f
11:49:10.594 [TC_HyperLinkCheck@1] INFO  c.b.v2.framework.TestNgFramework - trackEvent: found instance, testFrameworkState=TestFrameworkState.LOG hookState=HookState.PRE instance=-145148935
11:49:10.594 [TC_HyperLinkCheck@1] INFO  c.b.v2.framework.TestNgFramework - trackEvent: load log entries
11:49:10.597 [TC_HyperLinkCheck@1] INFO  c.b.v2.module.TestHubModule - sendLogCreatedEvent: event=com.browserstack.v2.eventBus.Event@254313c, response=success: true

11:49:10.597 [TC_HyperLinkCheck@1] INFO  c.b.v2.module.TestHubModule - sendLogCreatedEvent: event=com.browserstack.v2.eventBus.Event@254313c
11:49:10.597 [TC_HyperLinkCheck@1] INFO  c.b.v2.module.WebdriverModule - beforeCommandExecute: event=com.browserstack.v2.eventBus.Event@76482e84
11:49:10.666 [TC_HyperLinkCheck@1] INFO  c.b.v2.module.WebdriverModule - afterCommandExecute: event=com.browserstack.v2.eventBus.Event@47a8c5fb
11:49:10.689 [TC_HyperLinkCheck@2] INFO  c.b.v2.framework.TestNgFramework - trackEvent: found instance, testFrameworkState=TestFrameworkState.LOG hookState=HookState.PRE instance=-145147973
11:49:10.689 [TC_HyperLinkCheck@2] INFO  c.b.v2.framework.TestNgFramework - trackEvent: load log entries
11:49:10.691 [TC_HyperLinkCheck@2] INFO  c.b.v2.module.TestHubModule - sendLogCreatedEvent: event=com.browserstack.v2.eventBus.Event@3bde2c8c, response=success: true

11:49:10.691 [TC_HyperLinkCheck@2] INFO  c.b.v2.module.TestHubModule - sendLogCreatedEvent: event=com.browserstack.v2.eventBus.Event@3bde2c8c
11:49:10.692 [TC_HyperLinkCheck@2] INFO  c.b.v2.module.WebdriverModule - beforeCommandExecute: event=com.browserstack.v2.eventBus.Event@8f23241
11:49:10.752 [TC_HyperLinkCheck@2] INFO  c.b.v2.module.WebdriverModule - afterCommandExecute: event=com.browserstack.v2.eventBus.Event@4aac6af2
11:49:10.930 [TC_HyperLinkCheck@2] INFO  c.b.v2.framework.TestNgFramework - trackEvent: found instance, testFrameworkState=TestFrameworkState.LOG hookState=HookState.PRE instance=-145147973
11:49:10.930 [TC_HyperLinkCheck@2] INFO  c.b.v2.framework.TestNgFramework - trackEvent: load log entries
11:49:10.933 [TC_HyperLinkCheck@2] INFO  c.b.v2.module.TestHubModule - sendLogCreatedEvent: event=com.browserstack.v2.eventBus.Event@737885b8, response=success: true

11:49:10.933 [TC_HyperLinkCheck@2] INFO  c.b.v2.module.TestHubModule - sendLogCreatedEvent: event=com.browserstack.v2.eventBus.Event@737885b8
11:49:10.934 [TC_HyperLinkCheck@2] INFO  c.b.v2.module.WebdriverModule - beforeCommandExecute: event=com.browserstack.v2.eventBus.Event@579e9849
11:49:11.026 [TC_HyperLinkCheck@2] INFO  c.b.v2.module.WebdriverModule - afterCommandExecute: event=com.browserstack.v2.eventBus.Event@7e32584a
11:49:11.077 [TC_HyperLinkCheck@1] INFO  c.b.v2.framework.TestNgFramework - trackEvent: found instance, testFrameworkState=TestFrameworkState.LOG hookState=HookState.PRE instance=-145148935
11:49:11.077 [TC_HyperLinkCheck@1] INFO  c.b.v2.framework.TestNgFramework - trackEvent: load log entries
11:49:11.080 [TC_HyperLinkCheck@1] INFO  c.b.v2.module.TestHubModule - sendLogCreatedEvent: event=com.browserstack.v2.eventBus.Event@6f0218ad, response=success: true

11:49:11.080 [TC_HyperLinkCheck@1] INFO  c.b.v2.module.TestHubModule - sendLogCreatedEvent: event=com.browserstack.v2.eventBus.Event@6f0218ad
11:49:11.081 [TC_HyperLinkCheck@1] INFO  c.b.v2.module.WebdriverModule - beforeCommandExecute: event=com.browserstack.v2.eventBus.Event@7f7ea51f
11:49:11.146 [TC_HyperLinkCheck@1] INFO  c.b.v2.module.WebdriverModule - afterCommandExecute: event=com.browserstack.v2.eventBus.Event@2112803f
11:49:11.178 [TC_HyperLinkCheck@2] INFO  c.b.v2.framework.TestNgFramework - trackEvent: found instance, testFrameworkState=TestFrameworkState.LOG hookState=HookState.PRE instance=-145147973
11:49:11.178 [TC_HyperLinkCheck@2] INFO  c.b.v2.framework.TestNgFramework - trackEvent: load log entries
11:49:11.180 [TC_HyperLinkCheck@2] INFO  c.b.v2.module.TestHubModule - sendLogCreatedEvent: event=com.browserstack.v2.eventBus.Event@5fba2f4, response=success: true

11:49:11.180 [TC_HyperLinkCheck@2] INFO  c.b.v2.module.TestHubModule - sendLogCreatedEvent: event=com.browserstack.v2.eventBus.Event@5fba2f4
11:49:11.181 [TC_HyperLinkCheck@2] INFO  c.b.v2.module.WebdriverModule - beforeCommandExecute: event=com.browserstack.v2.eventBus.Event@530f9693
11:49:11.187 [TC_SF_001_validate_existing_product@0] INFO  c.b.v2.module.TestHubModule - onAfterTest: event={com.browserstack.v2.eventBus.Event@4a8f5fef}
11:49:11.192 [TC_SF_001_validate_existing_product@0] INFO  c.b.v2.module.TestHubModule - sendTestSessionEvent: event=com.browserstack.v2.eventBus.Event@4a8f5fef, response=success: true

11:49:11.195 [TC_SF_001_validate_existing_product@0] INFO  c.b.v2.module.TestHubModule - sendTestFrameworkEvent: event=com.browserstack.v2.eventBus.Event@4a8f5fef, response=success: true

11:49:11.199 [TC_SF_001_validate_existing_product@0] INFO  c.b.v2.framework.TestNgFramework - trackEvent: found instance, testFrameworkState=TestFrameworkState.AFTER_METHOD hookState=HookState.PRE instance=-145149897
11:49:11.199 [TC_SF_001_validate_existing_product@0] INFO  c.b.v2.framework.TestNgFramework - trackEvent: track hook events
11:49:11.284 [TC_HyperLinkCheck@2] INFO  c.b.v2.module.WebdriverModule - afterCommandExecute: event=com.browserstack.v2.eventBus.Event@3088b574
11:49:11.412 [TC_HyperLinkCheck@1] INFO  c.b.v2.framework.TestNgFramework - trackEvent: found instance, testFrameworkState=TestFrameworkState.LOG hookState=HookState.PRE instance=-145148935
11:49:11.412 [TC_HyperLinkCheck@1] INFO  c.b.v2.framework.TestNgFramework - trackEvent: load log entries
11:49:11.413 [TC_SF_001_validate_existing_product@0] INFO  c.b.v2.framework.TestNgFramework - args CHECK = [TestResult name=clearCookies status=STARTED method=TS_005_Search_Functionality.clearCookies()[pri:0, instance:testCases.TS_005_Search_Functionality@177515d1] output={null}]
11:49:11.413 [TC_SF_001_validate_existing_product@0] INFO  c.b.v2.framework.TestNgFramework - Hook Started in PRE key = AFTER_METHOD & hook = {hook_name=clearCookies, hook_result=pending, test_file_path=opencart\src\test\java\testCases\TS_005_Search_Functionality.java, event_started_at=2025-06-03T11:49:11.413195800, hook_id=3c6c167a-9fbc-43fe-973c-0935c2c20390, hook_logs=[], key=AFTER_METHOD, custom_metadata={}, test_location=opencart\src\test\java\testCases\TS_005_Search_Functionality.java}  and args = [[TestResult name=clearCookies status=STARTED method=TS_005_Search_Functionality.clearCookies()[pri:0, instance:testCases.TS_005_Search_Functionality@177515d1] output={null}], TS_005_Search_Functionality.clearCookies()[pri:0, instance:testCases.TS_005_Search_Functionality@177515d1]]
11:49:11.413 [TC_SF_001_validate_existing_product@0] INFO  c.b.v2.framework.TestNgFramework - trackHookEvents: hook state=AFTER_METHOD.HookState.PRE , hooks started={BEFORE_CLASS=[], AFTER_METHOD=[{hook_name=clearCookies, hook_result=pending, test_file_path=opencart\src\test\java\testCases\TS_005_Search_Functionality.java, event_started_at=2025-06-03T11:49:11.413195800, hook_id=3c6c167a-9fbc-43fe-973c-0935c2c20390, hook_logs=[], key=AFTER_METHOD, custom_metadata={}, test_location=opencart\src\test\java\testCases\TS_005_Search_Functionality.java}]} , hooks finished={BEFORE_CLASS=[{hook_name=setup, hook_result=passed, test_file_path=opencart\src\test\java\testCases\TS_005_Search_Functionality.java, event_started_at=2025-06-03T11:49:01.106116700, hook_id=8c36bfca-91e7-4681-a102-86ebdaee4527, hook_logs=[], logs=[], key=BEFORE_CLASS, custom_metadata={}, event_ended_at=2025-06-03T11:49:08.738273900, test_location=opencart\src\test\java\testCases\TS_005_Search_Functionality.java}], AFTER_METHOD=[]}
11:49:11.414 [TC_HyperLinkCheck@1] INFO  c.b.v2.module.TestHubModule - sendLogCreatedEvent: event=com.browserstack.v2.eventBus.Event@172d3651, response=success: true

11:49:11.415 [TC_HyperLinkCheck@1] INFO  c.b.v2.module.TestHubModule - sendLogCreatedEvent: event=com.browserstack.v2.eventBus.Event@172d3651
11:49:11.415 [TC_SF_001_validate_existing_product@0] INFO  c.b.v2.module.TestHubModule - sendTestFrameworkEvent: event=com.browserstack.v2.eventBus.Event@45d76a95, response=success: true

11:49:11.416 [TC_HyperLinkCheck@1] INFO  c.b.v2.module.WebdriverModule - beforeCommandExecute: event=com.browserstack.v2.eventBus.Event@732dbc51
11:49:11.416 [clearCookies@0] INFO  c.b.v2.module.WebdriverModule - beforeCommandExecute: event=com.browserstack.v2.eventBus.Event@439ddf2e
11:49:11.416 [clearCookies@0] INFO  c.b.v2.module.WebdriverModule - beforeCommandExecute: event=com.browserstack.v2.eventBus.Event@ae635ee
11:49:11.463 [clearCookies@0] INFO  c.b.v2.module.WebdriverModule - afterCommandExecute: event=com.browserstack.v2.eventBus.Event@741b75e5
11:49:11.463 [clearCookies@0] INFO  c.b.v2.module.WebdriverModule - afterCommandExecute: event=com.browserstack.v2.eventBus.Event@3bc658d1
11:49:11.463 [clearCookies@0] INFO  c.b.v2.framework.TestNgFramework - trackEvent: found instance, testFrameworkState=TestFrameworkState.AFTER_METHOD hookState=HookState.POST instance=-145149897
11:49:11.463 [clearCookies@0] INFO  c.b.v2.framework.TestNgFramework - trackEvent: track hook events
11:49:11.491 [TC_HyperLinkCheck@1] INFO  c.b.v2.module.WebdriverModule - afterCommandExecute: event=com.browserstack.v2.eventBus.Event@2c4a9c31
11:49:11.657 [TC_HyperLinkCheck@2] INFO  c.b.v2.framework.TestNgFramework - trackEvent: found instance, testFrameworkState=TestFrameworkState.LOG hookState=HookState.PRE instance=-145147973
11:49:11.657 [TC_HyperLinkCheck@2] INFO  c.b.v2.framework.TestNgFramework - trackEvent: load log entries
11:49:11.659 [TC_HyperLinkCheck@2] INFO  c.b.v2.module.TestHubModule - sendLogCreatedEvent: event=com.browserstack.v2.eventBus.Event@4bda69b0, response=success: true

11:49:11.660 [TC_HyperLinkCheck@2] INFO  c.b.v2.module.TestHubModule - sendLogCreatedEvent: event=com.browserstack.v2.eventBus.Event@4bda69b0
11:49:11.661 [TC_HyperLinkCheck@2] INFO  c.b.v2.module.WebdriverModule - beforeCommandExecute: event=com.browserstack.v2.eventBus.Event@56adb83e
11:49:11.672 [clearCookies@0] INFO  c.b.v2.framework.TestNgFramework - args CHECK = [TestResult name=clearCookies status=SUCCESS method=TS_005_Search_Functionality.clearCookies()[pri:0, instance:testCases.TS_005_Search_Functionality@177515d1] output={null}]
11:49:11.673 [clearCookies@0] INFO  c.b.v2.framework.TestNgFramework - Hook List in Post [{hook_name=clearCookies, hook_result=pending, test_file_path=opencart\src\test\java\testCases\TS_005_Search_Functionality.java, event_started_at=2025-06-03T11:49:11.413195800, hook_id=3c6c167a-9fbc-43fe-973c-0935c2c20390, hook_logs=[], key=AFTER_METHOD, custom_metadata={}, test_location=opencart\src\test\java\testCases\TS_005_Search_Functionality.java}] and args = [[TestResult name=clearCookies status=SUCCESS method=TS_005_Search_Functionality.clearCookies()[pri:0, instance:testCases.TS_005_Search_Functionality@177515d1] output={null}], TS_005_Search_Functionality.clearCookies()[pri:0, instance:testCases.TS_005_Search_Functionality@177515d1]]
11:49:11.673 [clearCookies@0] INFO  c.b.v2.framework.TestNgFramework - Processing HookLevel attachments from directory: C:\Users\devbase\.browserstack\UploadedAttachments-65\HookLevel
11:49:11.673 [clearCookies@0] INFO  c.b.v2.framework.TestNgFramework - Checking hookLevelFiles: []
11:49:11.673 [clearCookies@0] INFO  c.b.v2.framework.TestNgFramework - checking Paths of files = C:\Users\devbase\.browserstack\UploadedAttachments-65\HookLevel\BuildLevelHookEvent and abs path = C:\Users\devbase\.browserstack\UploadedAttachments-65\HookLevel\BuildLevelHookEvent 
11:49:11.673 [clearCookies@0] INFO  c.b.v2.framework.TestNgFramework - Processing BuildLevelHookEvent attachments from directory: C:\Users\devbase\.browserstack\UploadedAttachments-65\HookLevel\BuildLevelHookEvent
11:49:11.673 [clearCookies@0] INFO  c.b.v2.framework.TestNgFramework - Processing TestLevel attachments eventLogs: []
11:49:11.673 [clearCookies@0] INFO  c.b.v2.framework.TestNgFramework - sendLogCreatedEvent: No Log Events to send
11:49:11.673 [clearCookies@0] INFO  c.b.v2.framework.TestNgFramework - trackHookEvents: hook state=AFTER_METHOD.HookState.POST , hooks started={BEFORE_CLASS=[], AFTER_METHOD=[]} , hooks finished={BEFORE_CLASS=[{hook_name=setup, hook_result=passed, test_file_path=opencart\src\test\java\testCases\TS_005_Search_Functionality.java, event_started_at=2025-06-03T11:49:01.106116700, hook_id=8c36bfca-91e7-4681-a102-86ebdaee4527, hook_logs=[], logs=[], key=BEFORE_CLASS, custom_metadata={}, event_ended_at=2025-06-03T11:49:08.738273900, test_location=opencart\src\test\java\testCases\TS_005_Search_Functionality.java}], AFTER_METHOD=[{hook_name=clearCookies, hook_result=passed, test_file_path=opencart\src\test\java\testCases\TS_005_Search_Functionality.java, event_started_at=2025-06-03T11:49:11.413195800, hook_id=3c6c167a-9fbc-43fe-973c-0935c2c20390, hook_logs=[], logs=[], key=AFTER_METHOD, custom_metadata={}, event_ended_at=2025-06-03T11:49:11.673333700, test_location=opencart\src\test\java\testCases\TS_005_Search_Functionality.java}]}
11:49:11.676 [clearCookies@0] INFO  c.b.v2.module.TestHubModule - sendTestFrameworkEvent: event=com.browserstack.v2.eventBus.Event@b6fa618, response=success: true

11:49:11.681 [clearCookies@0] INFO  c.b.v2.framework.TestNgFramework - trackTestNgTest: saved instance contextId=-145149897 target=C:/Users/RPA Base/Projects/opencart/src/test/java/testCases-0@0 instances=[-145148935, -145147973, -145149897]
11:49:11.681 [clearCookies@0] INFO  c.b.v2.framework.TestNgFramework - trackEvent: found instance, testFrameworkState=TestFrameworkState.TEST hookState=HookState.PRE instance=-145149897
11:49:11.683 [TC_HyperLinkCheck@1] INFO  c.b.v2.framework.TestNgFramework - trackEvent: found instance, testFrameworkState=TestFrameworkState.LOG hookState=HookState.PRE instance=-145148935
11:49:11.683 [TC_HyperLinkCheck@1] INFO  c.b.v2.framework.TestNgFramework - trackEvent: load log entries
11:49:11.686 [TC_HyperLinkCheck@1] INFO  c.b.v2.module.TestHubModule - sendLogCreatedEvent: event=com.browserstack.v2.eventBus.Event@5a07e555, response=success: true

11:49:11.686 [TC_HyperLinkCheck@1] INFO  c.b.v2.module.TestHubModule - sendLogCreatedEvent: event=com.browserstack.v2.eventBus.Event@5a07e555
11:49:11.688 [TC_HyperLinkCheck@1] INFO  c.b.v2.module.WebdriverModule - beforeCommandExecute: event=com.browserstack.v2.eventBus.Event@243675c5
11:49:11.711 [TC_HyperLinkCheck@2] INFO  c.b.v2.module.WebdriverModule - afterCommandExecute: event=com.browserstack.v2.eventBus.Event@155199b3
11:49:11.760 [TC_HyperLinkCheck@1] INFO  c.b.v2.module.WebdriverModule - afterCommandExecute: event=com.browserstack.v2.eventBus.Event@712887b8
11:49:11.894 [clearCookies@0] INFO  c.b.v2.framework.TestNgFramework - trackEvent: loaded initial test data to instance, testFrameworkState=TestFrameworkState.TEST hookState=HookState.PRE instance=-145149897
11:49:11.894 [clearCookies@0] INFO  c.b.v2.module.WebdriverModule - onBeforeTest: event=com.browserstack.v2.eventBus.Event@11a06af7
11:49:11.898 [clearCookies@0] INFO  c.b.v2.module.TestHubModule - sendTestFrameworkEvent: event=com.browserstack.v2.eventBus.Event@11a06af7, response=success: true

11:49:11.900 [clearCookies@0] INFO  c.b.v2.module.ObservabilityModule - onBeforeTest: event={instance=com.browserstack.v2.instance.TestFrameworkInstance@41f909b8, testFrameworkState=TestFrameworkState.TEST, testInstance=com.browserstack.v2.instance.TestFrameworkInstance@41f909b8, hookState=HookState.PRE}
11:49:11.900 [clearCookies@0] INFO  c.b.v2.module.ObservabilityModule - performO11ySync: Performing O11y Sync
11:49:11.913 [TC_SF_002_validate_nonexisting_product@0] INFO  c.b.v2.module.WebdriverModule - beforeCommandExecute: event=com.browserstack.v2.eventBus.Event@703a9453
11:49:11.914 [TC_HyperLinkCheck@2] INFO  c.b.v2.framework.TestNgFramework - trackEvent: found instance, testFrameworkState=TestFrameworkState.LOG hookState=HookState.PRE instance=-145147973
11:49:11.914 [TC_HyperLinkCheck@2] INFO  c.b.v2.framework.TestNgFramework - trackEvent: load log entries
11:49:11.916 [TC_HyperLinkCheck@2] INFO  c.b.v2.module.TestHubModule - sendLogCreatedEvent: event=com.browserstack.v2.eventBus.Event@31b1798, response=success: true

11:49:11.916 [TC_HyperLinkCheck@2] INFO  c.b.v2.module.TestHubModule - sendLogCreatedEvent: event=com.browserstack.v2.eventBus.Event@31b1798
11:49:11.916 [TC_HyperLinkCheck@2] INFO  c.b.v2.module.WebdriverModule - beforeCommandExecute: event=com.browserstack.v2.eventBus.Event@1aa258ab
11:49:11.940 [TC_SF_002_validate_nonexisting_product@0] INFO  c.b.v2.module.WebdriverModule - afterCommandExecute: event=com.browserstack.v2.eventBus.Event@6d714bd8
11:49:11.940 [TC_SF_002_validate_nonexisting_product@0] INFO  c.b.v2.module.WebdriverModule - beforeCommandExecute: event=com.browserstack.v2.eventBus.Event@404e353b
11:49:11.959 [TC_HyperLinkCheck@1] INFO  c.b.v2.framework.TestNgFramework - trackEvent: found instance, testFrameworkState=TestFrameworkState.LOG hookState=HookState.PRE instance=-145148935
11:49:11.959 [TC_HyperLinkCheck@1] INFO  c.b.v2.framework.TestNgFramework - trackEvent: load log entries
11:49:11.961 [TC_HyperLinkCheck@1] INFO  c.b.v2.module.TestHubModule - sendLogCreatedEvent: event=com.browserstack.v2.eventBus.Event@678cd56c, response=success: true

11:49:11.961 [TC_HyperLinkCheck@1] INFO  c.b.v2.module.TestHubModule - sendLogCreatedEvent: event=com.browserstack.v2.eventBus.Event@678cd56c
11:49:11.962 [TC_HyperLinkCheck@1] INFO  c.b.v2.module.WebdriverModule - beforeCommandExecute: event=com.browserstack.v2.eventBus.Event@522a3f1b
11:49:11.995 [TC_SF_002_validate_nonexisting_product@0] INFO  c.b.v2.module.WebdriverModule - afterCommandExecute: event=com.browserstack.v2.eventBus.Event@719221db
11:49:11.995 [TC_SF_002_validate_nonexisting_product@0] INFO  c.b.v2.module.WebdriverModule - beforeCommandExecute: event=com.browserstack.v2.eventBus.Event@74da43f9
11:49:12.007 [TC_HyperLinkCheck@2] INFO  c.b.v2.module.WebdriverModule - afterCommandExecute: event=com.browserstack.v2.eventBus.Event@513ee5a3
11:49:12.023 [TC_SF_002_validate_nonexisting_product@0] INFO  c.b.v2.module.WebdriverModule - afterCommandExecute: event=com.browserstack.v2.eventBus.Event@4cb696d3
11:49:12.024 [TC_SF_002_validate_nonexisting_product@0] INFO  c.b.v2.module.WebdriverModule - beforeCommandExecute: event=com.browserstack.v2.eventBus.Event@4968641e
11:49:12.028 [TC_HyperLinkCheck@1] INFO  c.b.v2.module.WebdriverModule - afterCommandExecute: event=com.browserstack.v2.eventBus.Event@32377b8f
11:49:12.061 [TC_SF_002_validate_nonexisting_product@0] INFO  c.b.v2.module.WebdriverModule - afterCommandExecute: event=com.browserstack.v2.eventBus.Event@34492a
11:49:12.061 [TC_SF_002_validate_nonexisting_product@0] INFO  c.b.v2.module.WebdriverModule - beforeCommandExecute: event=com.browserstack.v2.eventBus.Event@24e7a77
11:49:12.089 [TC_SF_002_validate_nonexisting_product@0] INFO  c.b.v2.module.WebdriverModule - afterCommandExecute: event=com.browserstack.v2.eventBus.Event@23ec770f
11:49:12.089 [TC_SF_002_validate_nonexisting_product@0] INFO  c.b.v2.module.WebdriverModule - beforeCommandExecute: event=com.browserstack.v2.eventBus.Event@d376e81
11:49:12.281 [TC_HyperLinkCheck@2] INFO  c.b.v2.framework.TestNgFramework - trackEvent: found instance, testFrameworkState=TestFrameworkState.LOG hookState=HookState.PRE instance=-145147973
11:49:12.281 [TC_HyperLinkCheck@2] INFO  c.b.v2.framework.TestNgFramework - trackEvent: load log entries
11:49:12.283 [TC_HyperLinkCheck@2] INFO  c.b.v2.module.TestHubModule - sendLogCreatedEvent: event=com.browserstack.v2.eventBus.Event@10c276b, response=success: true

11:49:12.283 [TC_HyperLinkCheck@2] INFO  c.b.v2.module.TestHubModule - sendLogCreatedEvent: event=com.browserstack.v2.eventBus.Event@10c276b
11:49:12.284 [TC_HyperLinkCheck@2] INFO  c.b.v2.module.WebdriverModule - beforeCommandExecute: event=com.browserstack.v2.eventBus.Event@35471d9c
11:49:12.286 [TC_HyperLinkCheck@1] INFO  c.b.v2.framework.TestNgFramework - trackEvent: found instance, testFrameworkState=TestFrameworkState.LOG hookState=HookState.PRE instance=-145148935
11:49:12.286 [TC_HyperLinkCheck@1] INFO  c.b.v2.framework.TestNgFramework - trackEvent: load log entries
11:49:12.289 [TC_HyperLinkCheck@1] INFO  c.b.v2.module.TestHubModule - sendLogCreatedEvent: event=com.browserstack.v2.eventBus.Event@27f546cc, response=success: true

11:49:12.289 [TC_HyperLinkCheck@1] INFO  c.b.v2.module.TestHubModule - sendLogCreatedEvent: event=com.browserstack.v2.eventBus.Event@27f546cc
11:49:12.289 [TC_HyperLinkCheck@1] INFO  c.b.v2.module.WebdriverModule - beforeCommandExecute: event=com.browserstack.v2.eventBus.Event@5038bb
11:49:12.361 [TC_HyperLinkCheck@1] INFO  c.b.v2.module.WebdriverModule - afterCommandExecute: event=com.browserstack.v2.eventBus.Event@78018b60
11:49:12.392 [TC_HyperLinkCheck@2] INFO  c.b.v2.module.WebdriverModule - afterCommandExecute: event=com.browserstack.v2.eventBus.Event@766071ca
11:49:12.444 [TC_SF_002_validate_nonexisting_product@0] INFO  c.b.v2.module.WebdriverModule - afterCommandExecute: event=com.browserstack.v2.eventBus.Event@5067fcbe
11:49:12.444 [TC_SF_002_validate_nonexisting_product@0] INFO  c.b.v2.module.WebdriverModule - beforeCommandExecute: event=com.browserstack.v2.eventBus.Event@1c7b2e3c
11:49:12.479 [TC_SF_002_validate_nonexisting_product@0] INFO  c.b.v2.module.WebdriverModule - afterCommandExecute: event=com.browserstack.v2.eventBus.Event@7e6e4a60
11:49:12.479 [TC_SF_002_validate_nonexisting_product@0] INFO  c.b.v2.module.WebdriverModule - beforeCommandExecute: event=com.browserstack.v2.eventBus.Event@53f70ddc
11:49:12.501 [TC_SF_002_validate_nonexisting_product@0] INFO  c.b.v2.module.WebdriverModule - afterCommandExecute: event=com.browserstack.v2.eventBus.Event@5fe46352
11:49:12.502 [TC_SF_002_validate_nonexisting_product@0] INFO  c.b.v2.framework.TestNgFramework - trackEvent: found instance, testFrameworkState=TestFrameworkState.LOG_REPORT hookState=HookState.PRE instance=-145149897
11:49:12.502 [TC_SF_002_validate_nonexisting_product@0] INFO  c.b.v2.framework.TestNgFramework - trackEvent: found instance, testFrameworkState=TestFrameworkState.LOG_REPORT hookState=HookState.POST instance=-145149897
11:49:12.502 [TC_SF_002_validate_nonexisting_product@0] INFO  c.b.v2.framework.TestNgFramework - trackEvent: load test results
11:49:12.502 [TC_SF_002_validate_nonexisting_product@0] INFO  c.b.v2.framework.TestNgFramework - trackEvent: found instance, testFrameworkState=TestFrameworkState.TEST hookState=HookState.POST instance=-145149897
11:49:12.502 [TC_SF_002_validate_nonexisting_product@0] INFO  c.b.v2.module.WebdriverModule - onAfterTest: event=com.browserstack.v2.eventBus.Event@56c5865f
11:49:12.570 [TC_HyperLinkCheck@1] INFO  c.b.v2.framework.TestNgFramework - trackEvent: found instance, testFrameworkState=TestFrameworkState.LOG hookState=HookState.PRE instance=-145148935
11:49:12.570 [TC_HyperLinkCheck@1] INFO  c.b.v2.framework.TestNgFramework - trackEvent: load log entries
11:49:12.572 [TC_HyperLinkCheck@1] INFO  c.b.v2.module.TestHubModule - sendLogCreatedEvent: event=com.browserstack.v2.eventBus.Event@4c7f550e, response=success: true

11:49:12.572 [TC_HyperLinkCheck@1] INFO  c.b.v2.module.TestHubModule - sendLogCreatedEvent: event=com.browserstack.v2.eventBus.Event@4c7f550e
11:49:12.573 [TC_HyperLinkCheck@1] INFO  c.b.v2.module.WebdriverModule - beforeCommandExecute: event=com.browserstack.v2.eventBus.Event@508bad4b
11:49:12.604 [TC_HyperLinkCheck@2] INFO  c.b.v2.framework.TestNgFramework - trackEvent: found instance, testFrameworkState=TestFrameworkState.LOG hookState=HookState.PRE instance=-145147973
11:49:12.604 [TC_HyperLinkCheck@2] INFO  c.b.v2.framework.TestNgFramework - trackEvent: load log entries
11:49:12.608 [TC_HyperLinkCheck@2] INFO  c.b.v2.module.TestHubModule - sendLogCreatedEvent: event=com.browserstack.v2.eventBus.Event@22d9fd09, response=success: true

11:49:12.608 [TC_HyperLinkCheck@2] INFO  c.b.v2.module.TestHubModule - sendLogCreatedEvent: event=com.browserstack.v2.eventBus.Event@22d9fd09
11:49:12.609 [TC_HyperLinkCheck@2] INFO  c.b.v2.module.WebdriverModule - beforeCommandExecute: event=com.browserstack.v2.eventBus.Event@56dc12ad
11:49:12.644 [TC_HyperLinkCheck@1] INFO  c.b.v2.module.WebdriverModule - afterCommandExecute: event=com.browserstack.v2.eventBus.Event@51322f72
11:49:12.663 [TC_HyperLinkCheck@2] INFO  c.b.v2.module.WebdriverModule - afterCommandExecute: event=com.browserstack.v2.eventBus.Event@8b4cad9
11:49:12.850 [TC_SF_002_validate_nonexisting_product@0] ERROR c.b.utils.SeleniumMethodUtils - Done for sessionid 376bf6266466af189935b89ce6daf512e4f194e6
11:49:12.852 [TC_HyperLinkCheck@1] INFO  c.b.v2.framework.TestNgFramework - trackEvent: found instance, testFrameworkState=TestFrameworkState.LOG hookState=HookState.PRE instance=-145148935
11:49:12.852 [TC_HyperLinkCheck@1] INFO  c.b.v2.framework.TestNgFramework - trackEvent: load log entries
11:49:12.854 [TC_HyperLinkCheck@1] INFO  c.b.v2.module.TestHubModule - sendLogCreatedEvent: event=com.browserstack.v2.eventBus.Event@24c27368, response=success: true

11:49:12.854 [TC_HyperLinkCheck@1] INFO  c.b.v2.module.TestHubModule - sendLogCreatedEvent: event=com.browserstack.v2.eventBus.Event@24c27368
11:49:12.856 [TC_HyperLinkCheck@1] INFO  c.b.v2.module.WebdriverModule - beforeCommandExecute: event=com.browserstack.v2.eventBus.Event@3cc898d3
11:49:12.898 [TC_HyperLinkCheck@2] INFO  c.b.v2.framework.TestNgFramework - trackEvent: found instance, testFrameworkState=TestFrameworkState.LOG hookState=HookState.PRE instance=-145147973
11:49:12.898 [TC_HyperLinkCheck@2] INFO  c.b.v2.framework.TestNgFramework - trackEvent: load log entries
11:49:12.900 [TC_HyperLinkCheck@2] INFO  c.b.v2.module.TestHubModule - sendLogCreatedEvent: event=com.browserstack.v2.eventBus.Event@705994b9, response=success: true

11:49:12.900 [TC_HyperLinkCheck@2] INFO  c.b.v2.module.TestHubModule - sendLogCreatedEvent: event=com.browserstack.v2.eventBus.Event@705994b9
11:49:12.901 [TC_HyperLinkCheck@2] INFO  c.b.v2.module.WebdriverModule - beforeCommandExecute: event=com.browserstack.v2.eventBus.Event@67e88517
11:49:12.921 [TC_HyperLinkCheck@1] INFO  c.b.v2.module.WebdriverModule - afterCommandExecute: event=com.browserstack.v2.eventBus.Event@4f6429c9
11:49:13.009 [TC_HyperLinkCheck@2] INFO  c.b.v2.module.WebdriverModule - afterCommandExecute: event=com.browserstack.v2.eventBus.Event@a2ea0ef
11:49:13.094 [TC_HyperLinkCheck@1] INFO  c.b.v2.framework.TestNgFramework - trackEvent: found instance, testFrameworkState=TestFrameworkState.LOG hookState=HookState.PRE instance=-145148935
11:49:13.094 [TC_HyperLinkCheck@1] INFO  c.b.v2.framework.TestNgFramework - trackEvent: load log entries
11:49:13.096 [TC_HyperLinkCheck@1] INFO  c.b.v2.module.TestHubModule - sendLogCreatedEvent: event=com.browserstack.v2.eventBus.Event@67922bda, response=success: true

11:49:13.096 [TC_HyperLinkCheck@1] INFO  c.b.v2.module.TestHubModule - sendLogCreatedEvent: event=com.browserstack.v2.eventBus.Event@67922bda
11:49:13.096 [TC_HyperLinkCheck@1] INFO  c.b.v2.module.WebdriverModule - beforeCommandExecute: event=com.browserstack.v2.eventBus.Event@329f085b
11:49:13.159 [TC_HyperLinkCheck@1] INFO  c.b.v2.module.WebdriverModule - afterCommandExecute: event=com.browserstack.v2.eventBus.Event@44691f7e
11:49:13.161 [TC_SF_002_validate_nonexisting_product@0] INFO  c.b.v2.module.TestHubModule - onAfterTest: event={com.browserstack.v2.eventBus.Event@56c5865f}
11:49:13.165 [TC_SF_002_validate_nonexisting_product@0] INFO  c.b.v2.module.TestHubModule - sendTestSessionEvent: event=com.browserstack.v2.eventBus.Event@56c5865f, response=success: true

11:49:13.168 [TC_SF_002_validate_nonexisting_product@0] INFO  c.b.v2.module.TestHubModule - sendTestFrameworkEvent: event=com.browserstack.v2.eventBus.Event@56c5865f, response=success: true

11:49:13.170 [TC_SF_002_validate_nonexisting_product@0] INFO  c.b.v2.framework.TestNgFramework - trackEvent: found instance, testFrameworkState=TestFrameworkState.AFTER_METHOD hookState=HookState.PRE instance=-145149897
11:49:13.170 [TC_SF_002_validate_nonexisting_product@0] INFO  c.b.v2.framework.TestNgFramework - trackEvent: track hook events
11:49:13.208 [TC_HyperLinkCheck@2] INFO  c.b.v2.framework.TestNgFramework - trackEvent: found instance, testFrameworkState=TestFrameworkState.LOG hookState=HookState.PRE instance=-145147973
11:49:13.208 [TC_HyperLinkCheck@2] INFO  c.b.v2.framework.TestNgFramework - trackEvent: load log entries
11:49:13.211 [TC_HyperLinkCheck@2] INFO  c.b.v2.module.TestHubModule - sendLogCreatedEvent: event=com.browserstack.v2.eventBus.Event@1622726f, response=success: true

11:49:13.211 [TC_HyperLinkCheck@2] INFO  c.b.v2.module.TestHubModule - sendLogCreatedEvent: event=com.browserstack.v2.eventBus.Event@1622726f
11:49:13.212 [TC_HyperLinkCheck@2] INFO  c.b.v2.module.WebdriverModule - beforeCommandExecute: event=com.browserstack.v2.eventBus.Event@572f4a58
11:49:13.271 [TC_HyperLinkCheck@2] INFO  c.b.v2.module.WebdriverModule - afterCommandExecute: event=com.browserstack.v2.eventBus.Event@75fc9b78
11:49:13.333 [TC_HyperLinkCheck@1] INFO  c.b.v2.framework.TestNgFramework - trackEvent: found instance, testFrameworkState=TestFrameworkState.LOG hookState=HookState.PRE instance=-145148935
11:49:13.333 [TC_HyperLinkCheck@1] INFO  c.b.v2.framework.TestNgFramework - trackEvent: load log entries
11:49:13.335 [TC_HyperLinkCheck@1] INFO  c.b.v2.module.TestHubModule - sendLogCreatedEvent: event=com.browserstack.v2.eventBus.Event@369cbde2, response=success: true

11:49:13.335 [TC_HyperLinkCheck@1] INFO  c.b.v2.module.TestHubModule - sendLogCreatedEvent: event=com.browserstack.v2.eventBus.Event@369cbde2
11:49:13.336 [TC_HyperLinkCheck@1] INFO  c.b.v2.module.WebdriverModule - beforeCommandExecute: event=com.browserstack.v2.eventBus.Event@6c0e61f9
11:49:13.366 [TC_SF_002_validate_nonexisting_product@0] INFO  c.b.v2.framework.TestNgFramework - args CHECK = [TestResult name=clearCookies status=STARTED method=TS_005_Search_Functionality.clearCookies()[pri:0, instance:testCases.TS_005_Search_Functionality@177515d1] output={null}]
11:49:13.366 [TC_SF_002_validate_nonexisting_product@0] INFO  c.b.v2.framework.TestNgFramework - Hook Started in PRE key = AFTER_METHOD & hook = {hook_name=clearCookies, hook_result=pending, test_file_path=opencart\src\test\java\testCases\TS_005_Search_Functionality.java, event_started_at=2025-06-03T11:49:13.366371800, hook_id=ac1210a0-5e46-454a-800e-7d0579acf3db, hook_logs=[], key=AFTER_METHOD, custom_metadata={}, test_location=opencart\src\test\java\testCases\TS_005_Search_Functionality.java}  and args = [[TestResult name=clearCookies status=STARTED method=TS_005_Search_Functionality.clearCookies()[pri:0, instance:testCases.TS_005_Search_Functionality@177515d1] output={null}], TS_005_Search_Functionality.clearCookies()[pri:0, instance:testCases.TS_005_Search_Functionality@177515d1]]
11:49:13.366 [TC_SF_002_validate_nonexisting_product@0] INFO  c.b.v2.framework.TestNgFramework - trackHookEvents: hook state=AFTER_METHOD.HookState.PRE , hooks started={AFTER_METHOD=[{hook_name=clearCookies, hook_result=pending, test_file_path=opencart\src\test\java\testCases\TS_005_Search_Functionality.java, event_started_at=2025-06-03T11:49:13.366371800, hook_id=ac1210a0-5e46-454a-800e-7d0579acf3db, hook_logs=[], key=AFTER_METHOD, custom_metadata={}, test_location=opencart\src\test\java\testCases\TS_005_Search_Functionality.java}]} , hooks finished={AFTER_METHOD=[]}
11:49:13.369 [TC_SF_002_validate_nonexisting_product@0] INFO  c.b.v2.module.TestHubModule - sendTestFrameworkEvent: event=com.browserstack.v2.eventBus.Event@adad559, response=success: true

11:49:13.371 [clearCookies@0] INFO  c.b.v2.module.WebdriverModule - beforeCommandExecute: event=com.browserstack.v2.eventBus.Event@6d6a81e6
11:49:13.371 [clearCookies@0] INFO  c.b.v2.module.WebdriverModule - beforeCommandExecute: event=com.browserstack.v2.eventBus.Event@64dd7d5d
11:49:13.399 [TC_HyperLinkCheck@1] INFO  c.b.v2.module.WebdriverModule - afterCommandExecute: event=com.browserstack.v2.eventBus.Event@390943cf
11:49:13.402 [clearCookies@0] INFO  c.b.v2.module.WebdriverModule - afterCommandExecute: event=com.browserstack.v2.eventBus.Event@38710c82
11:49:13.402 [clearCookies@0] INFO  c.b.v2.module.WebdriverModule - afterCommandExecute: event=com.browserstack.v2.eventBus.Event@1aec61ae
11:49:13.402 [clearCookies@0] INFO  c.b.v2.framework.TestNgFramework - trackEvent: found instance, testFrameworkState=TestFrameworkState.AFTER_METHOD hookState=HookState.POST instance=-145149897
11:49:13.402 [clearCookies@0] INFO  c.b.v2.framework.TestNgFramework - trackEvent: track hook events
11:49:13.454 [TC_HyperLinkCheck@2] INFO  c.b.v2.framework.TestNgFramework - trackEvent: found instance, testFrameworkState=TestFrameworkState.LOG hookState=HookState.PRE instance=-145147973
11:49:13.454 [TC_HyperLinkCheck@2] INFO  c.b.v2.framework.TestNgFramework - trackEvent: load log entries
11:49:13.457 [TC_HyperLinkCheck@2] INFO  c.b.v2.module.TestHubModule - sendLogCreatedEvent: event=com.browserstack.v2.eventBus.Event@494e82d7, response=success: true

11:49:13.457 [TC_HyperLinkCheck@2] INFO  c.b.v2.module.TestHubModule - sendLogCreatedEvent: event=com.browserstack.v2.eventBus.Event@494e82d7
11:49:13.458 [TC_HyperLinkCheck@2] INFO  c.b.v2.module.WebdriverModule - beforeCommandExecute: event=com.browserstack.v2.eventBus.Event@8d44f39
11:49:13.560 [TC_HyperLinkCheck@1] INFO  c.b.v2.framework.TestNgFramework - trackEvent: found instance, testFrameworkState=TestFrameworkState.LOG hookState=HookState.PRE instance=-145148935
11:49:13.560 [TC_HyperLinkCheck@1] INFO  c.b.v2.framework.TestNgFramework - trackEvent: load log entries
11:49:13.562 [TC_HyperLinkCheck@1] INFO  c.b.v2.module.TestHubModule - sendLogCreatedEvent: event=com.browserstack.v2.eventBus.Event@51d71e9f, response=success: true

11:49:13.562 [TC_HyperLinkCheck@1] INFO  c.b.v2.module.TestHubModule - sendLogCreatedEvent: event=com.browserstack.v2.eventBus.Event@51d71e9f
11:49:13.564 [TC_HyperLinkCheck@1] INFO  c.b.v2.module.WebdriverModule - beforeCommandExecute: event=com.browserstack.v2.eventBus.Event@13a7f837
11:49:13.575 [TC_HyperLinkCheck@2] INFO  c.b.v2.module.WebdriverModule - afterCommandExecute: event=com.browserstack.v2.eventBus.Event@4f34a8b6
11:49:13.599 [clearCookies@0] INFO  c.b.v2.framework.TestNgFramework - args CHECK = [TestResult name=clearCookies status=SUCCESS method=TS_005_Search_Functionality.clearCookies()[pri:0, instance:testCases.TS_005_Search_Functionality@177515d1] output={null}]
11:49:13.599 [clearCookies@0] INFO  c.b.v2.framework.TestNgFramework - Hook List in Post [{hook_name=clearCookies, hook_result=pending, test_file_path=opencart\src\test\java\testCases\TS_005_Search_Functionality.java, event_started_at=2025-06-03T11:49:13.366371800, hook_id=ac1210a0-5e46-454a-800e-7d0579acf3db, hook_logs=[], key=AFTER_METHOD, custom_metadata={}, test_location=opencart\src\test\java\testCases\TS_005_Search_Functionality.java}] and args = [[TestResult name=clearCookies status=SUCCESS method=TS_005_Search_Functionality.clearCookies()[pri:0, instance:testCases.TS_005_Search_Functionality@177515d1] output={null}], TS_005_Search_Functionality.clearCookies()[pri:0, instance:testCases.TS_005_Search_Functionality@177515d1]]
11:49:13.599 [clearCookies@0] INFO  c.b.v2.framework.TestNgFramework - Processing HookLevel attachments from directory: C:\Users\devbase\.browserstack\UploadedAttachments-65\HookLevel
11:49:13.599 [clearCookies@0] INFO  c.b.v2.framework.TestNgFramework - Checking hookLevelFiles: []
11:49:13.599 [clearCookies@0] INFO  c.b.v2.framework.TestNgFramework - checking Paths of files = C:\Users\devbase\.browserstack\UploadedAttachments-65\HookLevel\BuildLevelHookEvent and abs path = C:\Users\devbase\.browserstack\UploadedAttachments-65\HookLevel\BuildLevelHookEvent 
11:49:13.600 [clearCookies@0] INFO  c.b.v2.framework.TestNgFramework - Processing BuildLevelHookEvent attachments from directory: C:\Users\devbase\.browserstack\UploadedAttachments-65\HookLevel\BuildLevelHookEvent
11:49:13.600 [clearCookies@0] INFO  c.b.v2.framework.TestNgFramework - Processing TestLevel attachments eventLogs: []
11:49:13.600 [clearCookies@0] INFO  c.b.v2.framework.TestNgFramework - sendLogCreatedEvent: No Log Events to send
11:49:13.600 [clearCookies@0] INFO  c.b.v2.framework.TestNgFramework - trackHookEvents: hook state=AFTER_METHOD.HookState.POST , hooks started={AFTER_METHOD=[]} , hooks finished={AFTER_METHOD=[{hook_name=clearCookies, hook_result=passed, test_file_path=opencart\src\test\java\testCases\TS_005_Search_Functionality.java, event_started_at=2025-06-03T11:49:13.366371800, hook_id=ac1210a0-5e46-454a-800e-7d0579acf3db, hook_logs=[], logs=[], key=AFTER_METHOD, custom_metadata={}, event_ended_at=2025-06-03T11:49:13.599431100, test_location=opencart\src\test\java\testCases\TS_005_Search_Functionality.java}]}
11:49:13.603 [clearCookies@0] INFO  c.b.v2.module.TestHubModule - sendTestFrameworkEvent: event=com.browserstack.v2.eventBus.Event@65b5ef3f, response=success: true

11:49:13.607 [clearCookies@0] INFO  c.b.v2.framework.TestNgFramework - trackTestNgTest: saved instance contextId=-145149897 target=C:/Users/RPA Base/Projects/opencart/src/test/java/testCases-0@0 instances=[-145148935, -145147973, -145149897]
11:49:13.607 [clearCookies@0] INFO  c.b.v2.framework.TestNgFramework - trackEvent: found instance, testFrameworkState=TestFrameworkState.TEST hookState=HookState.PRE instance=-145149897
11:49:13.626 [TC_HyperLinkCheck@1] INFO  c.b.v2.module.WebdriverModule - afterCommandExecute: event=com.browserstack.v2.eventBus.Event@4fd88c8
11:49:13.777 [TC_HyperLinkCheck@2] INFO  c.b.v2.framework.TestNgFramework - trackEvent: found instance, testFrameworkState=TestFrameworkState.LOG hookState=HookState.PRE instance=-145147973
11:49:13.777 [TC_HyperLinkCheck@2] INFO  c.b.v2.framework.TestNgFramework - trackEvent: load log entries
11:49:13.780 [TC_HyperLinkCheck@2] INFO  c.b.v2.module.TestHubModule - sendLogCreatedEvent: event=com.browserstack.v2.eventBus.Event@7ab1cc85, response=success: true

11:49:13.780 [TC_HyperLinkCheck@2] INFO  c.b.v2.module.TestHubModule - sendLogCreatedEvent: event=com.browserstack.v2.eventBus.Event@7ab1cc85
11:49:13.781 [TC_HyperLinkCheck@2] INFO  c.b.v2.module.WebdriverModule - beforeCommandExecute: event=com.browserstack.v2.eventBus.Event@54b422e
11:49:13.802 [clearCookies@0] INFO  c.b.v2.framework.TestNgFramework - trackEvent: loaded initial test data to instance, testFrameworkState=TestFrameworkState.TEST hookState=HookState.PRE instance=-145149897
11:49:13.803 [clearCookies@0] INFO  c.b.v2.module.WebdriverModule - onBeforeTest: event=com.browserstack.v2.eventBus.Event@5b4b5ccc
11:49:13.805 [clearCookies@0] INFO  c.b.v2.module.TestHubModule - sendTestFrameworkEvent: event=com.browserstack.v2.eventBus.Event@5b4b5ccc, response=success: true

11:49:13.806 [clearCookies@0] INFO  c.b.v2.module.ObservabilityModule - onBeforeTest: event={instance=com.browserstack.v2.instance.TestFrameworkInstance@5ecaed25, testFrameworkState=TestFrameworkState.TEST, testInstance=com.browserstack.v2.instance.TestFrameworkInstance@5ecaed25, hookState=HookState.PRE}
11:49:13.806 [clearCookies@0] INFO  c.b.v2.module.ObservabilityModule - performO11ySync: Performing O11y Sync
11:49:13.816 [TC_HyperLinkCheck@1] INFO  c.b.v2.framework.TestNgFramework - trackEvent: found instance, testFrameworkState=TestFrameworkState.LOG hookState=HookState.PRE instance=-145148935
11:49:13.816 [TC_HyperLinkCheck@1] INFO  c.b.v2.framework.TestNgFramework - trackEvent: load log entries
11:49:13.818 [TC_HyperLinkCheck@1] INFO  c.b.v2.module.TestHubModule - sendLogCreatedEvent: event=com.browserstack.v2.eventBus.Event@1a53eab, response=success: true

11:49:13.818 [TC_HyperLinkCheck@1] INFO  c.b.v2.module.TestHubModule - sendLogCreatedEvent: event=com.browserstack.v2.eventBus.Event@1a53eab
11:49:13.819 [TC_HyperLinkCheck@1] INFO  c.b.v2.module.WebdriverModule - beforeCommandExecute: event=com.browserstack.v2.eventBus.Event@69764d9f
11:49:13.819 [TC_SF_003_validate_blank_search@0] INFO  c.b.v2.module.WebdriverModule - beforeCommandExecute: event=com.browserstack.v2.eventBus.Event@4bbf3a1f
11:49:13.837 [TC_HyperLinkCheck@2] INFO  c.b.v2.module.WebdriverModule - afterCommandExecute: event=com.browserstack.v2.eventBus.Event@10f3957f
11:49:13.852 [TC_SF_003_validate_blank_search@0] INFO  c.b.v2.module.WebdriverModule - afterCommandExecute: event=com.browserstack.v2.eventBus.Event@456d34f2
11:49:13.853 [TC_SF_003_validate_blank_search@0] INFO  c.b.v2.module.WebdriverModule - beforeCommandExecute: event=com.browserstack.v2.eventBus.Event@6fe6b583
11:49:13.912 [TC_HyperLinkCheck@1] INFO  c.b.v2.module.WebdriverModule - afterCommandExecute: event=com.browserstack.v2.eventBus.Event@d68f598
11:49:13.960 [TC_SF_003_validate_blank_search@0] INFO  c.b.v2.module.WebdriverModule - afterCommandExecute: event=com.browserstack.v2.eventBus.Event@5465ebea
11:49:13.960 [TC_SF_003_validate_blank_search@0] INFO  c.b.v2.module.WebdriverModule - beforeCommandExecute: event=com.browserstack.v2.eventBus.Event@1d79a6d4
11:49:13.991 [TC_SF_003_validate_blank_search@0] INFO  c.b.v2.module.WebdriverModule - afterCommandExecute: event=com.browserstack.v2.eventBus.Event@11c7aa4f
11:49:13.991 [TC_SF_003_validate_blank_search@0] INFO  c.b.v2.module.WebdriverModule - beforeCommandExecute: event=com.browserstack.v2.eventBus.Event@64b8e6e2
11:49:14.013 [TC_HyperLinkCheck@2] INFO  c.b.v2.framework.TestNgFramework - trackEvent: found instance, testFrameworkState=TestFrameworkState.LOG hookState=HookState.PRE instance=-145147973
11:49:14.013 [TC_HyperLinkCheck@2] INFO  c.b.v2.framework.TestNgFramework - trackEvent: load log entries
11:49:14.015 [TC_HyperLinkCheck@2] INFO  c.b.v2.module.TestHubModule - sendLogCreatedEvent: event=com.browserstack.v2.eventBus.Event@1dbaf3bf, response=success: true

11:49:14.015 [TC_HyperLinkCheck@2] INFO  c.b.v2.module.TestHubModule - sendLogCreatedEvent: event=com.browserstack.v2.eventBus.Event@1dbaf3bf
11:49:14.016 [TC_HyperLinkCheck@2] INFO  c.b.v2.module.WebdriverModule - beforeCommandExecute: event=com.browserstack.v2.eventBus.Event@19bbd52
11:49:14.053 [TC_HyperLinkCheck@1] INFO  c.b.v2.framework.TestNgFramework - trackEvent: found instance, testFrameworkState=TestFrameworkState.LOG hookState=HookState.PRE instance=-145148935
11:49:14.054 [TC_HyperLinkCheck@1] INFO  c.b.v2.framework.TestNgFramework - trackEvent: load log entries
11:49:14.057 [TC_HyperLinkCheck@1] INFO  c.b.v2.module.TestHubModule - sendLogCreatedEvent: event=com.browserstack.v2.eventBus.Event@531a0888, response=success: true

11:49:14.057 [TC_HyperLinkCheck@1] INFO  c.b.v2.module.TestHubModule - sendLogCreatedEvent: event=com.browserstack.v2.eventBus.Event@531a0888
11:49:14.058 [TC_HyperLinkCheck@1] INFO  c.b.v2.module.WebdriverModule - beforeCommandExecute: event=com.browserstack.v2.eventBus.Event@509a0b35
11:49:14.116 [TC_HyperLinkCheck@1] INFO  c.b.v2.module.WebdriverModule - afterCommandExecute: event=com.browserstack.v2.eventBus.Event@19d8b9f5
11:49:14.122 [TC_HyperLinkCheck@2] INFO  c.b.v2.module.WebdriverModule - afterCommandExecute: event=com.browserstack.v2.eventBus.Event@2450c76
11:49:14.232 [TC_SF_003_validate_blank_search@0] INFO  c.b.v2.module.WebdriverModule - afterCommandExecute: event=com.browserstack.v2.eventBus.Event@de5902e
11:49:14.232 [TC_SF_003_validate_blank_search@0] INFO  c.b.v2.module.WebdriverModule - beforeCommandExecute: event=com.browserstack.v2.eventBus.Event@5daed99b
11:49:14.268 [TC_SF_003_validate_blank_search@0] INFO  c.b.v2.module.WebdriverModule - afterCommandExecute: event=com.browserstack.v2.eventBus.Event@7d3fa8fd
11:49:14.268 [TC_SF_003_validate_blank_search@0] INFO  c.b.v2.module.WebdriverModule - beforeCommandExecute: event=com.browserstack.v2.eventBus.Event@4e87f71d
11:49:14.291 [TC_SF_003_validate_blank_search@0] INFO  c.b.v2.module.WebdriverModule - afterCommandExecute: event=com.browserstack.v2.eventBus.Event@7a309842
11:49:14.291 [TC_SF_003_validate_blank_search@0] INFO  c.b.v2.framework.TestNgFramework - trackEvent: found instance, testFrameworkState=TestFrameworkState.LOG_REPORT hookState=HookState.PRE instance=-145149897
11:49:14.291 [TC_SF_003_validate_blank_search@0] INFO  c.b.v2.framework.TestNgFramework - trackEvent: found instance, testFrameworkState=TestFrameworkState.LOG_REPORT hookState=HookState.POST instance=-145149897
11:49:14.291 [TC_SF_003_validate_blank_search@0] INFO  c.b.v2.framework.TestNgFramework - trackEvent: load test results
11:49:14.291 [TC_SF_003_validate_blank_search@0] INFO  c.b.v2.framework.TestNgFramework - trackEvent: found instance, testFrameworkState=TestFrameworkState.TEST hookState=HookState.POST instance=-145149897
11:49:14.291 [TC_SF_003_validate_blank_search@0] INFO  c.b.v2.module.WebdriverModule - onAfterTest: event=com.browserstack.v2.eventBus.Event@779a58f8
11:49:14.329 [TC_HyperLinkCheck@2] INFO  c.b.v2.framework.TestNgFramework - trackEvent: found instance, testFrameworkState=TestFrameworkState.LOG hookState=HookState.PRE instance=-145147973
11:49:14.329 [TC_HyperLinkCheck@2] INFO  c.b.v2.framework.TestNgFramework - trackEvent: load log entries
11:49:14.331 [TC_HyperLinkCheck@2] INFO  c.b.v2.module.TestHubModule - sendLogCreatedEvent: event=com.browserstack.v2.eventBus.Event@2ac0a803, response=success: true

11:49:14.331 [TC_HyperLinkCheck@2] INFO  c.b.v2.module.TestHubModule - sendLogCreatedEvent: event=com.browserstack.v2.eventBus.Event@2ac0a803
11:49:14.331 [TC_HyperLinkCheck@1] INFO  c.b.v2.framework.TestNgFramework - trackEvent: found instance, testFrameworkState=TestFrameworkState.LOG hookState=HookState.PRE instance=-145148935
11:49:14.331 [TC_HyperLinkCheck@1] INFO  c.b.v2.framework.TestNgFramework - trackEvent: load log entries
11:49:14.332 [TC_HyperLinkCheck@2] INFO  c.b.v2.module.WebdriverModule - beforeCommandExecute: event=com.browserstack.v2.eventBus.Event@30c25691
11:49:14.332 [TC_HyperLinkCheck@1] INFO  c.b.v2.module.TestHubModule - sendLogCreatedEvent: event=com.browserstack.v2.eventBus.Event@125de992, response=success: true

11:49:14.332 [TC_HyperLinkCheck@1] INFO  c.b.v2.module.TestHubModule - sendLogCreatedEvent: event=com.browserstack.v2.eventBus.Event@125de992
11:49:14.333 [TC_HyperLinkCheck@1] INFO  c.b.v2.module.WebdriverModule - beforeCommandExecute: event=com.browserstack.v2.eventBus.Event@779f6635
11:49:14.397 [TC_HyperLinkCheck@1] INFO  c.b.v2.module.WebdriverModule - afterCommandExecute: event=com.browserstack.v2.eventBus.Event@3f98876
11:49:14.438 [TC_HyperLinkCheck@2] INFO  c.b.v2.module.WebdriverModule - afterCommandExecute: event=com.browserstack.v2.eventBus.Event@39c8c38f
11:49:14.604 [TC_HyperLinkCheck@2] INFO  c.b.v2.framework.TestNgFramework - trackEvent: found instance, testFrameworkState=TestFrameworkState.LOG hookState=HookState.PRE instance=-145147973
11:49:14.604 [TC_HyperLinkCheck@2] INFO  c.b.v2.framework.TestNgFramework - trackEvent: load log entries
11:49:14.606 [TC_HyperLinkCheck@2] INFO  c.b.v2.module.TestHubModule - sendLogCreatedEvent: event=com.browserstack.v2.eventBus.Event@e7384e2, response=success: true

11:49:14.606 [TC_HyperLinkCheck@2] INFO  c.b.v2.module.TestHubModule - sendLogCreatedEvent: event=com.browserstack.v2.eventBus.Event@e7384e2
11:49:14.607 [TC_HyperLinkCheck@2] INFO  c.b.v2.module.WebdriverModule - beforeCommandExecute: event=com.browserstack.v2.eventBus.Event@13eb1c9b
11:49:14.654 [TC_HyperLinkCheck@2] INFO  c.b.v2.module.WebdriverModule - afterCommandExecute: event=com.browserstack.v2.eventBus.Event@6b6b71bc
11:49:14.800 [TC_HyperLinkCheck@1] INFO  c.b.v2.framework.TestNgFramework - trackEvent: found instance, testFrameworkState=TestFrameworkState.LOG hookState=HookState.PRE instance=-145148935
11:49:14.800 [TC_HyperLinkCheck@1] INFO  c.b.v2.framework.TestNgFramework - trackEvent: load log entries
11:49:14.802 [TC_HyperLinkCheck@1] INFO  c.b.v2.module.TestHubModule - sendLogCreatedEvent: event=com.browserstack.v2.eventBus.Event@5a7a0201, response=success: true

11:49:14.802 [TC_HyperLinkCheck@1] INFO  c.b.v2.module.TestHubModule - sendLogCreatedEvent: event=com.browserstack.v2.eventBus.Event@5a7a0201
11:49:14.803 [TC_HyperLinkCheck@1] INFO  c.b.v2.module.WebdriverModule - beforeCommandExecute: event=com.browserstack.v2.eventBus.Event@60ad160d
11:49:14.845 [TC_HyperLinkCheck@2] INFO  c.b.v2.framework.TestNgFramework - trackEvent: found instance, testFrameworkState=TestFrameworkState.LOG hookState=HookState.PRE instance=-145147973
11:49:14.845 [TC_HyperLinkCheck@2] INFO  c.b.v2.framework.TestNgFramework - trackEvent: load log entries
11:49:14.847 [TC_HyperLinkCheck@2] INFO  c.b.v2.module.TestHubModule - sendLogCreatedEvent: event=com.browserstack.v2.eventBus.Event@4ef6bfd7, response=success: true

11:49:14.847 [TC_HyperLinkCheck@2] INFO  c.b.v2.module.TestHubModule - sendLogCreatedEvent: event=com.browserstack.v2.eventBus.Event@4ef6bfd7
11:49:14.848 [TC_HyperLinkCheck@2] INFO  c.b.v2.module.WebdriverModule - beforeCommandExecute: event=com.browserstack.v2.eventBus.Event@55a9798f
11:49:14.901 [TC_HyperLinkCheck@1] INFO  c.b.v2.module.WebdriverModule - afterCommandExecute: event=com.browserstack.v2.eventBus.Event@6cfc8319
11:49:14.933 [TC_HyperLinkCheck@2] INFO  c.b.v2.module.WebdriverModule - afterCommandExecute: event=com.browserstack.v2.eventBus.Event@658c420c
11:49:15.095 [TC_HyperLinkCheck@2] INFO  c.b.v2.framework.TestNgFramework - trackEvent: found instance, testFrameworkState=TestFrameworkState.LOG hookState=HookState.PRE instance=-145147973
11:49:15.095 [TC_HyperLinkCheck@2] INFO  c.b.v2.framework.TestNgFramework - trackEvent: load log entries
11:49:15.099 [TC_HyperLinkCheck@2] INFO  c.b.v2.module.TestHubModule - sendLogCreatedEvent: event=com.browserstack.v2.eventBus.Event@2ecc2a40, response=success: true

11:49:15.099 [TC_HyperLinkCheck@2] INFO  c.b.v2.module.TestHubModule - sendLogCreatedEvent: event=com.browserstack.v2.eventBus.Event@2ecc2a40
11:49:15.100 [TC_HyperLinkCheck@2] INFO  c.b.v2.module.WebdriverModule - beforeCommandExecute: event=com.browserstack.v2.eventBus.Event@7d85ebf7
11:49:15.188 [TC_HyperLinkCheck@2] INFO  c.b.v2.module.WebdriverModule - afterCommandExecute: event=com.browserstack.v2.eventBus.Event@58200be9
11:49:15.316 [TC_HyperLinkCheck@1] INFO  c.b.v2.framework.TestNgFramework - trackEvent: found instance, testFrameworkState=TestFrameworkState.LOG hookState=HookState.PRE instance=-145148935
11:49:15.316 [TC_HyperLinkCheck@1] INFO  c.b.v2.framework.TestNgFramework - trackEvent: load log entries
11:49:15.318 [TC_HyperLinkCheck@1] INFO  c.b.v2.module.TestHubModule - sendLogCreatedEvent: event=com.browserstack.v2.eventBus.Event@6c5be36e, response=success: true

11:49:15.318 [TC_HyperLinkCheck@1] INFO  c.b.v2.module.TestHubModule - sendLogCreatedEvent: event=com.browserstack.v2.eventBus.Event@6c5be36e
11:49:15.319 [TC_HyperLinkCheck@1] INFO  c.b.v2.module.WebdriverModule - beforeCommandExecute: event=com.browserstack.v2.eventBus.Event@1085a6e8
11:49:15.372 [TC_HyperLinkCheck@2] INFO  c.b.v2.framework.TestNgFramework - trackEvent: found instance, testFrameworkState=TestFrameworkState.LOG hookState=HookState.PRE instance=-145147973
11:49:15.372 [TC_HyperLinkCheck@2] INFO  c.b.v2.framework.TestNgFramework - trackEvent: load log entries
11:49:15.374 [TC_HyperLinkCheck@2] INFO  c.b.v2.module.TestHubModule - sendLogCreatedEvent: event=com.browserstack.v2.eventBus.Event@395b17b1, response=success: true

11:49:15.374 [TC_HyperLinkCheck@2] INFO  c.b.v2.module.TestHubModule - sendLogCreatedEvent: event=com.browserstack.v2.eventBus.Event@395b17b1
11:49:15.375 [TC_HyperLinkCheck@2] INFO  c.b.v2.module.WebdriverModule - beforeCommandExecute: event=com.browserstack.v2.eventBus.Event@c5b93e2
11:49:15.432 [TC_HyperLinkCheck@1] INFO  c.b.v2.module.WebdriverModule - afterCommandExecute: event=com.browserstack.v2.eventBus.Event@47eee634
11:49:15.609 [TC_SF_003_validate_blank_search@0] ERROR c.b.utils.SeleniumMethodUtils - Done for sessionid 376bf6266466af189935b89ce6daf512e4f194e6
11:49:15.632 [TC_HyperLinkCheck@2] INFO  c.b.v2.module.WebdriverModule - afterCommandExecute: event=com.browserstack.v2.eventBus.Event@2dca0642
11:49:15.655 [TC_HyperLinkCheck@1] INFO  c.b.v2.framework.TestNgFramework - trackEvent: found instance, testFrameworkState=TestFrameworkState.LOG hookState=HookState.PRE instance=-145148935
11:49:15.655 [TC_HyperLinkCheck@1] INFO  c.b.v2.framework.TestNgFramework - trackEvent: load log entries
11:49:15.657 [TC_HyperLinkCheck@1] INFO  c.b.v2.module.TestHubModule - sendLogCreatedEvent: event=com.browserstack.v2.eventBus.Event@1e73686a, response=success: true

11:49:15.657 [TC_HyperLinkCheck@1] INFO  c.b.v2.module.TestHubModule - sendLogCreatedEvent: event=com.browserstack.v2.eventBus.Event@1e73686a
11:49:15.658 [TC_HyperLinkCheck@1] INFO  c.b.v2.module.WebdriverModule - beforeCommandExecute: event=com.browserstack.v2.eventBus.Event@7886c316
11:49:15.758 [TC_HyperLinkCheck@1] INFO  c.b.v2.module.WebdriverModule - afterCommandExecute: event=com.browserstack.v2.eventBus.Event@3eda18d6
11:49:15.904 [TC_HyperLinkCheck@2] INFO  c.b.v2.framework.TestNgFramework - trackEvent: found instance, testFrameworkState=TestFrameworkState.LOG hookState=HookState.PRE instance=-145147973
11:49:15.904 [TC_HyperLinkCheck@2] INFO  c.b.v2.framework.TestNgFramework - trackEvent: load log entries
11:49:15.906 [TC_HyperLinkCheck@2] INFO  c.b.v2.module.TestHubModule - sendLogCreatedEvent: event=com.browserstack.v2.eventBus.Event@755c2cd0, response=success: true

11:49:15.906 [TC_HyperLinkCheck@2] INFO  c.b.v2.module.TestHubModule - sendLogCreatedEvent: event=com.browserstack.v2.eventBus.Event@755c2cd0
11:49:15.907 [TC_HyperLinkCheck@2] INFO  c.b.v2.module.WebdriverModule - beforeCommandExecute: event=com.browserstack.v2.eventBus.Event@7f5bce07
11:49:15.919 [TC_SF_003_validate_blank_search@0] INFO  c.b.v2.module.TestHubModule - onAfterTest: event={com.browserstack.v2.eventBus.Event@779a58f8}
11:49:15.923 [TC_SF_003_validate_blank_search@0] INFO  c.b.v2.module.TestHubModule - sendTestSessionEvent: event=com.browserstack.v2.eventBus.Event@779a58f8, response=success: true

11:49:15.927 [TC_SF_003_validate_blank_search@0] INFO  c.b.v2.module.TestHubModule - sendTestFrameworkEvent: event=com.browserstack.v2.eventBus.Event@779a58f8, response=success: true

11:49:15.929 [TC_SF_003_validate_blank_search@0] INFO  c.b.v2.framework.TestNgFramework - trackEvent: found instance, testFrameworkState=TestFrameworkState.AFTER_METHOD hookState=HookState.PRE instance=-145149897
11:49:15.929 [TC_SF_003_validate_blank_search@0] INFO  c.b.v2.framework.TestNgFramework - trackEvent: track hook events
11:49:16.004 [TC_HyperLinkCheck@2] INFO  c.b.v2.module.WebdriverModule - afterCommandExecute: event=com.browserstack.v2.eventBus.Event@35673ad5
11:49:16.115 [TC_HyperLinkCheck@1] INFO  c.b.v2.framework.TestNgFramework - trackEvent: found instance, testFrameworkState=TestFrameworkState.LOG hookState=HookState.PRE instance=-145148935
11:49:16.115 [TC_HyperLinkCheck@1] INFO  c.b.v2.framework.TestNgFramework - trackEvent: load log entries
11:49:16.120 [TC_HyperLinkCheck@1] INFO  c.b.v2.module.TestHubModule - sendLogCreatedEvent: event=com.browserstack.v2.eventBus.Event@2f0406c8, response=success: true

11:49:16.120 [TC_HyperLinkCheck@1] INFO  c.b.v2.module.TestHubModule - sendLogCreatedEvent: event=com.browserstack.v2.eventBus.Event@2f0406c8
11:49:16.122 [TC_HyperLinkCheck@1] INFO  c.b.v2.module.WebdriverModule - beforeCommandExecute: event=com.browserstack.v2.eventBus.Event@139342d
11:49:16.133 [TC_SF_003_validate_blank_search@0] INFO  c.b.v2.framework.TestNgFramework - args CHECK = [TestResult name=clearCookies status=STARTED method=TS_005_Search_Functionality.clearCookies()[pri:0, instance:testCases.TS_005_Search_Functionality@177515d1] output={null}]
11:49:16.133 [TC_SF_003_validate_blank_search@0] INFO  c.b.v2.framework.TestNgFramework - Hook Started in PRE key = AFTER_METHOD & hook = {hook_name=clearCookies, hook_result=pending, test_file_path=opencart\src\test\java\testCases\TS_005_Search_Functionality.java, event_started_at=2025-06-03T11:49:16.133674600, hook_id=d086ce29-0f95-4743-9fd9-788c512042f8, hook_logs=[], key=AFTER_METHOD, custom_metadata={}, test_location=opencart\src\test\java\testCases\TS_005_Search_Functionality.java}  and args = [[TestResult name=clearCookies status=STARTED method=TS_005_Search_Functionality.clearCookies()[pri:0, instance:testCases.TS_005_Search_Functionality@177515d1] output={null}], TS_005_Search_Functionality.clearCookies()[pri:0, instance:testCases.TS_005_Search_Functionality@177515d1]]
11:49:16.133 [TC_SF_003_validate_blank_search@0] INFO  c.b.v2.framework.TestNgFramework - trackHookEvents: hook state=AFTER_METHOD.HookState.PRE , hooks started={AFTER_METHOD=[{hook_name=clearCookies, hook_result=pending, test_file_path=opencart\src\test\java\testCases\TS_005_Search_Functionality.java, event_started_at=2025-06-03T11:49:16.133674600, hook_id=d086ce29-0f95-4743-9fd9-788c512042f8, hook_logs=[], key=AFTER_METHOD, custom_metadata={}, test_location=opencart\src\test\java\testCases\TS_005_Search_Functionality.java}]} , hooks finished={AFTER_METHOD=[]}
11:49:16.136 [TC_SF_003_validate_blank_search@0] INFO  c.b.v2.module.TestHubModule - sendTestFrameworkEvent: event=com.browserstack.v2.eventBus.Event@36d40ecf, response=success: true

11:49:16.138 [clearCookies@0] INFO  c.b.v2.module.WebdriverModule - beforeCommandExecute: event=com.browserstack.v2.eventBus.Event@41a4f9f1
11:49:16.138 [clearCookies@0] INFO  c.b.v2.module.WebdriverModule - beforeCommandExecute: event=com.browserstack.v2.eventBus.Event@11db40c5
11:49:16.174 [clearCookies@0] INFO  c.b.v2.module.WebdriverModule - afterCommandExecute: event=com.browserstack.v2.eventBus.Event@7ef9647
11:49:16.174 [clearCookies@0] INFO  c.b.v2.module.WebdriverModule - afterCommandExecute: event=com.browserstack.v2.eventBus.Event@5a48ad25
11:49:16.174 [clearCookies@0] INFO  c.b.v2.framework.TestNgFramework - trackEvent: found instance, testFrameworkState=TestFrameworkState.AFTER_METHOD hookState=HookState.POST instance=-145149897
11:49:16.175 [clearCookies@0] INFO  c.b.v2.framework.TestNgFramework - trackEvent: track hook events
11:49:16.177 [TC_HyperLinkCheck@1] INFO  c.b.v2.module.WebdriverModule - afterCommandExecute: event=com.browserstack.v2.eventBus.Event@3dd0e1f1
11:49:16.177 [TC_HyperLinkCheck@1] INFO  c.b.v2.framework.TestNgFramework - trackEvent: found instance, testFrameworkState=TestFrameworkState.LOG hookState=HookState.PRE instance=-145148935
11:49:16.177 [TC_HyperLinkCheck@1] INFO  c.b.v2.framework.TestNgFramework - trackEvent: load log entries
11:49:16.179 [TC_HyperLinkCheck@1] INFO  c.b.v2.module.TestHubModule - sendLogCreatedEvent: event=com.browserstack.v2.eventBus.Event@1617de93, response=success: true

11:49:16.179 [TC_HyperLinkCheck@1] INFO  c.b.v2.module.TestHubModule - sendLogCreatedEvent: event=com.browserstack.v2.eventBus.Event@1617de93
11:49:16.180 [TC_HyperLinkCheck@1] INFO  c.b.v2.framework.TestNgFramework - trackEvent: found instance, testFrameworkState=TestFrameworkState.LOG_REPORT hookState=HookState.PRE instance=-145148935
11:49:16.180 [TC_HyperLinkCheck@1] INFO  c.b.v2.framework.TestNgFramework - trackEvent: found instance, testFrameworkState=TestFrameworkState.LOG_REPORT hookState=HookState.POST instance=-145148935
11:49:16.180 [TC_HyperLinkCheck@1] INFO  c.b.v2.framework.TestNgFramework - trackEvent: load test results
11:49:16.181 [TC_HyperLinkCheck@1] INFO  c.b.v2.framework.TestNgFramework - trackEvent: found instance, testFrameworkState=TestFrameworkState.TEST hookState=HookState.POST instance=-145148935
11:49:16.181 [TC_HyperLinkCheck@1] INFO  c.b.v2.module.WebdriverModule - onAfterTest: event=com.browserstack.v2.eventBus.Event@4511a47
11:49:16.296 [TC_HyperLinkCheck@2] INFO  c.b.v2.framework.TestNgFramework - trackEvent: found instance, testFrameworkState=TestFrameworkState.LOG hookState=HookState.PRE instance=-145147973
11:49:16.296 [TC_HyperLinkCheck@2] INFO  c.b.v2.framework.TestNgFramework - trackEvent: load log entries
11:49:16.298 [TC_HyperLinkCheck@2] INFO  c.b.v2.module.TestHubModule - sendLogCreatedEvent: event=com.browserstack.v2.eventBus.Event@1ff0b6c0, response=success: true

11:49:16.298 [TC_HyperLinkCheck@2] INFO  c.b.v2.module.TestHubModule - sendLogCreatedEvent: event=com.browserstack.v2.eventBus.Event@1ff0b6c0
11:49:16.300 [TC_HyperLinkCheck@2] INFO  c.b.v2.module.WebdriverModule - beforeCommandExecute: event=com.browserstack.v2.eventBus.Event@6860ea1e
11:49:16.374 [clearCookies@0] INFO  c.b.v2.framework.TestNgFramework - args CHECK = [TestResult name=clearCookies status=SUCCESS method=TS_005_Search_Functionality.clearCookies()[pri:0, instance:testCases.TS_005_Search_Functionality@177515d1] output={null}]
11:49:16.374 [clearCookies@0] INFO  c.b.v2.framework.TestNgFramework - Hook List in Post [{hook_name=clearCookies, hook_result=pending, test_file_path=opencart\src\test\java\testCases\TS_005_Search_Functionality.java, event_started_at=2025-06-03T11:49:16.133674600, hook_id=d086ce29-0f95-4743-9fd9-788c512042f8, hook_logs=[], key=AFTER_METHOD, custom_metadata={}, test_location=opencart\src\test\java\testCases\TS_005_Search_Functionality.java}] and args = [[TestResult name=clearCookies status=SUCCESS method=TS_005_Search_Functionality.clearCookies()[pri:0, instance:testCases.TS_005_Search_Functionality@177515d1] output={null}], TS_005_Search_Functionality.clearCookies()[pri:0, instance:testCases.TS_005_Search_Functionality@177515d1]]
11:49:16.374 [clearCookies@0] INFO  c.b.v2.framework.TestNgFramework - Processing HookLevel attachments from directory: C:\Users\devbase\.browserstack\UploadedAttachments-65\HookLevel
11:49:16.374 [clearCookies@0] INFO  c.b.v2.framework.TestNgFramework - Checking hookLevelFiles: []
11:49:16.375 [clearCookies@0] INFO  c.b.v2.framework.TestNgFramework - checking Paths of files = C:\Users\devbase\.browserstack\UploadedAttachments-65\HookLevel\BuildLevelHookEvent and abs path = C:\Users\devbase\.browserstack\UploadedAttachments-65\HookLevel\BuildLevelHookEvent 
11:49:16.375 [clearCookies@0] INFO  c.b.v2.framework.TestNgFramework - Processing BuildLevelHookEvent attachments from directory: C:\Users\devbase\.browserstack\UploadedAttachments-65\HookLevel\BuildLevelHookEvent
11:49:16.375 [clearCookies@0] INFO  c.b.v2.framework.TestNgFramework - Processing TestLevel attachments eventLogs: []
11:49:16.375 [clearCookies@0] INFO  c.b.v2.framework.TestNgFramework - sendLogCreatedEvent: No Log Events to send
11:49:16.375 [clearCookies@0] INFO  c.b.v2.framework.TestNgFramework - trackHookEvents: hook state=AFTER_METHOD.HookState.POST , hooks started={AFTER_METHOD=[]} , hooks finished={AFTER_METHOD=[{hook_name=clearCookies, hook_result=passed, test_file_path=opencart\src\test\java\testCases\TS_005_Search_Functionality.java, event_started_at=2025-06-03T11:49:16.133674600, hook_id=d086ce29-0f95-4743-9fd9-788c512042f8, hook_logs=[], logs=[], key=AFTER_METHOD, custom_metadata={}, event_ended_at=2025-06-03T11:49:16.374233600, test_location=opencart\src\test\java\testCases\TS_005_Search_Functionality.java}]}
11:49:16.378 [clearCookies@0] INFO  c.b.v2.module.TestHubModule - sendTestFrameworkEvent: event=com.browserstack.v2.eventBus.Event@13cb46f4, response=success: true

11:49:16.382 [clearCookies@0] INFO  c.b.v2.framework.TestNgFramework - trackTestNgTest: saved instance contextId=-145149897 target=C:/Users/RPA Base/Projects/opencart/src/test/java/testCases-0@0 instances=[-145148935, -145147973, -145149897]
11:49:16.382 [clearCookies@0] INFO  c.b.v2.framework.TestNgFramework - trackEvent: found instance, testFrameworkState=TestFrameworkState.TEST hookState=HookState.PRE instance=-145149897
11:49:16.384 [TC_HyperLinkCheck@2] INFO  c.b.v2.module.WebdriverModule - afterCommandExecute: event=com.browserstack.v2.eventBus.Event@5f062294
11:49:16.519 [TC_HyperLinkCheck@2] INFO  c.b.v2.framework.TestNgFramework - trackEvent: found instance, testFrameworkState=TestFrameworkState.LOG hookState=HookState.PRE instance=-145147973
11:49:16.520 [TC_HyperLinkCheck@2] INFO  c.b.v2.framework.TestNgFramework - trackEvent: load log entries
11:49:16.522 [TC_HyperLinkCheck@2] INFO  c.b.v2.module.TestHubModule - sendLogCreatedEvent: event=com.browserstack.v2.eventBus.Event@77001da7, response=success: true

11:49:16.522 [TC_HyperLinkCheck@2] INFO  c.b.v2.module.TestHubModule - sendLogCreatedEvent: event=com.browserstack.v2.eventBus.Event@77001da7
11:49:16.524 [TC_HyperLinkCheck@2] INFO  c.b.v2.module.WebdriverModule - beforeCommandExecute: event=com.browserstack.v2.eventBus.Event@2e7de573
11:49:16.535 [TC_HyperLinkCheck@1] ERROR c.b.utils.SeleniumMethodUtils - Done for sessionid 9222f9ba4e3bcd407480d43b61eea7b584cd0403
11:49:16.572 [TC_HyperLinkCheck@2] INFO  c.b.v2.module.WebdriverModule - afterCommandExecute: event=com.browserstack.v2.eventBus.Event@616cfe22
11:49:16.580 [clearCookies@0] INFO  c.b.v2.framework.TestNgFramework - trackEvent: loaded initial test data to instance, testFrameworkState=TestFrameworkState.TEST hookState=HookState.PRE instance=-145149897
11:49:16.580 [clearCookies@0] INFO  c.b.v2.module.WebdriverModule - onBeforeTest: event=com.browserstack.v2.eventBus.Event@4e7a0ca2
11:49:16.582 [clearCookies@0] INFO  c.b.v2.module.TestHubModule - sendTestFrameworkEvent: event=com.browserstack.v2.eventBus.Event@4e7a0ca2, response=success: true

11:49:16.583 [clearCookies@0] INFO  c.b.v2.module.ObservabilityModule - onBeforeTest: event={instance=com.browserstack.v2.instance.TestFrameworkInstance@25a6347b, testFrameworkState=TestFrameworkState.TEST, testInstance=com.browserstack.v2.instance.TestFrameworkInstance@25a6347b, hookState=HookState.PRE}
11:49:16.583 [clearCookies@0] INFO  c.b.v2.module.ObservabilityModule - performO11ySync: Performing O11y Sync
11:49:16.606 [TC_SF_004_validate_existing_product_after_login@0] INFO  c.b.v2.module.WebdriverModule - beforeCommandExecute: event=com.browserstack.v2.eventBus.Event@69387607
11:49:16.633 [TC_SF_004_validate_existing_product_after_login@0] INFO  c.b.v2.module.WebdriverModule - afterCommandExecute: event=com.browserstack.v2.eventBus.Event@79a2f725
11:49:16.634 [TC_SF_004_validate_existing_product_after_login@0] INFO  c.b.v2.module.WebdriverModule - beforeCommandExecute: event=com.browserstack.v2.eventBus.Event@279fe55b
11:49:16.706 [TC_HyperLinkCheck@2] INFO  c.b.v2.framework.TestNgFramework - trackEvent: found instance, testFrameworkState=TestFrameworkState.LOG hookState=HookState.PRE instance=-145147973
11:49:16.706 [TC_HyperLinkCheck@2] INFO  c.b.v2.framework.TestNgFramework - trackEvent: load log entries
11:49:16.708 [TC_HyperLinkCheck@2] INFO  c.b.v2.module.TestHubModule - sendLogCreatedEvent: event=com.browserstack.v2.eventBus.Event@514126c3, response=success: true

11:49:16.708 [TC_HyperLinkCheck@2] INFO  c.b.v2.module.TestHubModule - sendLogCreatedEvent: event=com.browserstack.v2.eventBus.Event@514126c3
11:49:16.709 [TC_HyperLinkCheck@2] INFO  c.b.v2.module.WebdriverModule - beforeCommandExecute: event=com.browserstack.v2.eventBus.Event@10644661
11:49:16.720 [TC_SF_004_validate_existing_product_after_login@0] INFO  c.b.v2.module.WebdriverModule - afterCommandExecute: event=com.browserstack.v2.eventBus.Event@7bdf8200
11:49:16.720 [TC_SF_004_validate_existing_product_after_login@0] INFO  c.b.v2.module.WebdriverModule - beforeCommandExecute: event=com.browserstack.v2.eventBus.Event@32be1f08
11:49:16.748 [TC_SF_004_validate_existing_product_after_login@0] INFO  c.b.v2.module.WebdriverModule - afterCommandExecute: event=com.browserstack.v2.eventBus.Event@38e1991a
11:49:16.748 [TC_SF_004_validate_existing_product_after_login@0] INFO  c.b.v2.module.WebdriverModule - beforeCommandExecute: event=com.browserstack.v2.eventBus.Event@1b2053e1
11:49:16.805 [TC_HyperLinkCheck@2] INFO  c.b.v2.module.WebdriverModule - afterCommandExecute: event=com.browserstack.v2.eventBus.Event@26a3f912
11:49:16.871 [TC_HyperLinkCheck@1] INFO  c.b.v2.module.TestHubModule - onAfterTest: event={com.browserstack.v2.eventBus.Event@4511a47}
11:49:16.874 [TC_HyperLinkCheck@1] INFO  c.b.v2.module.TestHubModule - sendTestSessionEvent: event=com.browserstack.v2.eventBus.Event@4511a47, response=success: true

11:49:16.878 [TC_HyperLinkCheck@1] INFO  c.b.v2.module.TestHubModule - sendTestFrameworkEvent: event=com.browserstack.v2.eventBus.Event@4511a47, response=success: true

11:49:16.880 [TC_HyperLinkCheck@1] INFO  c.b.v2.framework.TestNgFramework - trackEvent: found instance, testFrameworkState=TestFrameworkState.AFTER_METHOD hookState=HookState.PRE instance=-145148935
11:49:16.880 [TC_HyperLinkCheck@1] INFO  c.b.v2.framework.TestNgFramework - trackEvent: track hook events
11:49:16.946 [TC_HyperLinkCheck@2] INFO  c.b.v2.framework.TestNgFramework - trackEvent: found instance, testFrameworkState=TestFrameworkState.LOG hookState=HookState.PRE instance=-145147973
11:49:16.946 [TC_HyperLinkCheck@2] INFO  c.b.v2.framework.TestNgFramework - trackEvent: load log entries
11:49:16.948 [TC_HyperLinkCheck@2] INFO  c.b.v2.module.TestHubModule - sendLogCreatedEvent: event=com.browserstack.v2.eventBus.Event@7e0e1f19, response=success: true

11:49:16.948 [TC_HyperLinkCheck@2] INFO  c.b.v2.module.TestHubModule - sendLogCreatedEvent: event=com.browserstack.v2.eventBus.Event@7e0e1f19
11:49:16.949 [TC_HyperLinkCheck@2] INFO  c.b.v2.module.WebdriverModule - beforeCommandExecute: event=com.browserstack.v2.eventBus.Event@4466d482
11:49:17.044 [TC_HyperLinkCheck@2] INFO  c.b.v2.module.WebdriverModule - afterCommandExecute: event=com.browserstack.v2.eventBus.Event@4a57802f
11:49:17.059 [TC_SF_004_validate_existing_product_after_login@0] INFO  c.b.v2.module.WebdriverModule - afterCommandExecute: event=com.browserstack.v2.eventBus.Event@640525f
11:49:17.059 [TC_SF_004_validate_existing_product_after_login@0] INFO  c.b.v2.module.WebdriverModule - beforeCommandExecute: event=com.browserstack.v2.eventBus.Event@690bd860
11:49:17.081 [TC_HyperLinkCheck@1] INFO  c.b.v2.framework.TestNgFramework - args CHECK = [TestResult name=clearCookies status=STARTED method=TS_002_Login_Functionality.clearCookies()[pri:0, instance:testCases.TS_002_Login_Functionality@4aa21f9d] output={null}]
11:49:17.081 [TC_HyperLinkCheck@1] INFO  c.b.v2.framework.TestNgFramework - Hook Started in PRE key = AFTER_METHOD & hook = {hook_name=clearCookies, hook_result=pending, test_file_path=opencart\src\test\java\testCases\TS_002_Login_Functionality.java, event_started_at=2025-06-03T11:49:17.081611100, hook_id=b9f4f440-9a69-461f-81ce-fec419afd507, hook_logs=[], key=AFTER_METHOD, custom_metadata={}, test_location=opencart\src\test\java\testCases\TS_002_Login_Functionality.java}  and args = [[TestResult name=clearCookies status=STARTED method=TS_002_Login_Functionality.clearCookies()[pri:0, instance:testCases.TS_002_Login_Functionality@4aa21f9d] output={null}], TS_002_Login_Functionality.clearCookies()[pri:0, instance:testCases.TS_002_Login_Functionality@4aa21f9d]]
11:49:17.081 [TC_HyperLinkCheck@1] INFO  c.b.v2.framework.TestNgFramework - trackHookEvents: hook state=AFTER_METHOD.HookState.PRE , hooks started={AFTER_METHOD=[{hook_name=clearCookies, hook_result=pending, test_file_path=opencart\src\test\java\testCases\TS_002_Login_Functionality.java, event_started_at=2025-06-03T11:49:17.081611100, hook_id=b9f4f440-9a69-461f-81ce-fec419afd507, hook_logs=[], key=AFTER_METHOD, custom_metadata={}, test_location=opencart\src\test\java\testCases\TS_002_Login_Functionality.java}]} , hooks finished={AFTER_METHOD=[]}
11:49:17.083 [TC_HyperLinkCheck@1] INFO  c.b.v2.module.TestHubModule - sendTestFrameworkEvent: event=com.browserstack.v2.eventBus.Event@423a52ea, response=success: true

11:49:17.085 [clearCookies@1] INFO  c.b.v2.module.WebdriverModule - beforeCommandExecute: event=com.browserstack.v2.eventBus.Event@638e385e
11:49:17.085 [clearCookies@1] INFO  c.b.v2.module.WebdriverModule - beforeCommandExecute: event=com.browserstack.v2.eventBus.Event@6edc1518
11:49:17.090 [TC_SF_004_validate_existing_product_after_login@0] INFO  c.b.v2.module.WebdriverModule - afterCommandExecute: event=com.browserstack.v2.eventBus.Event@65b41ec1
11:49:17.090 [TC_SF_004_validate_existing_product_after_login@0] INFO  c.b.v2.module.WebdriverModule - beforeCommandExecute: event=com.browserstack.v2.eventBus.Event@67b1bbec
11:49:17.104 [clearCookies@1] INFO  c.b.v2.module.WebdriverModule - afterCommandExecute: event=com.browserstack.v2.eventBus.Event@7ee1a72b
11:49:17.104 [clearCookies@1] INFO  c.b.v2.module.WebdriverModule - afterCommandExecute: event=com.browserstack.v2.eventBus.Event@36b1bfd7
11:49:17.104 [clearCookies@1] INFO  c.b.v2.framework.TestNgFramework - trackEvent: found instance, testFrameworkState=TestFrameworkState.AFTER_METHOD hookState=HookState.POST instance=-145148935
11:49:17.104 [clearCookies@1] INFO  c.b.v2.framework.TestNgFramework - trackEvent: track hook events
11:49:17.157 [TC_SF_004_validate_existing_product_after_login@0] INFO  c.b.v2.module.WebdriverModule - afterCommandExecute: event=com.browserstack.v2.eventBus.Event@5dab62e7
11:49:17.157 [TC_SF_004_validate_existing_product_after_login@0] INFO  c.b.v2.module.WebdriverModule - beforeCommandExecute: event=com.browserstack.v2.eventBus.Event@18d967d6
11:49:17.170 [TC_HyperLinkCheck@2] INFO  c.b.v2.framework.TestNgFramework - trackEvent: found instance, testFrameworkState=TestFrameworkState.LOG hookState=HookState.PRE instance=-145147973
11:49:17.170 [TC_HyperLinkCheck@2] INFO  c.b.v2.framework.TestNgFramework - trackEvent: load log entries
11:49:17.172 [TC_HyperLinkCheck@2] INFO  c.b.v2.module.TestHubModule - sendLogCreatedEvent: event=com.browserstack.v2.eventBus.Event@1d3e304c, response=success: true

11:49:17.172 [TC_HyperLinkCheck@2] INFO  c.b.v2.module.TestHubModule - sendLogCreatedEvent: event=com.browserstack.v2.eventBus.Event@1d3e304c
11:49:17.173 [TC_HyperLinkCheck@2] INFO  c.b.v2.module.WebdriverModule - beforeCommandExecute: event=com.browserstack.v2.eventBus.Event@5b99fa80
11:49:17.186 [TC_SF_004_validate_existing_product_after_login@0] INFO  c.b.v2.module.WebdriverModule - afterCommandExecute: event=com.browserstack.v2.eventBus.Event@608389a8
11:49:17.186 [TC_SF_004_validate_existing_product_after_login@0] INFO  c.b.v2.module.WebdriverModule - beforeCommandExecute: event=com.browserstack.v2.eventBus.Event@15e5cc5
11:49:17.225 [TC_SF_004_validate_existing_product_after_login@0] INFO  c.b.v2.module.WebdriverModule - afterCommandExecute: event=com.browserstack.v2.eventBus.Event@6b262990
11:49:17.225 [TC_SF_004_validate_existing_product_after_login@0] INFO  c.b.v2.module.WebdriverModule - beforeCommandExecute: event=com.browserstack.v2.eventBus.Event@79d5547d
11:49:17.254 [TC_SF_004_validate_existing_product_after_login@0] INFO  c.b.v2.module.WebdriverModule - afterCommandExecute: event=com.browserstack.v2.eventBus.Event@432b363d
11:49:17.254 [TC_SF_004_validate_existing_product_after_login@0] INFO  c.b.v2.module.WebdriverModule - beforeCommandExecute: event=com.browserstack.v2.eventBus.Event@8963afd
11:49:17.273 [TC_HyperLinkCheck@2] INFO  c.b.v2.module.WebdriverModule - afterCommandExecute: event=com.browserstack.v2.eventBus.Event@24d4e735
11:49:17.303 [clearCookies@1] INFO  c.b.v2.framework.TestNgFramework - args CHECK = [TestResult name=clearCookies status=SUCCESS method=TS_002_Login_Functionality.clearCookies()[pri:0, instance:testCases.TS_002_Login_Functionality@4aa21f9d] output={null}]
11:49:17.303 [clearCookies@1] INFO  c.b.v2.framework.TestNgFramework - Hook List in Post [{hook_name=clearCookies, hook_result=pending, test_file_path=opencart\src\test\java\testCases\TS_002_Login_Functionality.java, event_started_at=2025-06-03T11:49:17.081611100, hook_id=b9f4f440-9a69-461f-81ce-fec419afd507, hook_logs=[], key=AFTER_METHOD, custom_metadata={}, test_location=opencart\src\test\java\testCases\TS_002_Login_Functionality.java}] and args = [[TestResult name=clearCookies status=SUCCESS method=TS_002_Login_Functionality.clearCookies()[pri:0, instance:testCases.TS_002_Login_Functionality@4aa21f9d] output={null}], TS_002_Login_Functionality.clearCookies()[pri:0, instance:testCases.TS_002_Login_Functionality@4aa21f9d]]
11:49:17.303 [clearCookies@1] INFO  c.b.v2.framework.TestNgFramework - Processing HookLevel attachments from directory: C:\Users\devbase\.browserstack\UploadedAttachments-66\HookLevel
11:49:17.303 [clearCookies@1] INFO  c.b.v2.framework.TestNgFramework - Checking hookLevelFiles: []
11:49:17.303 [clearCookies@1] INFO  c.b.v2.framework.TestNgFramework - checking Paths of files = C:\Users\devbase\.browserstack\UploadedAttachments-66\HookLevel\BuildLevelHookEvent and abs path = C:\Users\devbase\.browserstack\UploadedAttachments-66\HookLevel\BuildLevelHookEvent 
11:49:17.303 [clearCookies@1] INFO  c.b.v2.framework.TestNgFramework - Processing BuildLevelHookEvent attachments from directory: C:\Users\devbase\.browserstack\UploadedAttachments-66\HookLevel\BuildLevelHookEvent
11:49:17.303 [clearCookies@1] INFO  c.b.v2.framework.TestNgFramework - Processing TestLevel attachments eventLogs: []
11:49:17.303 [clearCookies@1] INFO  c.b.v2.framework.TestNgFramework - sendLogCreatedEvent: No Log Events to send
11:49:17.303 [clearCookies@1] INFO  c.b.v2.framework.TestNgFramework - trackHookEvents: hook state=AFTER_METHOD.HookState.POST , hooks started={AFTER_METHOD=[]} , hooks finished={AFTER_METHOD=[{hook_name=clearCookies, hook_result=passed, test_file_path=opencart\src\test\java\testCases\TS_002_Login_Functionality.java, event_started_at=2025-06-03T11:49:17.081611100, hook_id=b9f4f440-9a69-461f-81ce-fec419afd507, hook_logs=[], logs=[], key=AFTER_METHOD, custom_metadata={}, event_ended_at=2025-06-03T11:49:17.303113800, test_location=opencart\src\test\java\testCases\TS_002_Login_Functionality.java}]}
11:49:17.305 [clearCookies@1] INFO  c.b.v2.module.TestHubModule - sendTestFrameworkEvent: event=com.browserstack.v2.eventBus.Event@624af9b6, response=success: true

11:49:17.310 [clearCookies@1] INFO  c.b.v2.framework.TestNgFramework - trackTestNgTest: saved instance contextId=-145148935 target=C:/Users/RPA Base/Projects/opencart/src/test/java/testCases-1@1 instances=[-145148935, -145147973, -145149897]
11:49:17.310 [clearCookies@1] INFO  c.b.v2.framework.TestNgFramework - trackEvent: found instance, testFrameworkState=TestFrameworkState.TEST hookState=HookState.PRE instance=-145148935
11:49:17.446 [TC_HyperLinkCheck@2] INFO  c.b.v2.framework.TestNgFramework - trackEvent: found instance, testFrameworkState=TestFrameworkState.LOG hookState=HookState.PRE instance=-145147973
11:49:17.447 [TC_HyperLinkCheck@2] INFO  c.b.v2.framework.TestNgFramework - trackEvent: load log entries
11:49:17.449 [TC_HyperLinkCheck@2] INFO  c.b.v2.module.TestHubModule - sendLogCreatedEvent: event=com.browserstack.v2.eventBus.Event@2bfa7c82, response=success: true

11:49:17.449 [TC_HyperLinkCheck@2] INFO  c.b.v2.module.TestHubModule - sendLogCreatedEvent: event=com.browserstack.v2.eventBus.Event@2bfa7c82
11:49:17.450 [TC_HyperLinkCheck@2] INFO  c.b.v2.module.WebdriverModule - beforeCommandExecute: event=com.browserstack.v2.eventBus.Event@45de4220
11:49:17.505 [clearCookies@1] INFO  c.b.v2.framework.TestNgFramework - trackEvent: loaded initial test data to instance, testFrameworkState=TestFrameworkState.TEST hookState=HookState.PRE instance=-145148935
11:49:17.505 [clearCookies@1] INFO  c.b.v2.module.WebdriverModule - onBeforeTest: event=com.browserstack.v2.eventBus.Event@1501ceb3
11:49:17.508 [clearCookies@1] INFO  c.b.v2.module.TestHubModule - sendTestFrameworkEvent: event=com.browserstack.v2.eventBus.Event@1501ceb3, response=success: true

11:49:17.509 [clearCookies@1] INFO  c.b.v2.module.ObservabilityModule - onBeforeTest: event={instance=com.browserstack.v2.instance.TestFrameworkInstance@2a185bb1, testFrameworkState=TestFrameworkState.TEST, testInstance=com.browserstack.v2.instance.TestFrameworkInstance@2a185bb1, hookState=HookState.PRE}
11:49:17.509 [clearCookies@1] INFO  c.b.v2.module.ObservabilityModule - performO11ySync: Performing O11y Sync
11:49:17.538 [TC_HyperLinkCheck@2] INFO  c.b.v2.module.WebdriverModule - afterCommandExecute: event=com.browserstack.v2.eventBus.Event@1648ffa2
11:49:17.538 [TC_LF_015_verify_password_copyblock@1] INFO  c.b.v2.module.WebdriverModule - beforeCommandExecute: event=com.browserstack.v2.eventBus.Event@2de877ce
11:49:17.567 [TC_LF_015_verify_password_copyblock@1] INFO  c.b.v2.module.WebdriverModule - afterCommandExecute: event=com.browserstack.v2.eventBus.Event@3da33735
11:49:17.567 [TC_LF_015_verify_password_copyblock@1] INFO  c.b.v2.module.WebdriverModule - beforeCommandExecute: event=com.browserstack.v2.eventBus.Event@21c7e312
11:49:17.572 [TC_SF_004_validate_existing_product_after_login@0] INFO  c.b.v2.module.WebdriverModule - afterCommandExecute: event=com.browserstack.v2.eventBus.Event@5c08a37
11:49:17.572 [TC_SF_004_validate_existing_product_after_login@0] INFO  c.b.v2.module.WebdriverModule - beforeCommandExecute: event=com.browserstack.v2.eventBus.Event@1a408bed
11:49:17.604 [TC_SF_004_validate_existing_product_after_login@0] INFO  c.b.v2.module.WebdriverModule - afterCommandExecute: event=com.browserstack.v2.eventBus.Event@584181b8
11:49:17.604 [TC_SF_004_validate_existing_product_after_login@0] INFO  c.b.v2.module.WebdriverModule - beforeCommandExecute: event=com.browserstack.v2.eventBus.Event@308b8d4e
11:49:17.625 [TC_SF_004_validate_existing_product_after_login@0] INFO  c.b.v2.module.WebdriverModule - afterCommandExecute: event=com.browserstack.v2.eventBus.Event@4c980ccd
11:49:17.625 [TC_SF_004_validate_existing_product_after_login@0] INFO  c.b.v2.framework.TestNgFramework - trackEvent: found instance, testFrameworkState=TestFrameworkState.LOG_REPORT hookState=HookState.PRE instance=-145149897
11:49:17.625 [TC_SF_004_validate_existing_product_after_login@0] INFO  c.b.v2.framework.TestNgFramework - trackEvent: found instance, testFrameworkState=TestFrameworkState.LOG_REPORT hookState=HookState.POST instance=-145149897
11:49:17.625 [TC_SF_004_validate_existing_product_after_login@0] INFO  c.b.v2.framework.TestNgFramework - trackEvent: load test results
11:49:17.625 [TC_SF_004_validate_existing_product_after_login@0] INFO  c.b.v2.framework.TestNgFramework - trackEvent: found instance, testFrameworkState=TestFrameworkState.TEST hookState=HookState.POST instance=-145149897
11:49:17.625 [TC_SF_004_validate_existing_product_after_login@0] INFO  c.b.v2.module.WebdriverModule - onAfterTest: event=com.browserstack.v2.eventBus.Event@2c32bb9f
11:49:17.686 [TC_HyperLinkCheck@2] INFO  c.b.v2.framework.TestNgFramework - trackEvent: found instance, testFrameworkState=TestFrameworkState.LOG hookState=HookState.PRE instance=-145147973
11:49:17.686 [TC_HyperLinkCheck@2] INFO  c.b.v2.framework.TestNgFramework - trackEvent: load log entries
11:49:17.689 [TC_HyperLinkCheck@2] INFO  c.b.v2.module.TestHubModule - sendLogCreatedEvent: event=com.browserstack.v2.eventBus.Event@478c1071, response=success: true

11:49:17.689 [TC_HyperLinkCheck@2] INFO  c.b.v2.module.TestHubModule - sendLogCreatedEvent: event=com.browserstack.v2.eventBus.Event@478c1071
11:49:17.690 [TC_HyperLinkCheck@2] INFO  c.b.v2.module.WebdriverModule - beforeCommandExecute: event=com.browserstack.v2.eventBus.Event@70674f89
11:49:17.732 [TC_HyperLinkCheck@2] INFO  c.b.v2.module.WebdriverModule - afterCommandExecute: event=com.browserstack.v2.eventBus.Event@418f9562
11:49:17.873 [TC_HyperLinkCheck@2] INFO  c.b.v2.framework.TestNgFramework - trackEvent: found instance, testFrameworkState=TestFrameworkState.LOG hookState=HookState.PRE instance=-145147973
11:49:17.873 [TC_HyperLinkCheck@2] INFO  c.b.v2.framework.TestNgFramework - trackEvent: load log entries
11:49:17.876 [TC_HyperLinkCheck@2] INFO  c.b.v2.module.TestHubModule - sendLogCreatedEvent: event=com.browserstack.v2.eventBus.Event@6c6bc626, response=success: true

11:49:17.876 [TC_HyperLinkCheck@2] INFO  c.b.v2.module.TestHubModule - sendLogCreatedEvent: event=com.browserstack.v2.eventBus.Event@6c6bc626
11:49:17.877 [TC_HyperLinkCheck@2] INFO  c.b.v2.module.WebdriverModule - beforeCommandExecute: event=com.browserstack.v2.eventBus.Event@563f9f61
11:49:17.894 [TC_LF_015_verify_password_copyblock@1] INFO  c.b.v2.module.WebdriverModule - afterCommandExecute: event=com.browserstack.v2.eventBus.Event@3fcf15c5
11:49:17.894 [TC_LF_015_verify_password_copyblock@1] INFO  c.b.v2.module.WebdriverModule - beforeCommandExecute: event=com.browserstack.v2.eventBus.Event@b65851e
11:49:17.932 [TC_LF_015_verify_password_copyblock@1] INFO  c.b.v2.module.WebdriverModule - afterCommandExecute: event=com.browserstack.v2.eventBus.Event@1c8728d8
11:49:17.932 [TC_LF_015_verify_password_copyblock@1] INFO  c.b.v2.module.WebdriverModule - beforeCommandExecute: event=com.browserstack.v2.eventBus.Event@4331a538
11:49:17.977 [TC_SF_004_validate_existing_product_after_login@0] ERROR c.b.utils.SeleniumMethodUtils - Done for sessionid 376bf6266466af189935b89ce6daf512e4f194e6
11:49:17.980 [TC_HyperLinkCheck@2] INFO  c.b.v2.module.WebdriverModule - afterCommandExecute: event=com.browserstack.v2.eventBus.Event@546b5eea
11:49:18.322 [TC_SF_004_validate_existing_product_after_login@0] INFO  c.b.v2.module.TestHubModule - onAfterTest: event={com.browserstack.v2.eventBus.Event@2c32bb9f}
11:49:18.326 [TC_SF_004_validate_existing_product_after_login@0] INFO  c.b.v2.module.TestHubModule - sendTestSessionEvent: event=com.browserstack.v2.eventBus.Event@2c32bb9f, response=success: true

11:49:18.330 [TC_SF_004_validate_existing_product_after_login@0] INFO  c.b.v2.module.TestHubModule - sendTestFrameworkEvent: event=com.browserstack.v2.eventBus.Event@2c32bb9f, response=success: true

11:49:18.332 [TC_SF_004_validate_existing_product_after_login@0] INFO  c.b.v2.framework.TestNgFramework - trackEvent: found instance, testFrameworkState=TestFrameworkState.AFTER_METHOD hookState=HookState.PRE instance=-145149897
11:49:18.332 [TC_SF_004_validate_existing_product_after_login@0] INFO  c.b.v2.framework.TestNgFramework - trackEvent: track hook events
11:49:18.383 [TC_HyperLinkCheck@2] INFO  c.b.v2.framework.TestNgFramework - trackEvent: found instance, testFrameworkState=TestFrameworkState.LOG hookState=HookState.PRE instance=-145147973
11:49:18.383 [TC_HyperLinkCheck@2] INFO  c.b.v2.framework.TestNgFramework - trackEvent: load log entries
11:49:18.385 [TC_HyperLinkCheck@2] INFO  c.b.v2.module.TestHubModule - sendLogCreatedEvent: event=com.browserstack.v2.eventBus.Event@3b6f1c93, response=success: true

11:49:18.385 [TC_HyperLinkCheck@2] INFO  c.b.v2.module.TestHubModule - sendLogCreatedEvent: event=com.browserstack.v2.eventBus.Event@3b6f1c93
11:49:18.386 [TC_HyperLinkCheck@2] INFO  c.b.v2.module.WebdriverModule - beforeCommandExecute: event=com.browserstack.v2.eventBus.Event@52bea5ed
11:49:18.468 [TC_HyperLinkCheck@2] INFO  c.b.v2.module.WebdriverModule - afterCommandExecute: event=com.browserstack.v2.eventBus.Event@4b4edcaa
11:49:18.529 [TC_SF_004_validate_existing_product_after_login@0] INFO  c.b.v2.framework.TestNgFramework - args CHECK = [TestResult name=clearCookies status=STARTED method=TS_005_Search_Functionality.clearCookies()[pri:0, instance:testCases.TS_005_Search_Functionality@177515d1] output={null}]
11:49:18.529 [TC_SF_004_validate_existing_product_after_login@0] INFO  c.b.v2.framework.TestNgFramework - Hook Started in PRE key = AFTER_METHOD & hook = {hook_name=clearCookies, hook_result=pending, test_file_path=opencart\src\test\java\testCases\TS_005_Search_Functionality.java, event_started_at=2025-06-03T11:49:18.529440700, hook_id=211fe012-d1c8-4f1c-94f4-8361ecf6fdc6, hook_logs=[], key=AFTER_METHOD, custom_metadata={}, test_location=opencart\src\test\java\testCases\TS_005_Search_Functionality.java}  and args = [[TestResult name=clearCookies status=STARTED method=TS_005_Search_Functionality.clearCookies()[pri:0, instance:testCases.TS_005_Search_Functionality@177515d1] output={null}], TS_005_Search_Functionality.clearCookies()[pri:0, instance:testCases.TS_005_Search_Functionality@177515d1]]
11:49:18.529 [TC_SF_004_validate_existing_product_after_login@0] INFO  c.b.v2.framework.TestNgFramework - trackHookEvents: hook state=AFTER_METHOD.HookState.PRE , hooks started={AFTER_METHOD=[{hook_name=clearCookies, hook_result=pending, test_file_path=opencart\src\test\java\testCases\TS_005_Search_Functionality.java, event_started_at=2025-06-03T11:49:18.529440700, hook_id=211fe012-d1c8-4f1c-94f4-8361ecf6fdc6, hook_logs=[], key=AFTER_METHOD, custom_metadata={}, test_location=opencart\src\test\java\testCases\TS_005_Search_Functionality.java}]} , hooks finished={AFTER_METHOD=[]}
11:49:18.531 [TC_SF_004_validate_existing_product_after_login@0] INFO  c.b.v2.module.TestHubModule - sendTestFrameworkEvent: event=com.browserstack.v2.eventBus.Event@124185a4, response=success: true

11:49:18.532 [clearCookies@0] INFO  c.b.v2.module.WebdriverModule - beforeCommandExecute: event=com.browserstack.v2.eventBus.Event@640ff782
11:49:18.532 [clearCookies@0] INFO  c.b.v2.module.WebdriverModule - beforeCommandExecute: event=com.browserstack.v2.eventBus.Event@6dd31af4
11:49:18.573 [clearCookies@0] INFO  c.b.v2.module.WebdriverModule - afterCommandExecute: event=com.browserstack.v2.eventBus.Event@7321de4f
11:49:18.573 [clearCookies@0] INFO  c.b.v2.module.WebdriverModule - afterCommandExecute: event=com.browserstack.v2.eventBus.Event@667b62af
11:49:18.573 [clearCookies@0] INFO  c.b.v2.framework.TestNgFramework - trackEvent: found instance, testFrameworkState=TestFrameworkState.AFTER_METHOD hookState=HookState.POST instance=-145149897
11:49:18.573 [clearCookies@0] INFO  c.b.v2.framework.TestNgFramework - trackEvent: track hook events
11:49:18.587 [TC_LF_015_verify_password_copyblock@1] INFO  c.b.v2.module.WebdriverModule - afterCommandExecute: event=com.browserstack.v2.eventBus.Event@1b07413f
11:49:18.587 [TC_LF_015_verify_password_copyblock@1] INFO  c.b.v2.module.WebdriverModule - beforeCommandExecute: event=com.browserstack.v2.eventBus.Event@7fd924b6
11:49:18.617 [TC_LF_015_verify_password_copyblock@1] INFO  c.b.v2.module.WebdriverModule - afterCommandExecute: event=com.browserstack.v2.eventBus.Event@2dcc8b42
11:49:18.617 [TC_LF_015_verify_password_copyblock@1] INFO  c.b.v2.module.WebdriverModule - beforeCommandExecute: event=com.browserstack.v2.eventBus.Event@57ef0a17
11:49:18.668 [TC_HyperLinkCheck@2] INFO  c.b.v2.framework.TestNgFramework - trackEvent: found instance, testFrameworkState=TestFrameworkState.LOG hookState=HookState.PRE instance=-145147973
11:49:18.668 [TC_HyperLinkCheck@2] INFO  c.b.v2.framework.TestNgFramework - trackEvent: load log entries
11:49:18.670 [TC_HyperLinkCheck@2] INFO  c.b.v2.module.TestHubModule - sendLogCreatedEvent: event=com.browserstack.v2.eventBus.Event@7873fa, response=success: true

11:49:18.670 [TC_HyperLinkCheck@2] INFO  c.b.v2.module.TestHubModule - sendLogCreatedEvent: event=com.browserstack.v2.eventBus.Event@7873fa
11:49:18.671 [TC_HyperLinkCheck@2] INFO  c.b.v2.module.WebdriverModule - beforeCommandExecute: event=com.browserstack.v2.eventBus.Event@c33e8a2
11:49:18.762 [TC_HyperLinkCheck@2] INFO  c.b.v2.module.WebdriverModule - afterCommandExecute: event=com.browserstack.v2.eventBus.Event@737c65fd
11:49:18.781 [clearCookies@0] INFO  c.b.v2.framework.TestNgFramework - args CHECK = [TestResult name=clearCookies status=SUCCESS method=TS_005_Search_Functionality.clearCookies()[pri:0, instance:testCases.TS_005_Search_Functionality@177515d1] output={null}]
11:49:18.781 [clearCookies@0] INFO  c.b.v2.framework.TestNgFramework - Hook List in Post [{hook_name=clearCookies, hook_result=pending, test_file_path=opencart\src\test\java\testCases\TS_005_Search_Functionality.java, event_started_at=2025-06-03T11:49:18.529440700, hook_id=211fe012-d1c8-4f1c-94f4-8361ecf6fdc6, hook_logs=[], key=AFTER_METHOD, custom_metadata={}, test_location=opencart\src\test\java\testCases\TS_005_Search_Functionality.java}] and args = [[TestResult name=clearCookies status=SUCCESS method=TS_005_Search_Functionality.clearCookies()[pri:0, instance:testCases.TS_005_Search_Functionality@177515d1] output={null}], TS_005_Search_Functionality.clearCookies()[pri:0, instance:testCases.TS_005_Search_Functionality@177515d1]]
11:49:18.781 [clearCookies@0] INFO  c.b.v2.framework.TestNgFramework - Processing HookLevel attachments from directory: C:\Users\devbase\.browserstack\UploadedAttachments-65\HookLevel
11:49:18.781 [clearCookies@0] INFO  c.b.v2.framework.TestNgFramework - Checking hookLevelFiles: []
11:49:18.782 [clearCookies@0] INFO  c.b.v2.framework.TestNgFramework - checking Paths of files = C:\Users\devbase\.browserstack\UploadedAttachments-65\HookLevel\BuildLevelHookEvent and abs path = C:\Users\devbase\.browserstack\UploadedAttachments-65\HookLevel\BuildLevelHookEvent 
11:49:18.782 [clearCookies@0] INFO  c.b.v2.framework.TestNgFramework - Processing BuildLevelHookEvent attachments from directory: C:\Users\devbase\.browserstack\UploadedAttachments-65\HookLevel\BuildLevelHookEvent
11:49:18.782 [clearCookies@0] INFO  c.b.v2.framework.TestNgFramework - Processing TestLevel attachments eventLogs: []
11:49:18.782 [clearCookies@0] INFO  c.b.v2.framework.TestNgFramework - sendLogCreatedEvent: No Log Events to send
11:49:18.782 [clearCookies@0] INFO  c.b.v2.framework.TestNgFramework - trackHookEvents: hook state=AFTER_METHOD.HookState.POST , hooks started={AFTER_METHOD=[]} , hooks finished={AFTER_METHOD=[{hook_name=clearCookies, hook_result=passed, test_file_path=opencart\src\test\java\testCases\TS_005_Search_Functionality.java, event_started_at=2025-06-03T11:49:18.529440700, hook_id=211fe012-d1c8-4f1c-94f4-8361ecf6fdc6, hook_logs=[], logs=[], key=AFTER_METHOD, custom_metadata={}, event_ended_at=2025-06-03T11:49:18.781070500, test_location=opencart\src\test\java\testCases\TS_005_Search_Functionality.java}]}
11:49:18.786 [clearCookies@0] INFO  c.b.v2.module.TestHubModule - sendTestFrameworkEvent: event=com.browserstack.v2.eventBus.Event@48df8518, response=success: true

11:49:18.790 [clearCookies@0] INFO  c.b.v2.framework.TestNgFramework - trackTestNgTest: saved instance contextId=-145149897 target=C:/Users/RPA Base/Projects/opencart/src/test/java/testCases-0@0 instances=[-145148935, -145147973, -145149897]
11:49:18.790 [clearCookies@0] INFO  c.b.v2.framework.TestNgFramework - trackEvent: found instance, testFrameworkState=TestFrameworkState.TEST hookState=HookState.PRE instance=-145149897
11:49:18.894 [TC_HyperLinkCheck@2] INFO  c.b.v2.framework.TestNgFramework - trackEvent: found instance, testFrameworkState=TestFrameworkState.LOG hookState=HookState.PRE instance=-145147973
11:49:18.894 [TC_HyperLinkCheck@2] INFO  c.b.v2.framework.TestNgFramework - trackEvent: load log entries
11:49:18.897 [TC_HyperLinkCheck@2] INFO  c.b.v2.module.TestHubModule - sendLogCreatedEvent: event=com.browserstack.v2.eventBus.Event@5a5720f0, response=success: true

11:49:18.897 [TC_HyperLinkCheck@2] INFO  c.b.v2.module.TestHubModule - sendLogCreatedEvent: event=com.browserstack.v2.eventBus.Event@5a5720f0
11:49:18.899 [TC_HyperLinkCheck@2] INFO  c.b.v2.module.WebdriverModule - beforeCommandExecute: event=com.browserstack.v2.eventBus.Event@291ea069
11:49:18.975 [TC_LF_015_verify_password_copyblock@1] INFO  c.b.v2.module.WebdriverModule - afterCommandExecute: event=com.browserstack.v2.eventBus.Event@6be65b4c
11:49:18.976 [TC_LF_015_verify_password_copyblock@1] INFO  c.b.v2.module.WebdriverModule - beforeCommandExecute: event=com.browserstack.v2.eventBus.Event@74ad720d
11:49:18.984 [TC_HyperLinkCheck@2] INFO  c.b.v2.module.WebdriverModule - afterCommandExecute: event=com.browserstack.v2.eventBus.Event@3b6462b1
11:49:18.985 [clearCookies@0] INFO  c.b.v2.framework.TestNgFramework - trackEvent: loaded initial test data to instance, testFrameworkState=TestFrameworkState.TEST hookState=HookState.PRE instance=-145149897
11:49:18.985 [clearCookies@0] INFO  c.b.v2.module.WebdriverModule - onBeforeTest: event=com.browserstack.v2.eventBus.Event@22bf1be9
11:49:18.988 [clearCookies@0] INFO  c.b.v2.module.TestHubModule - sendTestFrameworkEvent: event=com.browserstack.v2.eventBus.Event@22bf1be9, response=success: true

11:49:18.989 [clearCookies@0] INFO  c.b.v2.module.ObservabilityModule - onBeforeTest: event={instance=com.browserstack.v2.instance.TestFrameworkInstance@5febfe52, testFrameworkState=TestFrameworkState.TEST, testInstance=com.browserstack.v2.instance.TestFrameworkInstance@5febfe52, hookState=HookState.PRE}
11:49:18.989 [clearCookies@0] INFO  c.b.v2.module.ObservabilityModule - performO11ySync: Performing O11y Sync
11:49:19.001 [TC_SF_005_validate_search_criteria@0] INFO  c.b.v2.module.WebdriverModule - beforeCommandExecute: event=com.browserstack.v2.eventBus.Event@afdea74
11:49:19.028 [TC_SF_005_validate_search_criteria@0] INFO  c.b.v2.module.WebdriverModule - afterCommandExecute: event=com.browserstack.v2.eventBus.Event@3051f4bd
11:49:19.028 [TC_SF_005_validate_search_criteria@0] INFO  c.b.v2.module.WebdriverModule - beforeCommandExecute: event=com.browserstack.v2.eventBus.Event@1ffb78b4
11:49:19.081 [TC_SF_005_validate_search_criteria@0] INFO  c.b.v2.module.WebdriverModule - afterCommandExecute: event=com.browserstack.v2.eventBus.Event@11da4cf2
11:49:19.081 [TC_SF_005_validate_search_criteria@0] INFO  c.b.v2.module.WebdriverModule - beforeCommandExecute: event=com.browserstack.v2.eventBus.Event@13ee1ca3
11:49:19.111 [TC_HyperLinkCheck@2] INFO  c.b.v2.framework.TestNgFramework - trackEvent: found instance, testFrameworkState=TestFrameworkState.LOG hookState=HookState.PRE instance=-145147973
11:49:19.111 [TC_HyperLinkCheck@2] INFO  c.b.v2.framework.TestNgFramework - trackEvent: load log entries
11:49:19.113 [TC_HyperLinkCheck@2] INFO  c.b.v2.module.TestHubModule - sendLogCreatedEvent: event=com.browserstack.v2.eventBus.Event@f7a9c99, response=success: true

11:49:19.113 [TC_HyperLinkCheck@2] INFO  c.b.v2.module.TestHubModule - sendLogCreatedEvent: event=com.browserstack.v2.eventBus.Event@f7a9c99
11:49:19.114 [TC_HyperLinkCheck@2] INFO  c.b.v2.module.WebdriverModule - beforeCommandExecute: event=com.browserstack.v2.eventBus.Event@6b2ab89f
11:49:19.158 [TC_LF_015_verify_password_copyblock@1] INFO  c.b.v2.module.WebdriverModule - afterCommandExecute: event=com.browserstack.v2.eventBus.Event@5502dd4d
11:49:19.158 [TC_LF_015_verify_password_copyblock@1] INFO  c.b.v2.module.WebdriverModule - beforeCommandExecute: event=com.browserstack.v2.eventBus.Event@374b0873
11:49:19.173 [TC_HyperLinkCheck@2] INFO  c.b.v2.module.WebdriverModule - afterCommandExecute: event=com.browserstack.v2.eventBus.Event@be467a5
11:49:19.177 [TC_SF_005_validate_search_criteria@0] INFO  c.b.v2.module.WebdriverModule - afterCommandExecute: event=com.browserstack.v2.eventBus.Event@553174c1
11:49:19.177 [TC_SF_005_validate_search_criteria@0] INFO  c.b.v2.module.WebdriverModule - beforeCommandExecute: event=com.browserstack.v2.eventBus.Event@483d08e3
11:49:19.323 [TC_HyperLinkCheck@2] INFO  c.b.v2.framework.TestNgFramework - trackEvent: found instance, testFrameworkState=TestFrameworkState.LOG hookState=HookState.PRE instance=-145147973
11:49:19.323 [TC_HyperLinkCheck@2] INFO  c.b.v2.framework.TestNgFramework - trackEvent: load log entries
11:49:19.326 [TC_HyperLinkCheck@2] INFO  c.b.v2.module.TestHubModule - sendLogCreatedEvent: event=com.browserstack.v2.eventBus.Event@42a6a2eb, response=success: true

11:49:19.326 [TC_HyperLinkCheck@2] INFO  c.b.v2.module.TestHubModule - sendLogCreatedEvent: event=com.browserstack.v2.eventBus.Event@42a6a2eb
11:49:19.328 [TC_HyperLinkCheck@2] INFO  c.b.v2.module.WebdriverModule - beforeCommandExecute: event=com.browserstack.v2.eventBus.Event@59cc4021
11:49:19.427 [TC_HyperLinkCheck@2] INFO  c.b.v2.module.WebdriverModule - afterCommandExecute: event=com.browserstack.v2.eventBus.Event@3db77bf3
11:49:19.437 [TC_SF_005_validate_search_criteria@0] INFO  c.b.v2.module.WebdriverModule - afterCommandExecute: event=com.browserstack.v2.eventBus.Event@5c616b59
11:49:19.437 [TC_SF_005_validate_search_criteria@0] INFO  c.b.v2.module.WebdriverModule - beforeCommandExecute: event=com.browserstack.v2.eventBus.Event@4eef17cb
11:49:19.467 [TC_SF_005_validate_search_criteria@0] INFO  c.b.v2.module.WebdriverModule - afterCommandExecute: event=com.browserstack.v2.eventBus.Event@43ef33b8
11:49:19.467 [TC_SF_005_validate_search_criteria@0] INFO  c.b.v2.module.WebdriverModule - beforeCommandExecute: event=com.browserstack.v2.eventBus.Event@452b259e
11:49:19.510 [TC_LF_015_verify_password_copyblock@1] INFO  c.b.v2.module.WebdriverModule - afterCommandExecute: event=com.browserstack.v2.eventBus.Event@3851070a
11:49:19.510 [TC_LF_015_verify_password_copyblock@1] INFO  c.b.v2.framework.TestNgFramework - trackEvent: found instance, testFrameworkState=TestFrameworkState.LOG_REPORT hookState=HookState.PRE instance=-145148935
11:49:19.511 [TC_LF_015_verify_password_copyblock@1] INFO  c.b.v2.framework.TestNgFramework - trackEvent: found instance, testFrameworkState=TestFrameworkState.LOG_REPORT hookState=HookState.POST instance=-145148935
11:49:19.511 [TC_LF_015_verify_password_copyblock@1] INFO  c.b.v2.framework.TestNgFramework - trackEvent: load test results
11:49:19.511 [TC_LF_015_verify_password_copyblock@1] INFO  c.b.v2.framework.TestNgFramework - trackEvent: found instance, testFrameworkState=TestFrameworkState.TEST hookState=HookState.POST instance=-145148935
11:49:19.511 [TC_LF_015_verify_password_copyblock@1] INFO  c.b.v2.module.WebdriverModule - onAfterTest: event=com.browserstack.v2.eventBus.Event@3e31c662
11:49:19.555 [TC_HyperLinkCheck@2] INFO  c.b.v2.framework.TestNgFramework - trackEvent: found instance, testFrameworkState=TestFrameworkState.LOG hookState=HookState.PRE instance=-145147973
11:49:19.555 [TC_HyperLinkCheck@2] INFO  c.b.v2.framework.TestNgFramework - trackEvent: load log entries
11:49:19.558 [TC_HyperLinkCheck@2] INFO  c.b.v2.module.TestHubModule - sendLogCreatedEvent: event=com.browserstack.v2.eventBus.Event@674c8cd6, response=success: true

11:49:19.558 [TC_HyperLinkCheck@2] INFO  c.b.v2.module.TestHubModule - sendLogCreatedEvent: event=com.browserstack.v2.eventBus.Event@674c8cd6
11:49:19.560 [TC_HyperLinkCheck@2] INFO  c.b.v2.module.WebdriverModule - beforeCommandExecute: event=com.browserstack.v2.eventBus.Event@6f62083b
11:49:19.639 [TC_HyperLinkCheck@2] INFO  c.b.v2.module.WebdriverModule - afterCommandExecute: event=com.browserstack.v2.eventBus.Event@64a40e0d
11:49:19.746 [TC_SF_005_validate_search_criteria@0] INFO  c.b.v2.module.WebdriverModule - afterCommandExecute: event=com.browserstack.v2.eventBus.Event@5691ba21
11:49:19.746 [TC_SF_005_validate_search_criteria@0] INFO  c.b.v2.module.WebdriverModule - beforeCommandExecute: event=com.browserstack.v2.eventBus.Event@28b228b6
11:49:19.769 [TC_HyperLinkCheck@2] INFO  c.b.v2.framework.TestNgFramework - trackEvent: found instance, testFrameworkState=TestFrameworkState.LOG hookState=HookState.PRE instance=-145147973
11:49:19.769 [TC_HyperLinkCheck@2] INFO  c.b.v2.framework.TestNgFramework - trackEvent: load log entries
11:49:19.771 [TC_HyperLinkCheck@2] INFO  c.b.v2.module.TestHubModule - sendLogCreatedEvent: event=com.browserstack.v2.eventBus.Event@679af5c6, response=success: true

11:49:19.772 [TC_HyperLinkCheck@2] INFO  c.b.v2.module.TestHubModule - sendLogCreatedEvent: event=com.browserstack.v2.eventBus.Event@679af5c6
11:49:19.773 [TC_HyperLinkCheck@2] INFO  c.b.v2.module.WebdriverModule - beforeCommandExecute: event=com.browserstack.v2.eventBus.Event@bc536fb
11:49:19.774 [TC_SF_005_validate_search_criteria@0] INFO  c.b.v2.module.WebdriverModule - afterCommandExecute: event=com.browserstack.v2.eventBus.Event@1da2a6c6
11:49:19.774 [TC_SF_005_validate_search_criteria@0] INFO  c.b.v2.module.WebdriverModule - beforeCommandExecute: event=com.browserstack.v2.eventBus.Event@f544922
11:49:19.808 [TC_SF_005_validate_search_criteria@0] INFO  c.b.v2.module.WebdriverModule - afterCommandExecute: event=com.browserstack.v2.eventBus.Event@25a20ed2
11:49:19.808 [TC_SF_005_validate_search_criteria@0] INFO  c.b.v2.module.WebdriverModule - beforeCommandExecute: event=com.browserstack.v2.eventBus.Event@3ca85760
11:49:19.837 [TC_SF_005_validate_search_criteria@0] INFO  c.b.v2.module.WebdriverModule - afterCommandExecute: event=com.browserstack.v2.eventBus.Event@60665e8c
11:49:19.837 [TC_SF_005_validate_search_criteria@0] INFO  c.b.v2.module.WebdriverModule - beforeCommandExecute: event=com.browserstack.v2.eventBus.Event@423dc7e3
11:49:19.863 [TC_LF_015_verify_password_copyblock@1] ERROR c.b.utils.SeleniumMethodUtils - Done for sessionid 9222f9ba4e3bcd407480d43b61eea7b584cd0403
11:49:19.876 [TC_HyperLinkCheck@2] INFO  c.b.v2.module.WebdriverModule - afterCommandExecute: event=com.browserstack.v2.eventBus.Event@7710005d
11:49:20.117 [TC_HyperLinkCheck@2] INFO  c.b.v2.framework.TestNgFramework - trackEvent: found instance, testFrameworkState=TestFrameworkState.LOG hookState=HookState.PRE instance=-145147973
11:49:20.117 [TC_HyperLinkCheck@2] INFO  c.b.v2.framework.TestNgFramework - trackEvent: load log entries
11:49:20.119 [TC_HyperLinkCheck@2] INFO  c.b.v2.module.TestHubModule - sendLogCreatedEvent: event=com.browserstack.v2.eventBus.Event@6ed4fc09, response=success: true

11:49:20.119 [TC_HyperLinkCheck@2] INFO  c.b.v2.module.TestHubModule - sendLogCreatedEvent: event=com.browserstack.v2.eventBus.Event@6ed4fc09
11:49:20.120 [TC_HyperLinkCheck@2] INFO  c.b.v2.module.WebdriverModule - beforeCommandExecute: event=com.browserstack.v2.eventBus.Event@2f678bde
11:49:20.162 [TC_HyperLinkCheck@2] INFO  c.b.v2.module.WebdriverModule - afterCommandExecute: event=com.browserstack.v2.eventBus.Event@261375fc
11:49:20.243 [TC_LF_015_verify_password_copyblock@1] INFO  c.b.v2.module.TestHubModule - onAfterTest: event={com.browserstack.v2.eventBus.Event@3e31c662}
11:49:20.247 [TC_LF_015_verify_password_copyblock@1] INFO  c.b.v2.module.TestHubModule - sendTestSessionEvent: event=com.browserstack.v2.eventBus.Event@3e31c662, response=success: true

11:49:20.250 [TC_LF_015_verify_password_copyblock@1] INFO  c.b.v2.module.TestHubModule - sendTestFrameworkEvent: event=com.browserstack.v2.eventBus.Event@3e31c662, response=success: true

11:49:20.253 [TC_LF_015_verify_password_copyblock@1] INFO  c.b.v2.framework.TestNgFramework - trackEvent: found instance, testFrameworkState=TestFrameworkState.AFTER_METHOD hookState=HookState.PRE instance=-145148935
11:49:20.253 [TC_LF_015_verify_password_copyblock@1] INFO  c.b.v2.framework.TestNgFramework - trackEvent: track hook events
11:49:20.325 [TC_SF_005_validate_search_criteria@0] INFO  c.b.v2.module.WebdriverModule - afterCommandExecute: event=com.browserstack.v2.eventBus.Event@7f962740
11:49:20.325 [TC_SF_005_validate_search_criteria@0] INFO  c.b.v2.module.WebdriverModule - beforeCommandExecute: event=com.browserstack.v2.eventBus.Event@262c785f
11:49:20.353 [TC_SF_005_validate_search_criteria@0] INFO  c.b.v2.module.WebdriverModule - afterCommandExecute: event=com.browserstack.v2.eventBus.Event@40a29896
11:49:20.353 [TC_SF_005_validate_search_criteria@0] INFO  c.b.v2.module.WebdriverModule - beforeCommandExecute: event=com.browserstack.v2.eventBus.Event@16e5b9de
11:49:20.370 [TC_SF_005_validate_search_criteria@0] INFO  c.b.v2.module.WebdriverModule - afterCommandExecute: event=com.browserstack.v2.eventBus.Event@c959858
11:49:20.371 [TC_SF_005_validate_search_criteria@0] INFO  c.b.v2.module.WebdriverModule - beforeCommandExecute: event=com.browserstack.v2.eventBus.Event@56fdc868
11:49:20.389 [TC_HyperLinkCheck@2] INFO  c.b.v2.framework.TestNgFramework - trackEvent: found instance, testFrameworkState=TestFrameworkState.LOG hookState=HookState.PRE instance=-145147973
11:49:20.389 [TC_HyperLinkCheck@2] INFO  c.b.v2.framework.TestNgFramework - trackEvent: load log entries
11:49:20.392 [TC_HyperLinkCheck@2] INFO  c.b.v2.module.TestHubModule - sendLogCreatedEvent: event=com.browserstack.v2.eventBus.Event@7c90bc53, response=success: true

11:49:20.392 [TC_HyperLinkCheck@2] INFO  c.b.v2.module.TestHubModule - sendLogCreatedEvent: event=com.browserstack.v2.eventBus.Event@7c90bc53
11:49:20.393 [TC_HyperLinkCheck@2] INFO  c.b.v2.module.WebdriverModule - beforeCommandExecute: event=com.browserstack.v2.eventBus.Event@7ef616f0
11:49:20.397 [TC_SF_005_validate_search_criteria@0] INFO  c.b.v2.module.WebdriverModule - afterCommandExecute: event=com.browserstack.v2.eventBus.Event@1dbaf9c0
11:49:20.397 [TC_SF_005_validate_search_criteria@0] INFO  c.b.v2.module.WebdriverModule - beforeCommandExecute: event=com.browserstack.v2.eventBus.Event@230f5c79
11:49:20.414 [TC_SF_005_validate_search_criteria@0] INFO  c.b.v2.module.WebdriverModule - afterCommandExecute: event=com.browserstack.v2.eventBus.Event@7b7f6930
11:49:20.414 [TC_SF_005_validate_search_criteria@0] INFO  c.b.v2.framework.TestNgFramework - trackEvent: found instance, testFrameworkState=TestFrameworkState.LOG_REPORT hookState=HookState.PRE instance=-145149897
11:49:20.414 [TC_SF_005_validate_search_criteria@0] INFO  c.b.v2.framework.TestNgFramework - trackEvent: found instance, testFrameworkState=TestFrameworkState.LOG_REPORT hookState=HookState.POST instance=-145149897
11:49:20.414 [TC_SF_005_validate_search_criteria@0] INFO  c.b.v2.framework.TestNgFramework - trackEvent: load test results
11:49:20.414 [TC_SF_005_validate_search_criteria@0] INFO  c.b.v2.framework.TestNgFramework - trackEvent: found instance, testFrameworkState=TestFrameworkState.TEST hookState=HookState.POST instance=-145149897
11:49:20.414 [TC_SF_005_validate_search_criteria@0] INFO  c.b.v2.module.WebdriverModule - onAfterTest: event=com.browserstack.v2.eventBus.Event@3be8319d
11:49:20.450 [TC_LF_015_verify_password_copyblock@1] INFO  c.b.v2.framework.TestNgFramework - args CHECK = [TestResult name=clearCookies status=STARTED method=TS_002_Login_Functionality.clearCookies()[pri:0, instance:testCases.TS_002_Login_Functionality@4aa21f9d] output={null}]
11:49:20.450 [TC_LF_015_verify_password_copyblock@1] INFO  c.b.v2.framework.TestNgFramework - Hook Started in PRE key = AFTER_METHOD & hook = {hook_name=clearCookies, hook_result=pending, test_file_path=opencart\src\test\java\testCases\TS_002_Login_Functionality.java, event_started_at=2025-06-03T11:49:20.450200400, hook_id=89573c85-2db4-49ca-aae1-8fa7f51b8072, hook_logs=[], key=AFTER_METHOD, custom_metadata={}, test_location=opencart\src\test\java\testCases\TS_002_Login_Functionality.java}  and args = [[TestResult name=clearCookies status=STARTED method=TS_002_Login_Functionality.clearCookies()[pri:0, instance:testCases.TS_002_Login_Functionality@4aa21f9d] output={null}], TS_002_Login_Functionality.clearCookies()[pri:0, instance:testCases.TS_002_Login_Functionality@4aa21f9d]]
11:49:20.450 [TC_LF_015_verify_password_copyblock@1] INFO  c.b.v2.framework.TestNgFramework - trackHookEvents: hook state=AFTER_METHOD.HookState.PRE , hooks started={AFTER_METHOD=[{hook_name=clearCookies, hook_result=pending, test_file_path=opencart\src\test\java\testCases\TS_002_Login_Functionality.java, event_started_at=2025-06-03T11:49:20.450200400, hook_id=89573c85-2db4-49ca-aae1-8fa7f51b8072, hook_logs=[], key=AFTER_METHOD, custom_metadata={}, test_location=opencart\src\test\java\testCases\TS_002_Login_Functionality.java}]} , hooks finished={AFTER_METHOD=[]}
11:49:20.452 [TC_LF_015_verify_password_copyblock@1] INFO  c.b.v2.module.TestHubModule - sendTestFrameworkEvent: event=com.browserstack.v2.eventBus.Event@5180b1b6, response=success: true

11:49:20.454 [clearCookies@1] INFO  c.b.v2.module.WebdriverModule - beforeCommandExecute: event=com.browserstack.v2.eventBus.Event@4ef21b65
11:49:20.454 [clearCookies@1] INFO  c.b.v2.module.WebdriverModule - beforeCommandExecute: event=com.browserstack.v2.eventBus.Event@430d52f2
11:49:20.472 [TC_HyperLinkCheck@2] INFO  c.b.v2.module.WebdriverModule - afterCommandExecute: event=com.browserstack.v2.eventBus.Event@4addcf24
11:49:20.503 [clearCookies@1] INFO  c.b.v2.module.WebdriverModule - afterCommandExecute: event=com.browserstack.v2.eventBus.Event@17545624
11:49:20.503 [clearCookies@1] INFO  c.b.v2.module.WebdriverModule - afterCommandExecute: event=com.browserstack.v2.eventBus.Event@7e0b8441
11:49:20.503 [clearCookies@1] INFO  c.b.v2.framework.TestNgFramework - trackEvent: found instance, testFrameworkState=TestFrameworkState.AFTER_METHOD hookState=HookState.POST instance=-145148935
11:49:20.503 [clearCookies@1] INFO  c.b.v2.framework.TestNgFramework - trackEvent: track hook events
11:49:20.699 [clearCookies@1] INFO  c.b.v2.framework.TestNgFramework - args CHECK = [TestResult name=clearCookies status=SUCCESS method=TS_002_Login_Functionality.clearCookies()[pri:0, instance:testCases.TS_002_Login_Functionality@4aa21f9d] output={null}]
11:49:20.699 [clearCookies@1] INFO  c.b.v2.framework.TestNgFramework - Hook List in Post [{hook_name=clearCookies, hook_result=pending, test_file_path=opencart\src\test\java\testCases\TS_002_Login_Functionality.java, event_started_at=2025-06-03T11:49:20.450200400, hook_id=89573c85-2db4-49ca-aae1-8fa7f51b8072, hook_logs=[], key=AFTER_METHOD, custom_metadata={}, test_location=opencart\src\test\java\testCases\TS_002_Login_Functionality.java}] and args = [[TestResult name=clearCookies status=SUCCESS method=TS_002_Login_Functionality.clearCookies()[pri:0, instance:testCases.TS_002_Login_Functionality@4aa21f9d] output={null}], TS_002_Login_Functionality.clearCookies()[pri:0, instance:testCases.TS_002_Login_Functionality@4aa21f9d]]
11:49:20.699 [clearCookies@1] INFO  c.b.v2.framework.TestNgFramework - Processing HookLevel attachments from directory: C:\Users\devbase\.browserstack\UploadedAttachments-66\HookLevel
11:49:20.699 [clearCookies@1] INFO  c.b.v2.framework.TestNgFramework - Checking hookLevelFiles: []
11:49:20.700 [clearCookies@1] INFO  c.b.v2.framework.TestNgFramework - checking Paths of files = C:\Users\devbase\.browserstack\UploadedAttachments-66\HookLevel\BuildLevelHookEvent and abs path = C:\Users\devbase\.browserstack\UploadedAttachments-66\HookLevel\BuildLevelHookEvent 
11:49:20.700 [clearCookies@1] INFO  c.b.v2.framework.TestNgFramework - Processing BuildLevelHookEvent attachments from directory: C:\Users\devbase\.browserstack\UploadedAttachments-66\HookLevel\BuildLevelHookEvent
11:49:20.700 [clearCookies@1] INFO  c.b.v2.framework.TestNgFramework - Processing TestLevel attachments eventLogs: []
11:49:20.700 [clearCookies@1] INFO  c.b.v2.framework.TestNgFramework - sendLogCreatedEvent: No Log Events to send
11:49:20.700 [clearCookies@1] INFO  c.b.v2.framework.TestNgFramework - trackHookEvents: hook state=AFTER_METHOD.HookState.POST , hooks started={AFTER_METHOD=[]} , hooks finished={AFTER_METHOD=[{hook_name=clearCookies, hook_result=passed, test_file_path=opencart\src\test\java\testCases\TS_002_Login_Functionality.java, event_started_at=2025-06-03T11:49:20.450200400, hook_id=89573c85-2db4-49ca-aae1-8fa7f51b8072, hook_logs=[], logs=[], key=AFTER_METHOD, custom_metadata={}, event_ended_at=2025-06-03T11:49:20.699080800, test_location=opencart\src\test\java\testCases\TS_002_Login_Functionality.java}]}
11:49:20.702 [clearCookies@1] INFO  c.b.v2.module.TestHubModule - sendTestFrameworkEvent: event=com.browserstack.v2.eventBus.Event@1e14fdcc, response=success: true

11:49:20.705 [clearCookies@1] INFO  c.b.v2.framework.TestNgFramework - trackEvent: found instance, testFrameworkState=TestFrameworkState.AFTER_CLASS hookState=HookState.PRE instance=-145148935
11:49:20.705 [clearCookies@1] INFO  c.b.v2.framework.TestNgFramework - trackEvent: track hook events
11:49:20.749 [TC_HyperLinkCheck@2] INFO  c.b.v2.framework.TestNgFramework - trackEvent: found instance, testFrameworkState=TestFrameworkState.LOG hookState=HookState.PRE instance=-145147973
11:49:20.749 [TC_HyperLinkCheck@2] INFO  c.b.v2.framework.TestNgFramework - trackEvent: load log entries
11:49:20.751 [TC_HyperLinkCheck@2] INFO  c.b.v2.module.TestHubModule - sendLogCreatedEvent: event=com.browserstack.v2.eventBus.Event@661103df, response=success: true

11:49:20.751 [TC_HyperLinkCheck@2] INFO  c.b.v2.module.TestHubModule - sendLogCreatedEvent: event=com.browserstack.v2.eventBus.Event@661103df
11:49:20.752 [TC_HyperLinkCheck@2] INFO  c.b.v2.module.WebdriverModule - beforeCommandExecute: event=com.browserstack.v2.eventBus.Event@2878bce8
11:49:20.773 [TC_SF_005_validate_search_criteria@0] ERROR c.b.utils.SeleniumMethodUtils - Done for sessionid 376bf6266466af189935b89ce6daf512e4f194e6
11:49:20.856 [TC_HyperLinkCheck@2] INFO  c.b.v2.module.WebdriverModule - afterCommandExecute: event=com.browserstack.v2.eventBus.Event@1f31a57f
11:49:20.902 [clearCookies@1] INFO  c.b.v2.framework.TestNgFramework - args CHECK = [TestResult name=tearDown status=STARTED method=BaseClass.tearDown()[pri:0, instance:testCases.TS_002_Login_Functionality@4aa21f9d] output={null}]
11:49:20.902 [clearCookies@1] INFO  c.b.v2.framework.TestNgFramework - Hook Started in PRE key = AFTER_CLASS & hook = {hook_name=tearDown, hook_result=pending, test_file_path=opencart\src\test\java\testCases\TS_002_Login_Functionality.java, event_started_at=2025-06-03T11:49:20.902992500, hook_id=48f022b5-3406-4608-b250-7c4a61a17bfa, hook_logs=[], key=AFTER_CLASS, custom_metadata={}, test_location=opencart\src\test\java\testCases\TS_002_Login_Functionality.java}  and args = [[TestResult name=tearDown status=STARTED method=BaseClass.tearDown()[pri:0, instance:testCases.TS_002_Login_Functionality@4aa21f9d] output={null}], BaseClass.tearDown()[pri:0, instance:testCases.TS_002_Login_Functionality@4aa21f9d]]
11:49:20.902 [clearCookies@1] INFO  c.b.v2.framework.TestNgFramework - trackHookEvents: hook state=AFTER_CLASS.HookState.PRE , hooks started={AFTER_METHOD=[], AFTER_CLASS=[{hook_name=tearDown, hook_result=pending, test_file_path=opencart\src\test\java\testCases\TS_002_Login_Functionality.java, event_started_at=2025-06-03T11:49:20.902992500, hook_id=48f022b5-3406-4608-b250-7c4a61a17bfa, hook_logs=[], key=AFTER_CLASS, custom_metadata={}, test_location=opencart\src\test\java\testCases\TS_002_Login_Functionality.java}]} , hooks finished={AFTER_METHOD=[{hook_name=clearCookies, hook_result=passed, test_file_path=opencart\src\test\java\testCases\TS_002_Login_Functionality.java, event_started_at=2025-06-03T11:49:20.450200400, hook_id=89573c85-2db4-49ca-aae1-8fa7f51b8072, hook_logs=[], logs=[], key=AFTER_METHOD, custom_metadata={}, event_ended_at=2025-06-03T11:49:20.699080800, test_location=opencart\src\test\java\testCases\TS_002_Login_Functionality.java}], AFTER_CLASS=[]}
11:49:20.905 [clearCookies@1] INFO  c.b.v2.module.TestHubModule - sendTestFrameworkEvent: event=com.browserstack.v2.eventBus.Event@7614bda8, response=success: true

11:49:20.906 [tearDown@1] INFO  c.b.v2.module.WebdriverModule - onDriverQuit: event=com.browserstack.v2.eventBus.Event@28dee23f
11:49:20.909 [tearDown@1] INFO  c.b.v2.module.WebdriverModule - beforeCommandExecute: event=com.browserstack.v2.eventBus.Event@9b83700
11:49:20.909 [tearDown@1] INFO  c.b.v2.module.WebdriverModule - beforeCommandExecute: event=com.browserstack.v2.eventBus.Event@7e7c08
11:49:21.028 [TC_HyperLinkCheck@2] INFO  c.b.v2.framework.TestNgFramework - trackEvent: found instance, testFrameworkState=TestFrameworkState.LOG hookState=HookState.PRE instance=-145147973
11:49:21.028 [TC_HyperLinkCheck@2] INFO  c.b.v2.framework.TestNgFramework - trackEvent: load log entries
11:49:21.030 [TC_HyperLinkCheck@2] INFO  c.b.v2.module.TestHubModule - sendLogCreatedEvent: event=com.browserstack.v2.eventBus.Event@60e1caba, response=success: true

11:49:21.030 [TC_HyperLinkCheck@2] INFO  c.b.v2.module.TestHubModule - sendLogCreatedEvent: event=com.browserstack.v2.eventBus.Event@60e1caba
11:49:21.031 [TC_HyperLinkCheck@2] INFO  c.b.v2.module.WebdriverModule - beforeCommandExecute: event=com.browserstack.v2.eventBus.Event@593d49be
11:49:21.085 [TC_HyperLinkCheck@2] INFO  c.b.v2.module.WebdriverModule - afterCommandExecute: event=com.browserstack.v2.eventBus.Event@39b77fc9
11:49:21.113 [TC_SF_005_validate_search_criteria@0] INFO  c.b.v2.module.TestHubModule - onAfterTest: event={com.browserstack.v2.eventBus.Event@3be8319d}
11:49:21.116 [TC_SF_005_validate_search_criteria@0] INFO  c.b.v2.module.TestHubModule - sendTestSessionEvent: event=com.browserstack.v2.eventBus.Event@3be8319d, response=success: true

11:49:21.119 [TC_SF_005_validate_search_criteria@0] INFO  c.b.v2.module.TestHubModule - sendTestFrameworkEvent: event=com.browserstack.v2.eventBus.Event@3be8319d, response=success: true

11:49:21.122 [TC_SF_005_validate_search_criteria@0] INFO  c.b.v2.framework.TestNgFramework - trackEvent: found instance, testFrameworkState=TestFrameworkState.AFTER_METHOD hookState=HookState.PRE instance=-145149897
11:49:21.122 [TC_SF_005_validate_search_criteria@0] INFO  c.b.v2.framework.TestNgFramework - trackEvent: track hook events
11:49:21.293 [TC_HyperLinkCheck@2] INFO  c.b.v2.framework.TestNgFramework - trackEvent: found instance, testFrameworkState=TestFrameworkState.LOG hookState=HookState.PRE instance=-145147973
11:49:21.293 [TC_HyperLinkCheck@2] INFO  c.b.v2.framework.TestNgFramework - trackEvent: load log entries
11:49:21.296 [TC_HyperLinkCheck@2] INFO  c.b.v2.module.TestHubModule - sendLogCreatedEvent: event=com.browserstack.v2.eventBus.Event@6df73e82, response=success: true

11:49:21.296 [TC_HyperLinkCheck@2] INFO  c.b.v2.module.TestHubModule - sendLogCreatedEvent: event=com.browserstack.v2.eventBus.Event@6df73e82
11:49:21.297 [TC_HyperLinkCheck@2] INFO  c.b.v2.module.WebdriverModule - beforeCommandExecute: event=com.browserstack.v2.eventBus.Event@4bf7c31d
11:49:21.319 [TC_SF_005_validate_search_criteria@0] INFO  c.b.v2.framework.TestNgFramework - args CHECK = [TestResult name=clearCookies status=STARTED method=TS_005_Search_Functionality.clearCookies()[pri:0, instance:testCases.TS_005_Search_Functionality@177515d1] output={null}]
11:49:21.319 [TC_SF_005_validate_search_criteria@0] INFO  c.b.v2.framework.TestNgFramework - Hook Started in PRE key = AFTER_METHOD & hook = {hook_name=clearCookies, hook_result=pending, test_file_path=opencart\src\test\java\testCases\TS_005_Search_Functionality.java, event_started_at=2025-06-03T11:49:21.319439300, hook_id=1ffe5833-fa31-49a6-aa45-633247741e41, hook_logs=[], key=AFTER_METHOD, custom_metadata={}, test_location=opencart\src\test\java\testCases\TS_005_Search_Functionality.java}  and args = [[TestResult name=clearCookies status=STARTED method=TS_005_Search_Functionality.clearCookies()[pri:0, instance:testCases.TS_005_Search_Functionality@177515d1] output={null}], TS_005_Search_Functionality.clearCookies()[pri:0, instance:testCases.TS_005_Search_Functionality@177515d1]]
11:49:21.319 [TC_SF_005_validate_search_criteria@0] INFO  c.b.v2.framework.TestNgFramework - trackHookEvents: hook state=AFTER_METHOD.HookState.PRE , hooks started={AFTER_METHOD=[{hook_name=clearCookies, hook_result=pending, test_file_path=opencart\src\test\java\testCases\TS_005_Search_Functionality.java, event_started_at=2025-06-03T11:49:21.319439300, hook_id=1ffe5833-fa31-49a6-aa45-633247741e41, hook_logs=[], key=AFTER_METHOD, custom_metadata={}, test_location=opencart\src\test\java\testCases\TS_005_Search_Functionality.java}]} , hooks finished={AFTER_METHOD=[]}
11:49:21.322 [TC_SF_005_validate_search_criteria@0] INFO  c.b.v2.module.TestHubModule - sendTestFrameworkEvent: event=com.browserstack.v2.eventBus.Event@58200726, response=success: true

11:49:21.323 [clearCookies@0] INFO  c.b.v2.module.WebdriverModule - beforeCommandExecute: event=com.browserstack.v2.eventBus.Event@2d3e872f
11:49:21.323 [clearCookies@0] INFO  c.b.v2.module.WebdriverModule - beforeCommandExecute: event=com.browserstack.v2.eventBus.Event@59287e1
11:49:21.360 [clearCookies@0] INFO  c.b.v2.module.WebdriverModule - afterCommandExecute: event=com.browserstack.v2.eventBus.Event@5dd3b942
11:49:21.360 [clearCookies@0] INFO  c.b.v2.module.WebdriverModule - afterCommandExecute: event=com.browserstack.v2.eventBus.Event@69b4a609
11:49:21.360 [clearCookies@0] INFO  c.b.v2.framework.TestNgFramework - trackEvent: found instance, testFrameworkState=TestFrameworkState.AFTER_METHOD hookState=HookState.POST instance=-145149897
11:49:21.360 [clearCookies@0] INFO  c.b.v2.framework.TestNgFramework - trackEvent: track hook events
11:49:21.395 [TC_HyperLinkCheck@2] INFO  c.b.v2.module.WebdriverModule - afterCommandExecute: event=com.browserstack.v2.eventBus.Event@4b97dff5
11:49:21.588 [clearCookies@0] INFO  c.b.v2.framework.TestNgFramework - args CHECK = [TestResult name=clearCookies status=SUCCESS method=TS_005_Search_Functionality.clearCookies()[pri:0, instance:testCases.TS_005_Search_Functionality@177515d1] output={null}]
11:49:21.588 [clearCookies@0] INFO  c.b.v2.framework.TestNgFramework - Hook List in Post [{hook_name=clearCookies, hook_result=pending, test_file_path=opencart\src\test\java\testCases\TS_005_Search_Functionality.java, event_started_at=2025-06-03T11:49:21.319439300, hook_id=1ffe5833-fa31-49a6-aa45-633247741e41, hook_logs=[], key=AFTER_METHOD, custom_metadata={}, test_location=opencart\src\test\java\testCases\TS_005_Search_Functionality.java}] and args = [[TestResult name=clearCookies status=SUCCESS method=TS_005_Search_Functionality.clearCookies()[pri:0, instance:testCases.TS_005_Search_Functionality@177515d1] output={null}], TS_005_Search_Functionality.clearCookies()[pri:0, instance:testCases.TS_005_Search_Functionality@177515d1]]
11:49:21.588 [TC_HyperLinkCheck@2] INFO  c.b.v2.framework.TestNgFramework - trackEvent: found instance, testFrameworkState=TestFrameworkState.LOG hookState=HookState.PRE instance=-145147973
11:49:21.588 [TC_HyperLinkCheck@2] INFO  c.b.v2.framework.TestNgFramework - trackEvent: load log entries
11:49:21.588 [clearCookies@0] INFO  c.b.v2.framework.TestNgFramework - Processing HookLevel attachments from directory: C:\Users\devbase\.browserstack\UploadedAttachments-65\HookLevel
11:49:21.588 [clearCookies@0] INFO  c.b.v2.framework.TestNgFramework - Checking hookLevelFiles: []
11:49:21.588 [clearCookies@0] INFO  c.b.v2.framework.TestNgFramework - checking Paths of files = C:\Users\devbase\.browserstack\UploadedAttachments-65\HookLevel\BuildLevelHookEvent and abs path = C:\Users\devbase\.browserstack\UploadedAttachments-65\HookLevel\BuildLevelHookEvent 
11:49:21.589 [clearCookies@0] INFO  c.b.v2.framework.TestNgFramework - Processing BuildLevelHookEvent attachments from directory: C:\Users\devbase\.browserstack\UploadedAttachments-65\HookLevel\BuildLevelHookEvent
11:49:21.589 [clearCookies@0] INFO  c.b.v2.framework.TestNgFramework - Processing TestLevel attachments eventLogs: []
11:49:21.589 [clearCookies@0] INFO  c.b.v2.framework.TestNgFramework - sendLogCreatedEvent: No Log Events to send
11:49:21.589 [clearCookies@0] INFO  c.b.v2.framework.TestNgFramework - trackHookEvents: hook state=AFTER_METHOD.HookState.POST , hooks started={AFTER_METHOD=[]} , hooks finished={AFTER_METHOD=[{hook_name=clearCookies, hook_result=passed, test_file_path=opencart\src\test\java\testCases\TS_005_Search_Functionality.java, event_started_at=2025-06-03T11:49:21.319439300, hook_id=1ffe5833-fa31-49a6-aa45-633247741e41, hook_logs=[], logs=[], key=AFTER_METHOD, custom_metadata={}, event_ended_at=2025-06-03T11:49:21.588545900, test_location=opencart\src\test\java\testCases\TS_005_Search_Functionality.java}]}
11:49:21.592 [TC_HyperLinkCheck@2] INFO  c.b.v2.module.TestHubModule - sendLogCreatedEvent: event=com.browserstack.v2.eventBus.Event@2be4ea78, response=success: true

11:49:21.592 [TC_HyperLinkCheck@2] INFO  c.b.v2.module.TestHubModule - sendLogCreatedEvent: event=com.browserstack.v2.eventBus.Event@2be4ea78
11:49:21.593 [clearCookies@0] INFO  c.b.v2.module.TestHubModule - sendTestFrameworkEvent: event=com.browserstack.v2.eventBus.Event@2d47b58b, response=success: true

11:49:21.594 [TC_HyperLinkCheck@2] INFO  c.b.v2.module.WebdriverModule - beforeCommandExecute: event=com.browserstack.v2.eventBus.Event@5e79e086
11:49:21.596 [clearCookies@0] INFO  c.b.v2.framework.TestNgFramework - trackEvent: found instance, testFrameworkState=TestFrameworkState.AFTER_CLASS hookState=HookState.PRE instance=-145149897
11:49:21.596 [clearCookies@0] INFO  c.b.v2.framework.TestNgFramework - trackEvent: track hook events
11:49:21.691 [TC_HyperLinkCheck@2] INFO  c.b.v2.module.WebdriverModule - afterCommandExecute: event=com.browserstack.v2.eventBus.Event@89e785c
11:49:21.902 [TC_HyperLinkCheck@2] INFO  c.b.v2.framework.TestNgFramework - trackEvent: found instance, testFrameworkState=TestFrameworkState.LOG hookState=HookState.PRE instance=-145147973
11:49:21.902 [TC_HyperLinkCheck@2] INFO  c.b.v2.framework.TestNgFramework - trackEvent: load log entries
11:49:21.909 [TC_HyperLinkCheck@2] INFO  c.b.v2.module.TestHubModule - sendLogCreatedEvent: event=com.browserstack.v2.eventBus.Event@517a8923, response=success: true

11:49:21.909 [TC_HyperLinkCheck@2] INFO  c.b.v2.module.TestHubModule - sendLogCreatedEvent: event=com.browserstack.v2.eventBus.Event@517a8923
11:49:21.913 [TC_HyperLinkCheck@2] INFO  c.b.v2.module.WebdriverModule - beforeCommandExecute: event=com.browserstack.v2.eventBus.Event@e9c6700
11:49:21.994 [TC_HyperLinkCheck@2] INFO  c.b.v2.module.WebdriverModule - afterCommandExecute: event=com.browserstack.v2.eventBus.Event@6f33ee11
11:49:22.078 [clearCookies@0] INFO  c.b.v2.framework.TestNgFramework - args CHECK = [TestResult name=tearDown status=STARTED method=BaseClass.tearDown()[pri:0, instance:testCases.TS_005_Search_Functionality@177515d1] output={null}]
11:49:22.079 [clearCookies@0] INFO  c.b.v2.framework.TestNgFramework - Hook Started in PRE key = AFTER_CLASS & hook = {hook_name=tearDown, hook_result=pending, test_file_path=opencart\src\test\java\testCases\TS_005_Search_Functionality.java, event_started_at=2025-06-03T11:49:22.079196, hook_id=4d8a24f1-b2f3-49e0-92c2-c1d58a79394d, hook_logs=[], key=AFTER_CLASS, custom_metadata={}, test_location=opencart\src\test\java\testCases\TS_005_Search_Functionality.java}  and args = [[TestResult name=tearDown status=STARTED method=BaseClass.tearDown()[pri:0, instance:testCases.TS_005_Search_Functionality@177515d1] output={null}], BaseClass.tearDown()[pri:0, instance:testCases.TS_005_Search_Functionality@177515d1]]
11:49:22.079 [clearCookies@0] INFO  c.b.v2.framework.TestNgFramework - trackHookEvents: hook state=AFTER_CLASS.HookState.PRE , hooks started={AFTER_METHOD=[], AFTER_CLASS=[{hook_name=tearDown, hook_result=pending, test_file_path=opencart\src\test\java\testCases\TS_005_Search_Functionality.java, event_started_at=2025-06-03T11:49:22.079196, hook_id=4d8a24f1-b2f3-49e0-92c2-c1d58a79394d, hook_logs=[], key=AFTER_CLASS, custom_metadata={}, test_location=opencart\src\test\java\testCases\TS_005_Search_Functionality.java}]} , hooks finished={AFTER_METHOD=[{hook_name=clearCookies, hook_result=passed, test_file_path=opencart\src\test\java\testCases\TS_005_Search_Functionality.java, event_started_at=2025-06-03T11:49:21.319439300, hook_id=1ffe5833-fa31-49a6-aa45-633247741e41, hook_logs=[], logs=[], key=AFTER_METHOD, custom_metadata={}, event_ended_at=2025-06-03T11:49:21.588545900, test_location=opencart\src\test\java\testCases\TS_005_Search_Functionality.java}], AFTER_CLASS=[]}
11:49:22.087 [clearCookies@0] INFO  c.b.v2.module.TestHubModule - sendTestFrameworkEvent: event=com.browserstack.v2.eventBus.Event@545c50df, response=success: true

11:49:22.090 [tearDown@0] INFO  c.b.v2.module.WebdriverModule - onDriverQuit: event=com.browserstack.v2.eventBus.Event@635b48f7
11:49:22.104 [tearDown@0] INFO  c.b.v2.module.WebdriverModule - beforeCommandExecute: event=com.browserstack.v2.eventBus.Event@2ef2b4d9
11:49:22.104 [tearDown@0] INFO  c.b.v2.module.WebdriverModule - beforeCommandExecute: event=com.browserstack.v2.eventBus.Event@6108a697
11:49:22.396 [TC_HyperLinkCheck@2] INFO  c.b.v2.framework.TestNgFramework - trackEvent: found instance, testFrameworkState=TestFrameworkState.LOG hookState=HookState.PRE instance=-145147973
11:49:22.396 [TC_HyperLinkCheck@2] INFO  c.b.v2.framework.TestNgFramework - trackEvent: load log entries
11:49:22.399 [TC_HyperLinkCheck@2] INFO  c.b.v2.module.TestHubModule - sendLogCreatedEvent: event=com.browserstack.v2.eventBus.Event@4b2032ce, response=success: true

11:49:22.399 [TC_HyperLinkCheck@2] INFO  c.b.v2.module.TestHubModule - sendLogCreatedEvent: event=com.browserstack.v2.eventBus.Event@4b2032ce
11:49:22.400 [TC_HyperLinkCheck@2] INFO  c.b.v2.module.WebdriverModule - beforeCommandExecute: event=com.browserstack.v2.eventBus.Event@45854e8a
11:49:22.462 [TC_HyperLinkCheck@2] INFO  c.b.v2.module.WebdriverModule - afterCommandExecute: event=com.browserstack.v2.eventBus.Event@75da99c8
11:49:22.474 [tearDown@1] INFO  c.b.v2.module.WebdriverModule - afterCommandExecute: event=com.browserstack.v2.eventBus.Event@1194410c
11:49:22.474 [tearDown@1] INFO  c.b.v2.module.WebdriverModule - afterCommandExecute: event=com.browserstack.v2.eventBus.Event@594265ef
11:49:22.474 [tearDown@1] INFO  c.b.v2.framework.TestNgFramework - trackEvent: found instance, testFrameworkState=TestFrameworkState.AFTER_CLASS hookState=HookState.POST instance=-145148935
11:49:22.474 [tearDown@1] INFO  c.b.v2.framework.TestNgFramework - trackEvent: track hook events
11:49:22.670 [tearDown@1] INFO  c.b.v2.framework.TestNgFramework - args CHECK = [TestResult name=tearDown status=SUCCESS method=BaseClass.tearDown()[pri:0, instance:testCases.TS_002_Login_Functionality@4aa21f9d] output={null}]
11:49:22.670 [tearDown@1] INFO  c.b.v2.framework.TestNgFramework - Hook List in Post [{hook_name=tearDown, hook_result=pending, test_file_path=opencart\src\test\java\testCases\TS_002_Login_Functionality.java, event_started_at=2025-06-03T11:49:20.902992500, hook_id=48f022b5-3406-4608-b250-7c4a61a17bfa, hook_logs=[], key=AFTER_CLASS, custom_metadata={}, test_location=opencart\src\test\java\testCases\TS_002_Login_Functionality.java}] and args = [[TestResult name=tearDown status=SUCCESS method=BaseClass.tearDown()[pri:0, instance:testCases.TS_002_Login_Functionality@4aa21f9d] output={null}], BaseClass.tearDown()[pri:0, instance:testCases.TS_002_Login_Functionality@4aa21f9d]]
11:49:22.670 [tearDown@1] INFO  c.b.v2.framework.TestNgFramework - Processing HookLevel attachments from directory: C:\Users\devbase\.browserstack\UploadedAttachments-66\HookLevel
11:49:22.670 [tearDown@1] INFO  c.b.v2.framework.TestNgFramework - Checking hookLevelFiles: []
11:49:22.670 [tearDown@1] INFO  c.b.v2.framework.TestNgFramework - checking Paths of files = C:\Users\devbase\.browserstack\UploadedAttachments-66\HookLevel\BuildLevelHookEvent and abs path = C:\Users\devbase\.browserstack\UploadedAttachments-66\HookLevel\BuildLevelHookEvent 
11:49:22.670 [tearDown@1] INFO  c.b.v2.framework.TestNgFramework - Processing BuildLevelHookEvent attachments from directory: C:\Users\devbase\.browserstack\UploadedAttachments-66\HookLevel\BuildLevelHookEvent
11:49:22.671 [tearDown@1] INFO  c.b.v2.framework.TestNgFramework - Processing TestLevel attachments eventLogs: []
11:49:22.671 [tearDown@1] INFO  c.b.v2.framework.TestNgFramework - sendLogCreatedEvent: No Log Events to send
11:49:22.671 [tearDown@1] INFO  c.b.v2.framework.TestNgFramework - trackHookEvents: hook state=AFTER_CLASS.HookState.POST , hooks started={AFTER_METHOD=[], AFTER_CLASS=[]} , hooks finished={AFTER_METHOD=[{hook_name=clearCookies, hook_result=passed, test_file_path=opencart\src\test\java\testCases\TS_002_Login_Functionality.java, event_started_at=2025-06-03T11:49:20.450200400, hook_id=89573c85-2db4-49ca-aae1-8fa7f51b8072, hook_logs=[], logs=[], key=AFTER_METHOD, custom_metadata={}, event_ended_at=2025-06-03T11:49:20.699080800, test_location=opencart\src\test\java\testCases\TS_002_Login_Functionality.java}], AFTER_CLASS=[{hook_name=tearDown, hook_result=passed, test_file_path=opencart\src\test\java\testCases\TS_002_Login_Functionality.java, event_started_at=2025-06-03T11:49:20.902992500, hook_id=48f022b5-3406-4608-b250-7c4a61a17bfa, hook_logs=[], logs=[], key=AFTER_CLASS, custom_metadata={}, event_ended_at=2025-06-03T11:49:22.670781300, test_location=opencart\src\test\java\testCases\TS_002_Login_Functionality.java}]}
11:49:22.673 [tearDown@1] INFO  c.b.v2.module.TestHubModule - sendTestFrameworkEvent: event=com.browserstack.v2.eventBus.Event@1bef324f, response=success: true

11:49:22.676 [tearDown@1] INFO  c.b.v2.framework.TestNgFramework - trackTestNgTest: saved instance contextId=-145148935 target=C:/Users/RPA Base/Projects/opencart/src/test/java/testCases-1@1 instances=[-145148935, -145147973, -145149897]
11:49:22.676 [tearDown@1] INFO  c.b.v2.framework.TestNgFramework - trackEvent: found instance, testFrameworkState=TestFrameworkState.BEFORE_CLASS hookState=HookState.PRE instance=-145148935
11:49:22.676 [tearDown@1] INFO  c.b.v2.framework.TestNgFramework - trackEvent: loaded common test data, testFrameworkState=TestFrameworkState.BEFORE_CLASS hookState=HookState.PRE instance=-145148935
11:49:22.676 [tearDown@1] INFO  c.b.v2.framework.TestNgFramework - trackEvent: track hook events
11:49:22.856 [TC_HyperLinkCheck@2] INFO  c.b.v2.framework.TestNgFramework - trackEvent: found instance, testFrameworkState=TestFrameworkState.LOG hookState=HookState.PRE instance=-145147973
11:49:22.856 [TC_HyperLinkCheck@2] INFO  c.b.v2.framework.TestNgFramework - trackEvent: load log entries
11:49:22.859 [TC_HyperLinkCheck@2] INFO  c.b.v2.module.TestHubModule - sendLogCreatedEvent: event=com.browserstack.v2.eventBus.Event@d7ae940, response=success: true

11:49:22.860 [TC_HyperLinkCheck@2] INFO  c.b.v2.module.TestHubModule - sendLogCreatedEvent: event=com.browserstack.v2.eventBus.Event@d7ae940
11:49:22.861 [TC_HyperLinkCheck@2] INFO  c.b.v2.module.WebdriverModule - beforeCommandExecute: event=com.browserstack.v2.eventBus.Event@87eb168
11:49:22.876 [tearDown@1] INFO  c.b.v2.framework.TestNgFramework - args CHECK = [TestResult name=setup status=STARTED method=BaseClass.setup(java.lang.String)[pri:0, instance:testCases.TS_005_Search_Functionality@640ab13c] output={null}]
11:49:22.876 [tearDown@1] INFO  c.b.v2.framework.TestNgFramework - Hook Started in PRE key = BEFORE_CLASS & hook = {hook_name=setup, hook_result=pending, test_file_path=opencart\src\test\java\testCases\TS_005_Search_Functionality.java, event_started_at=2025-06-03T11:49:22.876543200, hook_id=998046f0-a531-47f8-8a31-1e73fbc2b073, hook_logs=[], key=BEFORE_CLASS, custom_metadata={}, test_location=opencart\src\test\java\testCases\TS_005_Search_Functionality.java}  and args = [[TestResult name=setup status=STARTED method=BaseClass.setup(java.lang.String)[pri:0, instance:testCases.TS_005_Search_Functionality@640ab13c] output={null}], BaseClass.setup(java.lang.String)[pri:0, instance:testCases.TS_005_Search_Functionality@640ab13c]]
11:49:22.876 [tearDown@1] INFO  c.b.v2.framework.TestNgFramework - trackHookEvents: hook state=BEFORE_CLASS.HookState.PRE , hooks started={BEFORE_CLASS=[{hook_name=setup, hook_result=pending, test_file_path=opencart\src\test\java\testCases\TS_005_Search_Functionality.java, event_started_at=2025-06-03T11:49:22.876543200, hook_id=998046f0-a531-47f8-8a31-1e73fbc2b073, hook_logs=[], key=BEFORE_CLASS, custom_metadata={}, test_location=opencart\src\test\java\testCases\TS_005_Search_Functionality.java}]} , hooks finished={BEFORE_CLASS=[]}
11:49:22.879 [tearDown@1] INFO  c.b.v2.module.TestHubModule - sendTestFrameworkEvent: event=com.browserstack.v2.eventBus.Event@d5d5d76, response=success: true

11:49:22.914 [TC_HyperLinkCheck@2] INFO  c.b.v2.module.WebdriverModule - afterCommandExecute: event=com.browserstack.v2.eventBus.Event@23b60401
11:49:22.956 [setup@1] INFO  c.b.v2.framework.SeleniumFramework - trackSeleniumTest: saved instance contextId=-1599753584 target=17792:66 instances=[-1599753583, -1599753584, -1599753585]
11:49:22.956 [setup@1] INFO  c.b.v2.module.WebdriverModule - onBeforeDriverCreate: event=com.browserstack.v2.eventBus.Event@1ea90dd3
11:49:22.965 [setup@1] INFO  c.b.v2.module.WebdriverModule - beforeCommandExecute: event=com.browserstack.v2.eventBus.Event@4b62a052
11:49:23.285 [TC_HyperLinkCheck@2] INFO  c.b.v2.framework.TestNgFramework - trackEvent: found instance, testFrameworkState=TestFrameworkState.LOG hookState=HookState.PRE instance=-145147973
11:49:23.285 [TC_HyperLinkCheck@2] INFO  c.b.v2.framework.TestNgFramework - trackEvent: load log entries
11:49:23.287 [TC_HyperLinkCheck@2] INFO  c.b.v2.module.TestHubModule - sendLogCreatedEvent: event=com.browserstack.v2.eventBus.Event@13ca0c9e, response=success: true

11:49:23.287 [TC_HyperLinkCheck@2] INFO  c.b.v2.module.TestHubModule - sendLogCreatedEvent: event=com.browserstack.v2.eventBus.Event@13ca0c9e
11:49:23.288 [TC_HyperLinkCheck@2] INFO  c.b.v2.module.WebdriverModule - beforeCommandExecute: event=com.browserstack.v2.eventBus.Event@6baf452d
11:49:23.391 [TC_HyperLinkCheck@2] INFO  c.b.v2.module.WebdriverModule - afterCommandExecute: event=com.browserstack.v2.eventBus.Event@b4a69e
11:49:23.734 [tearDown@0] INFO  c.b.v2.module.WebdriverModule - afterCommandExecute: event=com.browserstack.v2.eventBus.Event@13115fa5
11:49:23.734 [tearDown@0] INFO  c.b.v2.module.WebdriverModule - afterCommandExecute: event=com.browserstack.v2.eventBus.Event@77d67d75
11:49:23.734 [tearDown@0] INFO  c.b.v2.framework.TestNgFramework - trackEvent: found instance, testFrameworkState=TestFrameworkState.AFTER_CLASS hookState=HookState.POST instance=-145149897
11:49:23.734 [tearDown@0] INFO  c.b.v2.framework.TestNgFramework - trackEvent: track hook events
11:49:23.741 [TC_HyperLinkCheck@2] INFO  c.b.v2.framework.TestNgFramework - trackEvent: found instance, testFrameworkState=TestFrameworkState.LOG hookState=HookState.PRE instance=-145147973
11:49:23.741 [TC_HyperLinkCheck@2] INFO  c.b.v2.framework.TestNgFramework - trackEvent: load log entries
11:49:23.743 [TC_HyperLinkCheck@2] INFO  c.b.v2.module.TestHubModule - sendLogCreatedEvent: event=com.browserstack.v2.eventBus.Event@34ee3777, response=success: true

11:49:23.743 [TC_HyperLinkCheck@2] INFO  c.b.v2.module.TestHubModule - sendLogCreatedEvent: event=com.browserstack.v2.eventBus.Event@34ee3777
11:49:23.744 [TC_HyperLinkCheck@2] INFO  c.b.v2.module.WebdriverModule - beforeCommandExecute: event=com.browserstack.v2.eventBus.Event@5a00302b
11:49:23.798 [TC_HyperLinkCheck@2] INFO  c.b.v2.module.WebdriverModule - afterCommandExecute: event=com.browserstack.v2.eventBus.Event@66b2396e
11:49:23.798 [TC_HyperLinkCheck@2] INFO  c.b.v2.framework.TestNgFramework - trackEvent: found instance, testFrameworkState=TestFrameworkState.LOG hookState=HookState.PRE instance=-145147973
11:49:23.798 [TC_HyperLinkCheck@2] INFO  c.b.v2.framework.TestNgFramework - trackEvent: load log entries
11:49:23.801 [TC_HyperLinkCheck@2] INFO  c.b.v2.module.TestHubModule - sendLogCreatedEvent: event=com.browserstack.v2.eventBus.Event@3badc4b5, response=success: true

11:49:23.801 [TC_HyperLinkCheck@2] INFO  c.b.v2.module.TestHubModule - sendLogCreatedEvent: event=com.browserstack.v2.eventBus.Event@3badc4b5
11:49:23.802 [TC_HyperLinkCheck@2] INFO  c.b.v2.framework.TestNgFramework - trackEvent: found instance, testFrameworkState=TestFrameworkState.LOG_REPORT hookState=HookState.PRE instance=-145147973
11:49:23.802 [TC_HyperLinkCheck@2] INFO  c.b.v2.framework.TestNgFramework - trackEvent: found instance, testFrameworkState=TestFrameworkState.LOG_REPORT hookState=HookState.POST instance=-145147973
11:49:23.802 [TC_HyperLinkCheck@2] INFO  c.b.v2.framework.TestNgFramework - trackEvent: load test results
11:49:23.802 [TC_HyperLinkCheck@2] INFO  c.b.v2.framework.TestNgFramework - trackEvent: found instance, testFrameworkState=TestFrameworkState.TEST hookState=HookState.POST instance=-145147973
11:49:23.802 [TC_HyperLinkCheck@2] INFO  c.b.v2.module.WebdriverModule - onAfterTest: event=com.browserstack.v2.eventBus.Event@2b18722b
11:49:23.935 [tearDown@0] INFO  c.b.v2.framework.TestNgFramework - args CHECK = [TestResult name=tearDown status=SUCCESS method=BaseClass.tearDown()[pri:0, instance:testCases.TS_005_Search_Functionality@177515d1] output={null}]
11:49:23.935 [tearDown@0] INFO  c.b.v2.framework.TestNgFramework - Hook List in Post [{hook_name=tearDown, hook_result=pending, test_file_path=opencart\src\test\java\testCases\TS_005_Search_Functionality.java, event_started_at=2025-06-03T11:49:22.079196, hook_id=4d8a24f1-b2f3-49e0-92c2-c1d58a79394d, hook_logs=[], key=AFTER_CLASS, custom_metadata={}, test_location=opencart\src\test\java\testCases\TS_005_Search_Functionality.java}] and args = [[TestResult name=tearDown status=SUCCESS method=BaseClass.tearDown()[pri:0, instance:testCases.TS_005_Search_Functionality@177515d1] output={null}], BaseClass.tearDown()[pri:0, instance:testCases.TS_005_Search_Functionality@177515d1]]
11:49:23.935 [tearDown@0] INFO  c.b.v2.framework.TestNgFramework - Processing HookLevel attachments from directory: C:\Users\devbase\.browserstack\UploadedAttachments-65\HookLevel
11:49:23.935 [tearDown@0] INFO  c.b.v2.framework.TestNgFramework - Checking hookLevelFiles: []
11:49:23.935 [tearDown@0] INFO  c.b.v2.framework.TestNgFramework - checking Paths of files = C:\Users\devbase\.browserstack\UploadedAttachments-65\HookLevel\BuildLevelHookEvent and abs path = C:\Users\devbase\.browserstack\UploadedAttachments-65\HookLevel\BuildLevelHookEvent 
11:49:23.935 [tearDown@0] INFO  c.b.v2.framework.TestNgFramework - Processing BuildLevelHookEvent attachments from directory: C:\Users\devbase\.browserstack\UploadedAttachments-65\HookLevel\BuildLevelHookEvent
11:49:23.935 [tearDown@0] INFO  c.b.v2.framework.TestNgFramework - Processing TestLevel attachments eventLogs: []
11:49:23.935 [tearDown@0] INFO  c.b.v2.framework.TestNgFramework - sendLogCreatedEvent: No Log Events to send
11:49:23.935 [tearDown@0] INFO  c.b.v2.framework.TestNgFramework - trackHookEvents: hook state=AFTER_CLASS.HookState.POST , hooks started={AFTER_METHOD=[], AFTER_CLASS=[]} , hooks finished={AFTER_METHOD=[{hook_name=clearCookies, hook_result=passed, test_file_path=opencart\src\test\java\testCases\TS_005_Search_Functionality.java, event_started_at=2025-06-03T11:49:21.319439300, hook_id=1ffe5833-fa31-49a6-aa45-633247741e41, hook_logs=[], logs=[], key=AFTER_METHOD, custom_metadata={}, event_ended_at=2025-06-03T11:49:21.588545900, test_location=opencart\src\test\java\testCases\TS_005_Search_Functionality.java}], AFTER_CLASS=[{hook_name=tearDown, hook_result=passed, test_file_path=opencart\src\test\java\testCases\TS_005_Search_Functionality.java, event_started_at=2025-06-03T11:49:22.079196, hook_id=4d8a24f1-b2f3-49e0-92c2-c1d58a79394d, hook_logs=[], logs=[], key=AFTER_CLASS, custom_metadata={}, event_ended_at=2025-06-03T11:49:23.935478100, test_location=opencart\src\test\java\testCases\TS_005_Search_Functionality.java}]}
11:49:23.938 [tearDown@0] INFO  c.b.v2.module.TestHubModule - sendTestFrameworkEvent: event=com.browserstack.v2.eventBus.Event@35ad0078, response=success: true

11:49:24.158 [TC_HyperLinkCheck@2] ERROR c.b.utils.SeleniumMethodUtils - Done for sessionid 16c0a30a0fb02a2055b26186b717279d4c25e1d6
11:49:24.611 [TC_HyperLinkCheck@2] INFO  c.b.v2.module.TestHubModule - onAfterTest: event={com.browserstack.v2.eventBus.Event@2b18722b}
11:49:24.615 [TC_HyperLinkCheck@2] INFO  c.b.v2.module.TestHubModule - sendTestSessionEvent: event=com.browserstack.v2.eventBus.Event@2b18722b, response=success: true

11:49:24.619 [TC_HyperLinkCheck@2] INFO  c.b.v2.module.TestHubModule - sendTestFrameworkEvent: event=com.browserstack.v2.eventBus.Event@2b18722b, response=success: true

11:49:24.622 [TC_HyperLinkCheck@2] INFO  c.b.v2.framework.TestNgFramework - trackEvent: found instance, testFrameworkState=TestFrameworkState.AFTER_METHOD hookState=HookState.PRE instance=-145147973
11:49:24.622 [TC_HyperLinkCheck@2] INFO  c.b.v2.framework.TestNgFramework - trackEvent: track hook events
11:49:24.821 [TC_HyperLinkCheck@2] INFO  c.b.v2.framework.TestNgFramework - args CHECK = [TestResult name=clearCookies status=STARTED method=TS_002_Login_Functionality.clearCookies()[pri:0, instance:testCases.TS_002_Login_Functionality@440e3ce6] output={null}]
11:49:24.821 [TC_HyperLinkCheck@2] INFO  c.b.v2.framework.TestNgFramework - Hook Started in PRE key = AFTER_METHOD & hook = {hook_name=clearCookies, hook_result=pending, test_file_path=opencart\src\test\java\testCases\TS_002_Login_Functionality.java, event_started_at=2025-06-03T11:49:24.821413700, hook_id=07365df7-7e5e-4a19-8862-c030d20f7d10, hook_logs=[], key=AFTER_METHOD, custom_metadata={}, test_location=opencart\src\test\java\testCases\TS_002_Login_Functionality.java}  and args = [[TestResult name=clearCookies status=STARTED method=TS_002_Login_Functionality.clearCookies()[pri:0, instance:testCases.TS_002_Login_Functionality@440e3ce6] output={null}], TS_002_Login_Functionality.clearCookies()[pri:0, instance:testCases.TS_002_Login_Functionality@440e3ce6]]
11:49:24.821 [TC_HyperLinkCheck@2] INFO  c.b.v2.framework.TestNgFramework - trackHookEvents: hook state=AFTER_METHOD.HookState.PRE , hooks started={AFTER_METHOD=[{hook_name=clearCookies, hook_result=pending, test_file_path=opencart\src\test\java\testCases\TS_002_Login_Functionality.java, event_started_at=2025-06-03T11:49:24.821413700, hook_id=07365df7-7e5e-4a19-8862-c030d20f7d10, hook_logs=[], key=AFTER_METHOD, custom_metadata={}, test_location=opencart\src\test\java\testCases\TS_002_Login_Functionality.java}]} , hooks finished={AFTER_METHOD=[]}
11:49:24.824 [TC_HyperLinkCheck@2] INFO  c.b.v2.module.TestHubModule - sendTestFrameworkEvent: event=com.browserstack.v2.eventBus.Event@7b93fd72, response=success: true

11:49:24.825 [clearCookies@2] INFO  c.b.v2.module.WebdriverModule - beforeCommandExecute: event=com.browserstack.v2.eventBus.Event@da8633e
11:49:24.825 [clearCookies@2] INFO  c.b.v2.module.WebdriverModule - beforeCommandExecute: event=com.browserstack.v2.eventBus.Event@747dd0a4
11:49:24.912 [clearCookies@2] INFO  c.b.v2.module.WebdriverModule - afterCommandExecute: event=com.browserstack.v2.eventBus.Event@1061cb34
11:49:24.912 [clearCookies@2] INFO  c.b.v2.module.WebdriverModule - afterCommandExecute: event=com.browserstack.v2.eventBus.Event@8755d82
11:49:24.912 [clearCookies@2] INFO  c.b.v2.framework.TestNgFramework - trackEvent: found instance, testFrameworkState=TestFrameworkState.AFTER_METHOD hookState=HookState.POST instance=-145147973
11:49:24.912 [clearCookies@2] INFO  c.b.v2.framework.TestNgFramework - trackEvent: track hook events
11:49:25.110 [clearCookies@2] INFO  c.b.v2.framework.TestNgFramework - args CHECK = [TestResult name=clearCookies status=SUCCESS method=TS_002_Login_Functionality.clearCookies()[pri:0, instance:testCases.TS_002_Login_Functionality@440e3ce6] output={null}]
11:49:25.110 [clearCookies@2] INFO  c.b.v2.framework.TestNgFramework - Hook List in Post [{hook_name=clearCookies, hook_result=pending, test_file_path=opencart\src\test\java\testCases\TS_002_Login_Functionality.java, event_started_at=2025-06-03T11:49:24.821413700, hook_id=07365df7-7e5e-4a19-8862-c030d20f7d10, hook_logs=[], key=AFTER_METHOD, custom_metadata={}, test_location=opencart\src\test\java\testCases\TS_002_Login_Functionality.java}] and args = [[TestResult name=clearCookies status=SUCCESS method=TS_002_Login_Functionality.clearCookies()[pri:0, instance:testCases.TS_002_Login_Functionality@440e3ce6] output={null}], TS_002_Login_Functionality.clearCookies()[pri:0, instance:testCases.TS_002_Login_Functionality@440e3ce6]]
11:49:25.111 [clearCookies@2] INFO  c.b.v2.framework.TestNgFramework - Processing HookLevel attachments from directory: C:\Users\devbase\.browserstack\UploadedAttachments-67\HookLevel
11:49:25.111 [clearCookies@2] INFO  c.b.v2.framework.TestNgFramework - Checking hookLevelFiles: []
11:49:25.111 [clearCookies@2] INFO  c.b.v2.framework.TestNgFramework - checking Paths of files = C:\Users\devbase\.browserstack\UploadedAttachments-67\HookLevel\BuildLevelHookEvent and abs path = C:\Users\devbase\.browserstack\UploadedAttachments-67\HookLevel\BuildLevelHookEvent 
11:49:25.111 [clearCookies@2] INFO  c.b.v2.framework.TestNgFramework - Processing BuildLevelHookEvent attachments from directory: C:\Users\devbase\.browserstack\UploadedAttachments-67\HookLevel\BuildLevelHookEvent
11:49:25.111 [clearCookies@2] INFO  c.b.v2.framework.TestNgFramework - Processing TestLevel attachments eventLogs: []
11:49:25.111 [clearCookies@2] INFO  c.b.v2.framework.TestNgFramework - sendLogCreatedEvent: No Log Events to send
11:49:25.111 [clearCookies@2] INFO  c.b.v2.framework.TestNgFramework - trackHookEvents: hook state=AFTER_METHOD.HookState.POST , hooks started={AFTER_METHOD=[]} , hooks finished={AFTER_METHOD=[{hook_name=clearCookies, hook_result=passed, test_file_path=opencart\src\test\java\testCases\TS_002_Login_Functionality.java, event_started_at=2025-06-03T11:49:24.821413700, hook_id=07365df7-7e5e-4a19-8862-c030d20f7d10, hook_logs=[], logs=[], key=AFTER_METHOD, custom_metadata={}, event_ended_at=2025-06-03T11:49:25.110906100, test_location=opencart\src\test\java\testCases\TS_002_Login_Functionality.java}]}
11:49:25.114 [clearCookies@2] INFO  c.b.v2.module.TestHubModule - sendTestFrameworkEvent: event=com.browserstack.v2.eventBus.Event@6075faf0, response=success: true

11:49:25.119 [clearCookies@2] INFO  c.b.v2.framework.TestNgFramework - trackTestNgTest: saved instance contextId=-145147973 target=C:/Users/RPA Base/Projects/opencart/src/test/java/testCases-2@2 instances=[-145148935, -145147973, -145149897]
11:49:25.119 [clearCookies@2] INFO  c.b.v2.framework.TestNgFramework - trackEvent: found instance, testFrameworkState=TestFrameworkState.TEST hookState=HookState.PRE instance=-145147973
11:49:25.319 [clearCookies@2] INFO  c.b.v2.framework.TestNgFramework - trackEvent: loaded initial test data to instance, testFrameworkState=TestFrameworkState.TEST hookState=HookState.PRE instance=-145147973
11:49:25.319 [clearCookies@2] INFO  c.b.v2.module.WebdriverModule - onBeforeTest: event=com.browserstack.v2.eventBus.Event@59d7c0d3
11:49:25.322 [clearCookies@2] INFO  c.b.v2.module.TestHubModule - sendTestFrameworkEvent: event=com.browserstack.v2.eventBus.Event@59d7c0d3, response=success: true

11:49:25.323 [clearCookies@2] INFO  c.b.v2.module.ObservabilityModule - onBeforeTest: event={instance=com.browserstack.v2.instance.TestFrameworkInstance@7ce9f182, testFrameworkState=TestFrameworkState.TEST, testInstance=com.browserstack.v2.instance.TestFrameworkInstance@7ce9f182, hookState=HookState.PRE}
11:49:25.323 [clearCookies@2] INFO  c.b.v2.module.ObservabilityModule - performO11ySync: Performing O11y Sync
11:49:25.338 [TC_LF_015_verify_password_copyblock@2] INFO  c.b.v2.module.WebdriverModule - beforeCommandExecute: event=com.browserstack.v2.eventBus.Event@38ddb96e
11:49:25.465 [TC_LF_015_verify_password_copyblock@2] INFO  c.b.v2.module.WebdriverModule - afterCommandExecute: event=com.browserstack.v2.eventBus.Event@7c472f22
11:49:25.465 [TC_LF_015_verify_password_copyblock@2] INFO  c.b.v2.module.WebdriverModule - beforeCommandExecute: event=com.browserstack.v2.eventBus.Event@26ea7db9
11:49:28.709 [TC_LF_015_verify_password_copyblock@2] INFO  c.b.v2.module.WebdriverModule - afterCommandExecute: event=com.browserstack.v2.eventBus.Event@64401769
11:49:28.709 [TC_LF_015_verify_password_copyblock@2] INFO  c.b.v2.framework.TestNgFramework - trackEvent: found instance, testFrameworkState=TestFrameworkState.LOG_REPORT hookState=HookState.PRE instance=-145147973
11:49:28.709 [TC_LF_015_verify_password_copyblock@2] INFO  c.b.v2.framework.TestNgFramework - trackEvent: found instance, testFrameworkState=TestFrameworkState.LOG_REPORT hookState=HookState.POST instance=-145147973
11:49:28.709 [TC_LF_015_verify_password_copyblock@2] INFO  c.b.v2.framework.TestNgFramework - trackEvent: load test results
11:49:28.712 [TC_LF_015_verify_password_copyblock@2] INFO  c.b.v2.framework.TestNgFramework - trackEvent: found instance, testFrameworkState=TestFrameworkState.TEST hookState=HookState.POST instance=-145147973
11:49:28.712 [TC_LF_015_verify_password_copyblock@2] INFO  c.b.v2.module.WebdriverModule - onAfterTest: event=com.browserstack.v2.eventBus.Event@2ed6b6f1
11:49:29.034 [TC_LF_015_verify_password_copyblock@2] ERROR c.b.utils.SeleniumMethodUtils - Done for sessionid 16c0a30a0fb02a2055b26186b717279d4c25e1d6
11:49:29.381 [TC_LF_015_verify_password_copyblock@2] INFO  c.b.v2.module.TestHubModule - onAfterTest: event={com.browserstack.v2.eventBus.Event@2ed6b6f1}
11:49:29.386 [TC_LF_015_verify_password_copyblock@2] INFO  c.b.v2.module.TestHubModule - sendTestSessionEvent: event=com.browserstack.v2.eventBus.Event@2ed6b6f1, response=success: true

11:49:29.389 [TC_LF_015_verify_password_copyblock@2] INFO  c.b.v2.module.TestHubModule - sendTestFrameworkEvent: event=com.browserstack.v2.eventBus.Event@2ed6b6f1, response=success: true

11:49:29.393 [TC_LF_015_verify_password_copyblock@2] INFO  c.b.v2.framework.TestNgFramework - trackEvent: found instance, testFrameworkState=TestFrameworkState.AFTER_METHOD hookState=HookState.PRE instance=-145147973
11:49:29.393 [TC_LF_015_verify_password_copyblock@2] INFO  c.b.v2.framework.TestNgFramework - trackEvent: track hook events
11:49:29.596 [TC_LF_015_verify_password_copyblock@2] INFO  c.b.v2.framework.TestNgFramework - args CHECK = [TestResult name=clearCookies status=STARTED method=TS_002_Login_Functionality.clearCookies()[pri:0, instance:testCases.TS_002_Login_Functionality@440e3ce6] output={null}]
11:49:29.596 [TC_LF_015_verify_password_copyblock@2] INFO  c.b.v2.framework.TestNgFramework - Hook Started in PRE key = AFTER_METHOD & hook = {hook_name=clearCookies, hook_result=pending, test_file_path=opencart\src\test\java\testCases\TS_002_Login_Functionality.java, event_started_at=2025-06-03T11:49:29.596562300, hook_id=91e56fa0-d65f-43ca-a60f-247455fa39fd, hook_logs=[], key=AFTER_METHOD, custom_metadata={}, test_location=opencart\src\test\java\testCases\TS_002_Login_Functionality.java}  and args = [[TestResult name=clearCookies status=STARTED method=TS_002_Login_Functionality.clearCookies()[pri:0, instance:testCases.TS_002_Login_Functionality@440e3ce6] output={null}], TS_002_Login_Functionality.clearCookies()[pri:0, instance:testCases.TS_002_Login_Functionality@440e3ce6]]
11:49:29.596 [TC_LF_015_verify_password_copyblock@2] INFO  c.b.v2.framework.TestNgFramework - trackHookEvents: hook state=AFTER_METHOD.HookState.PRE , hooks started={AFTER_METHOD=[{hook_name=clearCookies, hook_result=pending, test_file_path=opencart\src\test\java\testCases\TS_002_Login_Functionality.java, event_started_at=2025-06-03T11:49:29.596562300, hook_id=91e56fa0-d65f-43ca-a60f-247455fa39fd, hook_logs=[], key=AFTER_METHOD, custom_metadata={}, test_location=opencart\src\test\java\testCases\TS_002_Login_Functionality.java}]} , hooks finished={AFTER_METHOD=[]}
11:49:29.599 [TC_LF_015_verify_password_copyblock@2] INFO  c.b.v2.module.TestHubModule - sendTestFrameworkEvent: event=com.browserstack.v2.eventBus.Event@7d78c7d, response=success: true

11:49:29.601 [clearCookies@2] INFO  c.b.v2.module.WebdriverModule - beforeCommandExecute: event=com.browserstack.v2.eventBus.Event@3cfa330
11:49:29.601 [clearCookies@2] INFO  c.b.v2.module.WebdriverModule - beforeCommandExecute: event=com.browserstack.v2.eventBus.Event@1dfa0020
11:49:29.691 [clearCookies@2] INFO  c.b.v2.module.WebdriverModule - afterCommandExecute: event=com.browserstack.v2.eventBus.Event@2675d386
11:49:29.691 [clearCookies@2] INFO  c.b.v2.module.WebdriverModule - afterCommandExecute: event=com.browserstack.v2.eventBus.Event@783df3d0
11:49:29.691 [clearCookies@2] INFO  c.b.v2.framework.TestNgFramework - trackEvent: found instance, testFrameworkState=TestFrameworkState.AFTER_METHOD hookState=HookState.POST instance=-145147973
11:49:29.691 [clearCookies@2] INFO  c.b.v2.framework.TestNgFramework - trackEvent: track hook events
11:49:29.903 [clearCookies@2] INFO  c.b.v2.framework.TestNgFramework - args CHECK = [TestResult name=clearCookies status=SUCCESS method=TS_002_Login_Functionality.clearCookies()[pri:0, instance:testCases.TS_002_Login_Functionality@440e3ce6] output={null}]
11:49:29.903 [clearCookies@2] INFO  c.b.v2.framework.TestNgFramework - Hook List in Post [{hook_name=clearCookies, hook_result=pending, test_file_path=opencart\src\test\java\testCases\TS_002_Login_Functionality.java, event_started_at=2025-06-03T11:49:29.596562300, hook_id=91e56fa0-d65f-43ca-a60f-247455fa39fd, hook_logs=[], key=AFTER_METHOD, custom_metadata={}, test_location=opencart\src\test\java\testCases\TS_002_Login_Functionality.java}] and args = [[TestResult name=clearCookies status=SUCCESS method=TS_002_Login_Functionality.clearCookies()[pri:0, instance:testCases.TS_002_Login_Functionality@440e3ce6] output={null}], TS_002_Login_Functionality.clearCookies()[pri:0, instance:testCases.TS_002_Login_Functionality@440e3ce6]]
11:49:29.903 [clearCookies@2] INFO  c.b.v2.framework.TestNgFramework - Processing HookLevel attachments from directory: C:\Users\devbase\.browserstack\UploadedAttachments-67\HookLevel
11:49:29.903 [clearCookies@2] INFO  c.b.v2.framework.TestNgFramework - Checking hookLevelFiles: []
11:49:29.903 [clearCookies@2] INFO  c.b.v2.framework.TestNgFramework - checking Paths of files = C:\Users\devbase\.browserstack\UploadedAttachments-67\HookLevel\BuildLevelHookEvent and abs path = C:\Users\devbase\.browserstack\UploadedAttachments-67\HookLevel\BuildLevelHookEvent 
11:49:29.904 [clearCookies@2] INFO  c.b.v2.framework.TestNgFramework - Processing BuildLevelHookEvent attachments from directory: C:\Users\devbase\.browserstack\UploadedAttachments-67\HookLevel\BuildLevelHookEvent
11:49:29.904 [clearCookies@2] INFO  c.b.v2.framework.TestNgFramework - Processing TestLevel attachments eventLogs: []
11:49:29.904 [clearCookies@2] INFO  c.b.v2.framework.TestNgFramework - sendLogCreatedEvent: No Log Events to send
11:49:29.904 [clearCookies@2] INFO  c.b.v2.framework.TestNgFramework - trackHookEvents: hook state=AFTER_METHOD.HookState.POST , hooks started={AFTER_METHOD=[]} , hooks finished={AFTER_METHOD=[{hook_name=clearCookies, hook_result=passed, test_file_path=opencart\src\test\java\testCases\TS_002_Login_Functionality.java, event_started_at=2025-06-03T11:49:29.596562300, hook_id=91e56fa0-d65f-43ca-a60f-247455fa39fd, hook_logs=[], logs=[], key=AFTER_METHOD, custom_metadata={}, event_ended_at=2025-06-03T11:49:29.903254500, test_location=opencart\src\test\java\testCases\TS_002_Login_Functionality.java}]}
11:49:29.906 [clearCookies@2] INFO  c.b.v2.module.TestHubModule - sendTestFrameworkEvent: event=com.browserstack.v2.eventBus.Event@54f629ec, response=success: true

11:49:29.909 [clearCookies@2] INFO  c.b.v2.framework.TestNgFramework - trackEvent: found instance, testFrameworkState=TestFrameworkState.AFTER_CLASS hookState=HookState.PRE instance=-145147973
11:49:29.909 [clearCookies@2] INFO  c.b.v2.framework.TestNgFramework - trackEvent: track hook events
11:49:30.115 [clearCookies@2] INFO  c.b.v2.framework.TestNgFramework - args CHECK = [TestResult name=tearDown status=STARTED method=BaseClass.tearDown()[pri:0, instance:testCases.TS_002_Login_Functionality@440e3ce6] output={null}]
11:49:30.115 [clearCookies@2] INFO  c.b.v2.framework.TestNgFramework - Hook Started in PRE key = AFTER_CLASS & hook = {hook_name=tearDown, hook_result=pending, test_file_path=opencart\src\test\java\testCases\TS_002_Login_Functionality.java, event_started_at=2025-06-03T11:49:30.115275600, hook_id=98e58e3c-07b0-4183-b632-74493abffda3, hook_logs=[], key=AFTER_CLASS, custom_metadata={}, test_location=opencart\src\test\java\testCases\TS_002_Login_Functionality.java}  and args = [[TestResult name=tearDown status=STARTED method=BaseClass.tearDown()[pri:0, instance:testCases.TS_002_Login_Functionality@440e3ce6] output={null}], BaseClass.tearDown()[pri:0, instance:testCases.TS_002_Login_Functionality@440e3ce6]]
11:49:30.115 [clearCookies@2] INFO  c.b.v2.framework.TestNgFramework - trackHookEvents: hook state=AFTER_CLASS.HookState.PRE , hooks started={AFTER_METHOD=[], AFTER_CLASS=[{hook_name=tearDown, hook_result=pending, test_file_path=opencart\src\test\java\testCases\TS_002_Login_Functionality.java, event_started_at=2025-06-03T11:49:30.115275600, hook_id=98e58e3c-07b0-4183-b632-74493abffda3, hook_logs=[], key=AFTER_CLASS, custom_metadata={}, test_location=opencart\src\test\java\testCases\TS_002_Login_Functionality.java}]} , hooks finished={AFTER_METHOD=[{hook_name=clearCookies, hook_result=passed, test_file_path=opencart\src\test\java\testCases\TS_002_Login_Functionality.java, event_started_at=2025-06-03T11:49:29.596562300, hook_id=91e56fa0-d65f-43ca-a60f-247455fa39fd, hook_logs=[], logs=[], key=AFTER_METHOD, custom_metadata={}, event_ended_at=2025-06-03T11:49:29.903254500, test_location=opencart\src\test\java\testCases\TS_002_Login_Functionality.java}], AFTER_CLASS=[]}
11:49:30.117 [clearCookies@2] INFO  c.b.v2.module.TestHubModule - sendTestFrameworkEvent: event=com.browserstack.v2.eventBus.Event@57c752f6, response=success: true

11:49:30.118 [tearDown@2] INFO  c.b.v2.module.WebdriverModule - onDriverQuit: event=com.browserstack.v2.eventBus.Event@6a3f3726
11:49:30.122 [tearDown@2] INFO  c.b.v2.module.WebdriverModule - beforeCommandExecute: event=com.browserstack.v2.eventBus.Event@11f1feee
11:49:30.122 [tearDown@2] INFO  c.b.v2.module.WebdriverModule - beforeCommandExecute: event=com.browserstack.v2.eventBus.Event@1a3e1c71
11:49:31.548 [tearDown@2] INFO  c.b.v2.module.WebdriverModule - afterCommandExecute: event=com.browserstack.v2.eventBus.Event@11d341c3
11:49:31.549 [tearDown@2] INFO  c.b.v2.module.WebdriverModule - afterCommandExecute: event=com.browserstack.v2.eventBus.Event@2594e069
11:49:31.549 [tearDown@2] INFO  c.b.v2.framework.TestNgFramework - trackEvent: found instance, testFrameworkState=TestFrameworkState.AFTER_CLASS hookState=HookState.POST instance=-145147973
11:49:31.549 [tearDown@2] INFO  c.b.v2.framework.TestNgFramework - trackEvent: track hook events
11:49:31.750 [tearDown@2] INFO  c.b.v2.framework.TestNgFramework - args CHECK = [TestResult name=tearDown status=SUCCESS method=BaseClass.tearDown()[pri:0, instance:testCases.TS_002_Login_Functionality@440e3ce6] output={null}]
11:49:31.750 [tearDown@2] INFO  c.b.v2.framework.TestNgFramework - Hook List in Post [{hook_name=tearDown, hook_result=pending, test_file_path=opencart\src\test\java\testCases\TS_002_Login_Functionality.java, event_started_at=2025-06-03T11:49:30.115275600, hook_id=98e58e3c-07b0-4183-b632-74493abffda3, hook_logs=[], key=AFTER_CLASS, custom_metadata={}, test_location=opencart\src\test\java\testCases\TS_002_Login_Functionality.java}] and args = [[TestResult name=tearDown status=SUCCESS method=BaseClass.tearDown()[pri:0, instance:testCases.TS_002_Login_Functionality@440e3ce6] output={null}], BaseClass.tearDown()[pri:0, instance:testCases.TS_002_Login_Functionality@440e3ce6]]
11:49:31.750 [tearDown@2] INFO  c.b.v2.framework.TestNgFramework - Processing HookLevel attachments from directory: C:\Users\devbase\.browserstack\UploadedAttachments-67\HookLevel
11:49:31.750 [tearDown@2] INFO  c.b.v2.framework.TestNgFramework - Checking hookLevelFiles: []
11:49:31.750 [tearDown@2] INFO  c.b.v2.framework.TestNgFramework - checking Paths of files = C:\Users\devbase\.browserstack\UploadedAttachments-67\HookLevel\BuildLevelHookEvent and abs path = C:\Users\devbase\.browserstack\UploadedAttachments-67\HookLevel\BuildLevelHookEvent 
11:49:31.750 [tearDown@2] INFO  c.b.v2.framework.TestNgFramework - Processing BuildLevelHookEvent attachments from directory: C:\Users\devbase\.browserstack\UploadedAttachments-67\HookLevel\BuildLevelHookEvent
11:49:31.750 [tearDown@2] INFO  c.b.v2.framework.TestNgFramework - Processing TestLevel attachments eventLogs: []
11:49:31.750 [tearDown@2] INFO  c.b.v2.framework.TestNgFramework - sendLogCreatedEvent: No Log Events to send
11:49:31.750 [tearDown@2] INFO  c.b.v2.framework.TestNgFramework - trackHookEvents: hook state=AFTER_CLASS.HookState.POST , hooks started={AFTER_METHOD=[], AFTER_CLASS=[]} , hooks finished={AFTER_METHOD=[{hook_name=clearCookies, hook_result=passed, test_file_path=opencart\src\test\java\testCases\TS_002_Login_Functionality.java, event_started_at=2025-06-03T11:49:29.596562300, hook_id=91e56fa0-d65f-43ca-a60f-247455fa39fd, hook_logs=[], logs=[], key=AFTER_METHOD, custom_metadata={}, event_ended_at=2025-06-03T11:49:29.903254500, test_location=opencart\src\test\java\testCases\TS_002_Login_Functionality.java}], AFTER_CLASS=[{hook_name=tearDown, hook_result=passed, test_file_path=opencart\src\test\java\testCases\TS_002_Login_Functionality.java, event_started_at=2025-06-03T11:49:30.115275600, hook_id=98e58e3c-07b0-4183-b632-74493abffda3, hook_logs=[], logs=[], key=AFTER_CLASS, custom_metadata={}, event_ended_at=2025-06-03T11:49:31.750650, test_location=opencart\src\test\java\testCases\TS_002_Login_Functionality.java}]}
11:49:31.753 [tearDown@2] INFO  c.b.v2.module.TestHubModule - sendTestFrameworkEvent: event=com.browserstack.v2.eventBus.Event@58f8881e, response=success: true

11:49:31.756 [tearDown@2] INFO  c.b.v2.framework.TestNgFramework - trackTestNgTest: saved instance contextId=-145147973 target=C:/Users/RPA Base/Projects/opencart/src/test/java/testCases-2@2 instances=[-145148935, -145147973, -145149897]
11:49:31.756 [tearDown@2] INFO  c.b.v2.framework.TestNgFramework - trackEvent: found instance, testFrameworkState=TestFrameworkState.BEFORE_CLASS hookState=HookState.PRE instance=-145147973
11:49:31.756 [tearDown@2] INFO  c.b.v2.framework.TestNgFramework - trackEvent: loaded common test data, testFrameworkState=TestFrameworkState.BEFORE_CLASS hookState=HookState.PRE instance=-145147973
11:49:31.756 [tearDown@2] INFO  c.b.v2.framework.TestNgFramework - trackEvent: track hook events
11:49:31.965 [tearDown@2] INFO  c.b.v2.framework.TestNgFramework - args CHECK = [TestResult name=setup status=STARTED method=BaseClass.setup(java.lang.String)[pri:0, instance:testCases.TS_005_Search_Functionality@3e67f5f2] output={null}]
11:49:31.965 [tearDown@2] INFO  c.b.v2.framework.TestNgFramework - Hook Started in PRE key = BEFORE_CLASS & hook = {hook_name=setup, hook_result=pending, test_file_path=opencart\src\test\java\testCases\TS_005_Search_Functionality.java, event_started_at=2025-06-03T11:49:31.965421300, hook_id=58467149-6a48-4dd8-800a-8495a0655609, hook_logs=[], key=BEFORE_CLASS, custom_metadata={}, test_location=opencart\src\test\java\testCases\TS_005_Search_Functionality.java}  and args = [[TestResult name=setup status=STARTED method=BaseClass.setup(java.lang.String)[pri:0, instance:testCases.TS_005_Search_Functionality@3e67f5f2] output={null}], BaseClass.setup(java.lang.String)[pri:0, instance:testCases.TS_005_Search_Functionality@3e67f5f2]]
11:49:31.965 [tearDown@2] INFO  c.b.v2.framework.TestNgFramework - trackHookEvents: hook state=BEFORE_CLASS.HookState.PRE , hooks started={BEFORE_CLASS=[{hook_name=setup, hook_result=pending, test_file_path=opencart\src\test\java\testCases\TS_005_Search_Functionality.java, event_started_at=2025-06-03T11:49:31.965421300, hook_id=58467149-6a48-4dd8-800a-8495a0655609, hook_logs=[], key=BEFORE_CLASS, custom_metadata={}, test_location=opencart\src\test\java\testCases\TS_005_Search_Functionality.java}]} , hooks finished={BEFORE_CLASS=[]}
11:49:31.968 [tearDown@2] INFO  c.b.v2.module.TestHubModule - sendTestFrameworkEvent: event=com.browserstack.v2.eventBus.Event@2bdf77a5, response=success: true

11:49:32.045 [setup@2] INFO  c.b.v2.framework.SeleniumFramework - trackSeleniumTest: saved instance contextId=-1599753583 target=17792:67 instances=[-1599753583, -1599753584, -1599753585]
11:49:32.045 [setup@2] INFO  c.b.v2.module.WebdriverModule - onBeforeDriverCreate: event=com.browserstack.v2.eventBus.Event@60d08059
11:49:32.053 [setup@2] INFO  c.b.v2.module.WebdriverModule - beforeCommandExecute: event=com.browserstack.v2.eventBus.Event@13e332be
11:49:41.959 [setup@1] INFO  c.b.v2.module.WebdriverModule - afterCommandExecute: event=com.browserstack.v2.eventBus.Event@578b0e53
11:49:41.959 [setup@1] INFO  c.b.v2.framework.SeleniumFramework - trackSeleniumTest: saved instance contextId=-1599753584 target=17792:66 instances=[-1599753583, -1599753584, -1599753585]
11:49:41.959 [setup@1] INFO  c.b.v2.module.WebdriverModule - onDriverCreated: event=com.browserstack.v2.eventBus.Event@79296ebd
11:49:41.959 [setup@1] INFO  c.b.v2.module.WebdriverModule - Found session id=2f8afb70f6e28369c01375beaa0ad0cadab7808b for instance=com.browserstack.v2.instance.AutomationFrameworkInstance@56b88a8e
11:49:41.959 [setup@1] INFO  c.b.v2.module.WebdriverModule - Driver added successfully to automationFramework
11:49:41.965 [setup@1] INFO  c.b.v2.module.WebdriverModule - beforeCommandExecute: event=com.browserstack.v2.eventBus.Event@508c4693
11:49:41.965 [setup@1] INFO  c.b.v2.module.WebdriverModule - beforeCommandExecute: event=com.browserstack.v2.eventBus.Event@3ef80de8
11:49:42.150 [setup@1] INFO  c.b.v2.module.WebdriverModule - afterCommandExecute: event=com.browserstack.v2.eventBus.Event@5b91d44c
11:49:42.150 [setup@1] INFO  c.b.v2.module.WebdriverModule - afterCommandExecute: event=com.browserstack.v2.eventBus.Event@d0ff6f7
11:49:42.150 [setup@1] INFO  c.b.v2.module.WebdriverModule - beforeCommandExecute: event=com.browserstack.v2.eventBus.Event@98ea465
11:49:42.178 [setup@1] INFO  c.b.v2.module.WebdriverModule - afterCommandExecute: event=com.browserstack.v2.eventBus.Event@6d12f2a9
11:49:42.178 [setup@1] INFO  c.b.v2.module.WebdriverModule - beforeCommandExecute: event=com.browserstack.v2.eventBus.Event@2b3c5f98
11:49:42.711 [setup@1] INFO  c.b.v2.module.WebdriverModule - afterCommandExecute: event=com.browserstack.v2.eventBus.Event@79ba8272
11:49:42.711 [setup@1] INFO  c.b.v2.module.WebdriverModule - beforeCommandExecute: event=com.browserstack.v2.eventBus.Event@232b6022
11:49:42.711 [setup@1] INFO  c.b.v2.module.WebdriverModule - beforeCommandExecute: event=com.browserstack.v2.eventBus.Event@6f600f6d
11:49:46.707 [setup@1] INFO  c.b.v2.module.WebdriverModule - afterCommandExecute: event=com.browserstack.v2.eventBus.Event@5850029e
11:49:46.707 [setup@1] INFO  c.b.v2.module.WebdriverModule - afterCommandExecute: event=com.browserstack.v2.eventBus.Event@4efbd4bf
11:49:46.707 [setup@1] INFO  c.b.v2.framework.TestNgFramework - trackEvent: found instance, testFrameworkState=TestFrameworkState.BEFORE_CLASS hookState=HookState.POST instance=-145148935
11:49:46.708 [setup@1] INFO  c.b.v2.framework.TestNgFramework - trackEvent: loaded common test data, testFrameworkState=TestFrameworkState.BEFORE_CLASS hookState=HookState.POST instance=-145148935
11:49:46.708 [setup@1] INFO  c.b.v2.framework.TestNgFramework - trackEvent: track hook events
11:49:46.911 [setup@1] INFO  c.b.v2.framework.TestNgFramework - args CHECK = [TestResult name=setup status=SUCCESS method=BaseClass.setup(java.lang.String)[pri:0, instance:testCases.TS_005_Search_Functionality@640ab13c] output={null}]
11:49:46.911 [setup@1] INFO  c.b.v2.framework.TestNgFramework - Hook List in Post [{hook_name=setup, hook_result=pending, test_file_path=opencart\src\test\java\testCases\TS_005_Search_Functionality.java, event_started_at=2025-06-03T11:49:22.876543200, hook_id=998046f0-a531-47f8-8a31-1e73fbc2b073, hook_logs=[], key=BEFORE_CLASS, custom_metadata={}, test_location=opencart\src\test\java\testCases\TS_005_Search_Functionality.java}] and args = [[TestResult name=setup status=SUCCESS method=BaseClass.setup(java.lang.String)[pri:0, instance:testCases.TS_005_Search_Functionality@640ab13c] output={null}], BaseClass.setup(java.lang.String)[pri:0, instance:testCases.TS_005_Search_Functionality@640ab13c]]
11:49:46.912 [setup@1] INFO  c.b.v2.framework.TestNgFramework - Processing HookLevel attachments from directory: C:\Users\devbase\.browserstack\UploadedAttachments-66\HookLevel
11:49:46.912 [setup@1] INFO  c.b.v2.framework.TestNgFramework - Checking hookLevelFiles: []
11:49:46.912 [setup@1] INFO  c.b.v2.framework.TestNgFramework - checking Paths of files = C:\Users\devbase\.browserstack\UploadedAttachments-66\HookLevel\BuildLevelHookEvent and abs path = C:\Users\devbase\.browserstack\UploadedAttachments-66\HookLevel\BuildLevelHookEvent 
11:49:46.912 [setup@1] INFO  c.b.v2.framework.TestNgFramework - Processing BuildLevelHookEvent attachments from directory: C:\Users\devbase\.browserstack\UploadedAttachments-66\HookLevel\BuildLevelHookEvent
11:49:46.912 [setup@1] INFO  c.b.v2.framework.TestNgFramework - Processing TestLevel attachments eventLogs: []
11:49:46.912 [setup@1] INFO  c.b.v2.framework.TestNgFramework - sendLogCreatedEvent: No Log Events to send
11:49:46.912 [setup@1] INFO  c.b.v2.framework.TestNgFramework - trackHookEvents: hook state=BEFORE_CLASS.HookState.POST , hooks started={BEFORE_CLASS=[]} , hooks finished={BEFORE_CLASS=[{hook_name=setup, hook_result=passed, test_file_path=opencart\src\test\java\testCases\TS_005_Search_Functionality.java, event_started_at=2025-06-03T11:49:22.876543200, hook_id=998046f0-a531-47f8-8a31-1e73fbc2b073, hook_logs=[], logs=[], key=BEFORE_CLASS, custom_metadata={}, event_ended_at=2025-06-03T11:49:46.911045100, test_location=opencart\src\test\java\testCases\TS_005_Search_Functionality.java}]}
11:49:46.914 [setup@1] INFO  c.b.v2.module.TestHubModule - sendTestFrameworkEvent: event=com.browserstack.v2.eventBus.Event@5ddb6604, response=success: true

11:49:46.917 [setup@1] INFO  c.b.v2.framework.TestNgFramework - trackEvent: found instance, testFrameworkState=TestFrameworkState.TEST hookState=HookState.PRE instance=-145148935
11:49:47.124 [setup@1] INFO  c.b.v2.framework.TestNgFramework - trackEvent: loaded initial test data to instance, testFrameworkState=TestFrameworkState.TEST hookState=HookState.PRE instance=-145148935
11:49:47.124 [setup@1] INFO  c.b.v2.module.WebdriverModule - onBeforeTest: event=com.browserstack.v2.eventBus.Event@6f4183b2
11:49:47.127 [setup@1] INFO  c.b.v2.module.TestHubModule - sendTestFrameworkEvent: event=com.browserstack.v2.eventBus.Event@6f4183b2, response=success: true

11:49:47.128 [setup@1] INFO  c.b.v2.module.ObservabilityModule - onBeforeTest: event={instance=com.browserstack.v2.instance.TestFrameworkInstance@230aa531, testFrameworkState=TestFrameworkState.TEST, testInstance=com.browserstack.v2.instance.TestFrameworkInstance@230aa531, hookState=HookState.PRE}
11:49:47.128 [setup@1] INFO  c.b.v2.module.ObservabilityModule - performO11ySync: Performing O11y Sync
11:49:47.200 [TC_SF_001_validate_existing_product@1] INFO  c.b.v2.module.WebdriverModule - beforeCommandExecute: event=com.browserstack.v2.eventBus.Event@7d2ea0f8
11:49:47.237 [TC_SF_001_validate_existing_product@1] INFO  c.b.v2.module.WebdriverModule - afterCommandExecute: event=com.browserstack.v2.eventBus.Event@65dc7819
11:49:47.238 [TC_SF_001_validate_existing_product@1] INFO  c.b.v2.module.WebdriverModule - beforeCommandExecute: event=com.browserstack.v2.eventBus.Event@50506d82
11:49:47.685 [TC_SF_001_validate_existing_product@1] INFO  c.b.v2.module.WebdriverModule - afterCommandExecute: event=com.browserstack.v2.eventBus.Event@1e7e1b97
11:49:47.685 [TC_SF_001_validate_existing_product@1] INFO  c.b.v2.module.WebdriverModule - beforeCommandExecute: event=com.browserstack.v2.eventBus.Event@6eb446e2
11:49:47.733 [TC_SF_001_validate_existing_product@1] INFO  c.b.v2.module.WebdriverModule - afterCommandExecute: event=com.browserstack.v2.eventBus.Event@6f35267a
11:49:47.733 [TC_SF_001_validate_existing_product@1] INFO  c.b.v2.module.WebdriverModule - beforeCommandExecute: event=com.browserstack.v2.eventBus.Event@48be8f1b
11:49:48.559 [TC_SF_001_validate_existing_product@1] INFO  c.b.v2.module.WebdriverModule - afterCommandExecute: event=com.browserstack.v2.eventBus.Event@3fb6989b
11:49:48.559 [TC_SF_001_validate_existing_product@1] INFO  c.b.v2.module.WebdriverModule - beforeCommandExecute: event=com.browserstack.v2.eventBus.Event@30fd38f9
11:49:48.600 [TC_SF_001_validate_existing_product@1] INFO  c.b.v2.module.WebdriverModule - afterCommandExecute: event=com.browserstack.v2.eventBus.Event@1dab560c
11:49:48.600 [TC_SF_001_validate_existing_product@1] INFO  c.b.v2.module.WebdriverModule - beforeCommandExecute: event=com.browserstack.v2.eventBus.Event@1804b01f
11:49:49.593 [TC_SF_001_validate_existing_product@1] INFO  c.b.v2.module.WebdriverModule - afterCommandExecute: event=com.browserstack.v2.eventBus.Event@7621bf86
11:49:49.593 [TC_SF_001_validate_existing_product@1] INFO  c.b.v2.module.WebdriverModule - beforeCommandExecute: event=com.browserstack.v2.eventBus.Event@3006d25c
11:49:49.634 [TC_SF_001_validate_existing_product@1] INFO  c.b.v2.module.WebdriverModule - afterCommandExecute: event=com.browserstack.v2.eventBus.Event@563802f9
11:49:49.635 [TC_SF_001_validate_existing_product@1] INFO  c.b.v2.module.WebdriverModule - beforeCommandExecute: event=com.browserstack.v2.eventBus.Event@7ff2ad73
11:49:49.704 [TC_SF_001_validate_existing_product@1] INFO  c.b.v2.module.WebdriverModule - afterCommandExecute: event=com.browserstack.v2.eventBus.Event@5da8c622
11:49:49.704 [TC_SF_001_validate_existing_product@1] INFO  c.b.v2.framework.TestNgFramework - trackEvent: found instance, testFrameworkState=TestFrameworkState.LOG_REPORT hookState=HookState.PRE instance=-145148935
11:49:49.704 [TC_SF_001_validate_existing_product@1] INFO  c.b.v2.framework.TestNgFramework - trackEvent: found instance, testFrameworkState=TestFrameworkState.LOG_REPORT hookState=HookState.POST instance=-145148935
11:49:49.704 [TC_SF_001_validate_existing_product@1] INFO  c.b.v2.framework.TestNgFramework - trackEvent: load test results
11:49:49.704 [TC_SF_001_validate_existing_product@1] INFO  c.b.v2.framework.TestNgFramework - trackEvent: found instance, testFrameworkState=TestFrameworkState.TEST hookState=HookState.POST instance=-145148935
11:49:49.704 [TC_SF_001_validate_existing_product@1] INFO  c.b.v2.module.WebdriverModule - onAfterTest: event=com.browserstack.v2.eventBus.Event@30fe255e
11:49:50.634 [TC_SF_001_validate_existing_product@1] ERROR c.b.utils.SeleniumMethodUtils - Done for sessionid 2f8afb70f6e28369c01375beaa0ad0cadab7808b
11:49:51.053 [TC_SF_001_validate_existing_product@1] INFO  c.b.v2.module.TestHubModule - onAfterTest: event={com.browserstack.v2.eventBus.Event@30fe255e}
11:49:51.057 [TC_SF_001_validate_existing_product@1] INFO  c.b.v2.module.TestHubModule - sendTestSessionEvent: event=com.browserstack.v2.eventBus.Event@30fe255e, response=success: true

11:49:51.061 [TC_SF_001_validate_existing_product@1] INFO  c.b.v2.module.TestHubModule - sendTestFrameworkEvent: event=com.browserstack.v2.eventBus.Event@30fe255e, response=success: true

11:49:51.063 [TC_SF_001_validate_existing_product@1] INFO  c.b.v2.framework.TestNgFramework - trackEvent: found instance, testFrameworkState=TestFrameworkState.AFTER_METHOD hookState=HookState.PRE instance=-145148935
11:49:51.063 [TC_SF_001_validate_existing_product@1] INFO  c.b.v2.framework.TestNgFramework - trackEvent: track hook events
11:49:51.276 [TC_SF_001_validate_existing_product@1] INFO  c.b.v2.framework.TestNgFramework - args CHECK = [TestResult name=clearCookies status=STARTED method=TS_005_Search_Functionality.clearCookies()[pri:0, instance:testCases.TS_005_Search_Functionality@640ab13c] output={null}]
11:49:51.277 [TC_SF_001_validate_existing_product@1] INFO  c.b.v2.framework.TestNgFramework - Hook Started in PRE key = AFTER_METHOD & hook = {hook_name=clearCookies, hook_result=pending, test_file_path=opencart\src\test\java\testCases\TS_005_Search_Functionality.java, event_started_at=2025-06-03T11:49:51.277343300, hook_id=84228755-168b-4070-9b3d-28c765a13718, hook_logs=[], key=AFTER_METHOD, custom_metadata={}, test_location=opencart\src\test\java\testCases\TS_005_Search_Functionality.java}  and args = [[TestResult name=clearCookies status=STARTED method=TS_005_Search_Functionality.clearCookies()[pri:0, instance:testCases.TS_005_Search_Functionality@640ab13c] output={null}], TS_005_Search_Functionality.clearCookies()[pri:0, instance:testCases.TS_005_Search_Functionality@640ab13c]]
11:49:51.277 [TC_SF_001_validate_existing_product@1] INFO  c.b.v2.framework.TestNgFramework - trackHookEvents: hook state=AFTER_METHOD.HookState.PRE , hooks started={BEFORE_CLASS=[], AFTER_METHOD=[{hook_name=clearCookies, hook_result=pending, test_file_path=opencart\src\test\java\testCases\TS_005_Search_Functionality.java, event_started_at=2025-06-03T11:49:51.277343300, hook_id=84228755-168b-4070-9b3d-28c765a13718, hook_logs=[], key=AFTER_METHOD, custom_metadata={}, test_location=opencart\src\test\java\testCases\TS_005_Search_Functionality.java}]} , hooks finished={BEFORE_CLASS=[{hook_name=setup, hook_result=passed, test_file_path=opencart\src\test\java\testCases\TS_005_Search_Functionality.java, event_started_at=2025-06-03T11:49:22.876543200, hook_id=998046f0-a531-47f8-8a31-1e73fbc2b073, hook_logs=[], logs=[], key=BEFORE_CLASS, custom_metadata={}, event_ended_at=2025-06-03T11:49:46.911045100, test_location=opencart\src\test\java\testCases\TS_005_Search_Functionality.java}], AFTER_METHOD=[]}
11:49:51.281 [TC_SF_001_validate_existing_product@1] INFO  c.b.v2.module.TestHubModule - sendTestFrameworkEvent: event=com.browserstack.v2.eventBus.Event@162de0d0, response=success: true

11:49:51.283 [clearCookies@1] INFO  c.b.v2.module.WebdriverModule - beforeCommandExecute: event=com.browserstack.v2.eventBus.Event@1de75ee0
11:49:51.283 [clearCookies@1] INFO  c.b.v2.module.WebdriverModule - beforeCommandExecute: event=com.browserstack.v2.eventBus.Event@2c8b07ad
11:49:51.357 [clearCookies@1] INFO  c.b.v2.module.WebdriverModule - afterCommandExecute: event=com.browserstack.v2.eventBus.Event@5559498c
11:49:51.357 [clearCookies@1] INFO  c.b.v2.module.WebdriverModule - afterCommandExecute: event=com.browserstack.v2.eventBus.Event@4d0c5e2f
11:49:51.357 [clearCookies@1] INFO  c.b.v2.framework.TestNgFramework - trackEvent: found instance, testFrameworkState=TestFrameworkState.AFTER_METHOD hookState=HookState.POST instance=-145148935
11:49:51.357 [clearCookies@1] INFO  c.b.v2.framework.TestNgFramework - trackEvent: track hook events
11:49:51.564 [clearCookies@1] INFO  c.b.v2.framework.TestNgFramework - args CHECK = [TestResult name=clearCookies status=SUCCESS method=TS_005_Search_Functionality.clearCookies()[pri:0, instance:testCases.TS_005_Search_Functionality@640ab13c] output={null}]
11:49:51.564 [clearCookies@1] INFO  c.b.v2.framework.TestNgFramework - Hook List in Post [{hook_name=clearCookies, hook_result=pending, test_file_path=opencart\src\test\java\testCases\TS_005_Search_Functionality.java, event_started_at=2025-06-03T11:49:51.277343300, hook_id=84228755-168b-4070-9b3d-28c765a13718, hook_logs=[], key=AFTER_METHOD, custom_metadata={}, test_location=opencart\src\test\java\testCases\TS_005_Search_Functionality.java}] and args = [[TestResult name=clearCookies status=SUCCESS method=TS_005_Search_Functionality.clearCookies()[pri:0, instance:testCases.TS_005_Search_Functionality@640ab13c] output={null}], TS_005_Search_Functionality.clearCookies()[pri:0, instance:testCases.TS_005_Search_Functionality@640ab13c]]
11:49:51.564 [clearCookies@1] INFO  c.b.v2.framework.TestNgFramework - Processing HookLevel attachments from directory: C:\Users\devbase\.browserstack\UploadedAttachments-66\HookLevel
11:49:51.564 [clearCookies@1] INFO  c.b.v2.framework.TestNgFramework - Checking hookLevelFiles: []
11:49:51.564 [clearCookies@1] INFO  c.b.v2.framework.TestNgFramework - checking Paths of files = C:\Users\devbase\.browserstack\UploadedAttachments-66\HookLevel\BuildLevelHookEvent and abs path = C:\Users\devbase\.browserstack\UploadedAttachments-66\HookLevel\BuildLevelHookEvent 
11:49:51.565 [clearCookies@1] INFO  c.b.v2.framework.TestNgFramework - Processing BuildLevelHookEvent attachments from directory: C:\Users\devbase\.browserstack\UploadedAttachments-66\HookLevel\BuildLevelHookEvent
11:49:51.565 [clearCookies@1] INFO  c.b.v2.framework.TestNgFramework - Processing TestLevel attachments eventLogs: []
11:49:51.565 [clearCookies@1] INFO  c.b.v2.framework.TestNgFramework - sendLogCreatedEvent: No Log Events to send
11:49:51.565 [clearCookies@1] INFO  c.b.v2.framework.TestNgFramework - trackHookEvents: hook state=AFTER_METHOD.HookState.POST , hooks started={BEFORE_CLASS=[], AFTER_METHOD=[]} , hooks finished={BEFORE_CLASS=[{hook_name=setup, hook_result=passed, test_file_path=opencart\src\test\java\testCases\TS_005_Search_Functionality.java, event_started_at=2025-06-03T11:49:22.876543200, hook_id=998046f0-a531-47f8-8a31-1e73fbc2b073, hook_logs=[], logs=[], key=BEFORE_CLASS, custom_metadata={}, event_ended_at=2025-06-03T11:49:46.911045100, test_location=opencart\src\test\java\testCases\TS_005_Search_Functionality.java}], AFTER_METHOD=[{hook_name=clearCookies, hook_result=passed, test_file_path=opencart\src\test\java\testCases\TS_005_Search_Functionality.java, event_started_at=2025-06-03T11:49:51.277343300, hook_id=84228755-168b-4070-9b3d-28c765a13718, hook_logs=[], logs=[], key=AFTER_METHOD, custom_metadata={}, event_ended_at=2025-06-03T11:49:51.564644800, test_location=opencart\src\test\java\testCases\TS_005_Search_Functionality.java}]}
11:49:51.570 [clearCookies@1] INFO  c.b.v2.module.TestHubModule - sendTestFrameworkEvent: event=com.browserstack.v2.eventBus.Event@2ea139e8, response=success: true

11:49:51.577 [clearCookies@1] INFO  c.b.v2.framework.TestNgFramework - trackTestNgTest: saved instance contextId=-145148935 target=C:/Users/RPA Base/Projects/opencart/src/test/java/testCases-1@1 instances=[-145148935, -145147973, -145149897]
11:49:51.577 [clearCookies@1] INFO  c.b.v2.framework.TestNgFramework - trackEvent: found instance, testFrameworkState=TestFrameworkState.TEST hookState=HookState.PRE instance=-145148935
11:49:51.840 [clearCookies@1] INFO  c.b.v2.framework.TestNgFramework - trackEvent: loaded initial test data to instance, testFrameworkState=TestFrameworkState.TEST hookState=HookState.PRE instance=-145148935
11:49:51.840 [clearCookies@1] INFO  c.b.v2.module.WebdriverModule - onBeforeTest: event=com.browserstack.v2.eventBus.Event@52dec398
11:49:51.844 [clearCookies@1] INFO  c.b.v2.module.TestHubModule - sendTestFrameworkEvent: event=com.browserstack.v2.eventBus.Event@52dec398, response=success: true

11:49:51.845 [clearCookies@1] INFO  c.b.v2.module.ObservabilityModule - onBeforeTest: event={instance=com.browserstack.v2.instance.TestFrameworkInstance@22d05d98, testFrameworkState=TestFrameworkState.TEST, testInstance=com.browserstack.v2.instance.TestFrameworkInstance@22d05d98, hookState=HookState.PRE}
11:49:51.845 [clearCookies@1] INFO  c.b.v2.module.ObservabilityModule - performO11ySync: Performing O11y Sync
11:49:51.859 [TC_SF_002_validate_nonexisting_product@1] INFO  c.b.v2.module.WebdriverModule - beforeCommandExecute: event=com.browserstack.v2.eventBus.Event@5a606c2d
11:49:51.886 [TC_SF_002_validate_nonexisting_product@1] INFO  c.b.v2.module.WebdriverModule - afterCommandExecute: event=com.browserstack.v2.eventBus.Event@433f261c
11:49:51.887 [TC_SF_002_validate_nonexisting_product@1] INFO  c.b.v2.module.WebdriverModule - beforeCommandExecute: event=com.browserstack.v2.eventBus.Event@6885c943
11:49:52.319 [TC_SF_002_validate_nonexisting_product@1] INFO  c.b.v2.module.WebdriverModule - afterCommandExecute: event=com.browserstack.v2.eventBus.Event@7f8c26d3
11:49:52.319 [TC_SF_002_validate_nonexisting_product@1] INFO  c.b.v2.module.WebdriverModule - beforeCommandExecute: event=com.browserstack.v2.eventBus.Event@5f502042
11:49:52.360 [TC_SF_002_validate_nonexisting_product@1] INFO  c.b.v2.module.WebdriverModule - afterCommandExecute: event=com.browserstack.v2.eventBus.Event@52fe74c2
11:49:52.360 [TC_SF_002_validate_nonexisting_product@1] INFO  c.b.v2.module.WebdriverModule - beforeCommandExecute: event=com.browserstack.v2.eventBus.Event@3c3c7e88
11:49:52.694 [TC_SF_002_validate_nonexisting_product@1] INFO  c.b.v2.module.WebdriverModule - afterCommandExecute: event=com.browserstack.v2.eventBus.Event@6db12c56
11:49:52.694 [TC_SF_002_validate_nonexisting_product@1] INFO  c.b.v2.module.WebdriverModule - beforeCommandExecute: event=com.browserstack.v2.eventBus.Event@33c44eac
11:49:52.746 [TC_SF_002_validate_nonexisting_product@1] INFO  c.b.v2.module.WebdriverModule - afterCommandExecute: event=com.browserstack.v2.eventBus.Event@696dc993
11:49:52.746 [TC_SF_002_validate_nonexisting_product@1] INFO  c.b.v2.module.WebdriverModule - beforeCommandExecute: event=com.browserstack.v2.eventBus.Event@2c8dc9e
11:49:53.527 [TC_SF_002_validate_nonexisting_product@1] INFO  c.b.v2.module.WebdriverModule - afterCommandExecute: event=com.browserstack.v2.eventBus.Event@33562470
11:49:53.527 [TC_SF_002_validate_nonexisting_product@1] INFO  c.b.v2.module.WebdriverModule - beforeCommandExecute: event=com.browserstack.v2.eventBus.Event@29d21bf7
11:49:53.579 [TC_SF_002_validate_nonexisting_product@1] INFO  c.b.v2.module.WebdriverModule - afterCommandExecute: event=com.browserstack.v2.eventBus.Event@7446a50d
11:49:53.579 [TC_SF_002_validate_nonexisting_product@1] INFO  c.b.v2.module.WebdriverModule - beforeCommandExecute: event=com.browserstack.v2.eventBus.Event@591a4b79
11:49:53.614 [TC_SF_002_validate_nonexisting_product@1] INFO  c.b.v2.module.WebdriverModule - afterCommandExecute: event=com.browserstack.v2.eventBus.Event@70f190b9
11:49:53.614 [TC_SF_002_validate_nonexisting_product@1] INFO  c.b.v2.framework.TestNgFramework - trackEvent: found instance, testFrameworkState=TestFrameworkState.LOG_REPORT hookState=HookState.PRE instance=-145148935
11:49:53.614 [TC_SF_002_validate_nonexisting_product@1] INFO  c.b.v2.framework.TestNgFramework - trackEvent: found instance, testFrameworkState=TestFrameworkState.LOG_REPORT hookState=HookState.POST instance=-145148935
11:49:53.614 [TC_SF_002_validate_nonexisting_product@1] INFO  c.b.v2.framework.TestNgFramework - trackEvent: load test results
11:49:53.614 [TC_SF_002_validate_nonexisting_product@1] INFO  c.b.v2.framework.TestNgFramework - trackEvent: found instance, testFrameworkState=TestFrameworkState.TEST hookState=HookState.POST instance=-145148935
11:49:53.614 [TC_SF_002_validate_nonexisting_product@1] INFO  c.b.v2.module.WebdriverModule - onAfterTest: event=com.browserstack.v2.eventBus.Event@5621d735
11:49:53.983 [TC_SF_002_validate_nonexisting_product@1] ERROR c.b.utils.SeleniumMethodUtils - Done for sessionid 2f8afb70f6e28369c01375beaa0ad0cadab7808b
11:49:54.349 [TC_SF_002_validate_nonexisting_product@1] INFO  c.b.v2.module.TestHubModule - onAfterTest: event={com.browserstack.v2.eventBus.Event@5621d735}
11:49:54.355 [TC_SF_002_validate_nonexisting_product@1] INFO  c.b.v2.module.TestHubModule - sendTestSessionEvent: event=com.browserstack.v2.eventBus.Event@5621d735, response=success: true

11:49:54.359 [TC_SF_002_validate_nonexisting_product@1] INFO  c.b.v2.module.TestHubModule - sendTestFrameworkEvent: event=com.browserstack.v2.eventBus.Event@5621d735, response=success: true

11:49:54.361 [TC_SF_002_validate_nonexisting_product@1] INFO  c.b.v2.framework.TestNgFramework - trackEvent: found instance, testFrameworkState=TestFrameworkState.AFTER_METHOD hookState=HookState.PRE instance=-145148935
11:49:54.361 [TC_SF_002_validate_nonexisting_product@1] INFO  c.b.v2.framework.TestNgFramework - trackEvent: track hook events
11:49:54.561 [TC_SF_002_validate_nonexisting_product@1] INFO  c.b.v2.framework.TestNgFramework - args CHECK = [TestResult name=clearCookies status=STARTED method=TS_005_Search_Functionality.clearCookies()[pri:0, instance:testCases.TS_005_Search_Functionality@640ab13c] output={null}]
11:49:54.561 [TC_SF_002_validate_nonexisting_product@1] INFO  c.b.v2.framework.TestNgFramework - Hook Started in PRE key = AFTER_METHOD & hook = {hook_name=clearCookies, hook_result=pending, test_file_path=opencart\src\test\java\testCases\TS_005_Search_Functionality.java, event_started_at=2025-06-03T11:49:54.561598600, hook_id=d60f0440-7186-487a-95fd-641e386a4572, hook_logs=[], key=AFTER_METHOD, custom_metadata={}, test_location=opencart\src\test\java\testCases\TS_005_Search_Functionality.java}  and args = [[TestResult name=clearCookies status=STARTED method=TS_005_Search_Functionality.clearCookies()[pri:0, instance:testCases.TS_005_Search_Functionality@640ab13c] output={null}], TS_005_Search_Functionality.clearCookies()[pri:0, instance:testCases.TS_005_Search_Functionality@640ab13c]]
11:49:54.561 [TC_SF_002_validate_nonexisting_product@1] INFO  c.b.v2.framework.TestNgFramework - trackHookEvents: hook state=AFTER_METHOD.HookState.PRE , hooks started={AFTER_METHOD=[{hook_name=clearCookies, hook_result=pending, test_file_path=opencart\src\test\java\testCases\TS_005_Search_Functionality.java, event_started_at=2025-06-03T11:49:54.561598600, hook_id=d60f0440-7186-487a-95fd-641e386a4572, hook_logs=[], key=AFTER_METHOD, custom_metadata={}, test_location=opencart\src\test\java\testCases\TS_005_Search_Functionality.java}]} , hooks finished={AFTER_METHOD=[]}
11:49:54.564 [TC_SF_002_validate_nonexisting_product@1] INFO  c.b.v2.module.TestHubModule - sendTestFrameworkEvent: event=com.browserstack.v2.eventBus.Event@658c2891, response=success: true

11:49:54.567 [clearCookies@1] INFO  c.b.v2.module.WebdriverModule - beforeCommandExecute: event=com.browserstack.v2.eventBus.Event@265e6a1b
11:49:54.567 [clearCookies@1] INFO  c.b.v2.module.WebdriverModule - beforeCommandExecute: event=com.browserstack.v2.eventBus.Event@391beae2
11:49:54.628 [clearCookies@1] INFO  c.b.v2.module.WebdriverModule - afterCommandExecute: event=com.browserstack.v2.eventBus.Event@3dd795f0
11:49:54.628 [clearCookies@1] INFO  c.b.v2.module.WebdriverModule - afterCommandExecute: event=com.browserstack.v2.eventBus.Event@96ff9a9
11:49:54.628 [clearCookies@1] INFO  c.b.v2.framework.TestNgFramework - trackEvent: found instance, testFrameworkState=TestFrameworkState.AFTER_METHOD hookState=HookState.POST instance=-145148935
11:49:54.628 [clearCookies@1] INFO  c.b.v2.framework.TestNgFramework - trackEvent: track hook events
11:49:54.828 [clearCookies@1] INFO  c.b.v2.framework.TestNgFramework - args CHECK = [TestResult name=clearCookies status=SUCCESS method=TS_005_Search_Functionality.clearCookies()[pri:0, instance:testCases.TS_005_Search_Functionality@640ab13c] output={null}]
11:49:54.828 [clearCookies@1] INFO  c.b.v2.framework.TestNgFramework - Hook List in Post [{hook_name=clearCookies, hook_result=pending, test_file_path=opencart\src\test\java\testCases\TS_005_Search_Functionality.java, event_started_at=2025-06-03T11:49:54.561598600, hook_id=d60f0440-7186-487a-95fd-641e386a4572, hook_logs=[], key=AFTER_METHOD, custom_metadata={}, test_location=opencart\src\test\java\testCases\TS_005_Search_Functionality.java}] and args = [[TestResult name=clearCookies status=SUCCESS method=TS_005_Search_Functionality.clearCookies()[pri:0, instance:testCases.TS_005_Search_Functionality@640ab13c] output={null}], TS_005_Search_Functionality.clearCookies()[pri:0, instance:testCases.TS_005_Search_Functionality@640ab13c]]
11:49:54.828 [clearCookies@1] INFO  c.b.v2.framework.TestNgFramework - Processing HookLevel attachments from directory: C:\Users\devbase\.browserstack\UploadedAttachments-66\HookLevel
11:49:54.828 [clearCookies@1] INFO  c.b.v2.framework.TestNgFramework - Checking hookLevelFiles: []
11:49:54.829 [clearCookies@1] INFO  c.b.v2.framework.TestNgFramework - checking Paths of files = C:\Users\devbase\.browserstack\UploadedAttachments-66\HookLevel\BuildLevelHookEvent and abs path = C:\Users\devbase\.browserstack\UploadedAttachments-66\HookLevel\BuildLevelHookEvent 
11:49:54.829 [clearCookies@1] INFO  c.b.v2.framework.TestNgFramework - Processing BuildLevelHookEvent attachments from directory: C:\Users\devbase\.browserstack\UploadedAttachments-66\HookLevel\BuildLevelHookEvent
11:49:54.829 [clearCookies@1] INFO  c.b.v2.framework.TestNgFramework - Processing TestLevel attachments eventLogs: []
11:49:54.829 [clearCookies@1] INFO  c.b.v2.framework.TestNgFramework - sendLogCreatedEvent: No Log Events to send
11:49:54.829 [clearCookies@1] INFO  c.b.v2.framework.TestNgFramework - trackHookEvents: hook state=AFTER_METHOD.HookState.POST , hooks started={AFTER_METHOD=[]} , hooks finished={AFTER_METHOD=[{hook_name=clearCookies, hook_result=passed, test_file_path=opencart\src\test\java\testCases\TS_005_Search_Functionality.java, event_started_at=2025-06-03T11:49:54.561598600, hook_id=d60f0440-7186-487a-95fd-641e386a4572, hook_logs=[], logs=[], key=AFTER_METHOD, custom_metadata={}, event_ended_at=2025-06-03T11:49:54.828540900, test_location=opencart\src\test\java\testCases\TS_005_Search_Functionality.java}]}
11:49:54.831 [clearCookies@1] INFO  c.b.v2.module.TestHubModule - sendTestFrameworkEvent: event=com.browserstack.v2.eventBus.Event@4d339771, response=success: true

11:49:54.835 [clearCookies@1] INFO  c.b.v2.framework.TestNgFramework - trackTestNgTest: saved instance contextId=-145148935 target=C:/Users/RPA Base/Projects/opencart/src/test/java/testCases-1@1 instances=[-145148935, -145147973, -145149897]
11:49:54.835 [clearCookies@1] INFO  c.b.v2.framework.TestNgFramework - trackEvent: found instance, testFrameworkState=TestFrameworkState.TEST hookState=HookState.PRE instance=-145148935
11:49:55.030 [clearCookies@1] INFO  c.b.v2.framework.TestNgFramework - trackEvent: loaded initial test data to instance, testFrameworkState=TestFrameworkState.TEST hookState=HookState.PRE instance=-145148935
11:49:55.030 [clearCookies@1] INFO  c.b.v2.module.WebdriverModule - onBeforeTest: event=com.browserstack.v2.eventBus.Event@79be5819
11:49:55.032 [clearCookies@1] INFO  c.b.v2.module.TestHubModule - sendTestFrameworkEvent: event=com.browserstack.v2.eventBus.Event@79be5819, response=success: true

11:49:55.033 [clearCookies@1] INFO  c.b.v2.module.ObservabilityModule - onBeforeTest: event={instance=com.browserstack.v2.instance.TestFrameworkInstance@1f117142, testFrameworkState=TestFrameworkState.TEST, testInstance=com.browserstack.v2.instance.TestFrameworkInstance@1f117142, hookState=HookState.PRE}
11:49:55.033 [clearCookies@1] INFO  c.b.v2.module.ObservabilityModule - performO11ySync: Performing O11y Sync
11:49:55.045 [TC_SF_003_validate_blank_search@1] INFO  c.b.v2.module.WebdriverModule - beforeCommandExecute: event=com.browserstack.v2.eventBus.Event@35965be
11:49:55.070 [TC_SF_003_validate_blank_search@1] INFO  c.b.v2.module.WebdriverModule - afterCommandExecute: event=com.browserstack.v2.eventBus.Event@6f037e1c
11:49:55.070 [TC_SF_003_validate_blank_search@1] INFO  c.b.v2.module.WebdriverModule - beforeCommandExecute: event=com.browserstack.v2.eventBus.Event@e5d8414
11:49:55.463 [TC_SF_003_validate_blank_search@1] INFO  c.b.v2.module.WebdriverModule - afterCommandExecute: event=com.browserstack.v2.eventBus.Event@698d1921
11:49:55.463 [TC_SF_003_validate_blank_search@1] INFO  c.b.v2.module.WebdriverModule - beforeCommandExecute: event=com.browserstack.v2.eventBus.Event@205174df
11:49:55.502 [TC_SF_003_validate_blank_search@1] INFO  c.b.v2.module.WebdriverModule - afterCommandExecute: event=com.browserstack.v2.eventBus.Event@738b4113
11:49:55.502 [TC_SF_003_validate_blank_search@1] INFO  c.b.v2.module.WebdriverModule - beforeCommandExecute: event=com.browserstack.v2.eventBus.Event@1a4889a7
11:49:56.095 [TC_SF_003_validate_blank_search@1] INFO  c.b.v2.module.WebdriverModule - afterCommandExecute: event=com.browserstack.v2.eventBus.Event@7ae38f18
11:49:56.096 [TC_SF_003_validate_blank_search@1] INFO  c.b.v2.module.WebdriverModule - beforeCommandExecute: event=com.browserstack.v2.eventBus.Event@486cdd84
11:49:56.123 [TC_SF_003_validate_blank_search@1] INFO  c.b.v2.module.WebdriverModule - afterCommandExecute: event=com.browserstack.v2.eventBus.Event@58b1bec0
11:49:56.123 [TC_SF_003_validate_blank_search@1] INFO  c.b.v2.module.WebdriverModule - beforeCommandExecute: event=com.browserstack.v2.eventBus.Event@29d86bed
11:49:56.161 [TC_SF_003_validate_blank_search@1] INFO  c.b.v2.module.WebdriverModule - afterCommandExecute: event=com.browserstack.v2.eventBus.Event@27855056
11:49:56.161 [TC_SF_003_validate_blank_search@1] INFO  c.b.v2.framework.TestNgFramework - trackEvent: found instance, testFrameworkState=TestFrameworkState.LOG_REPORT hookState=HookState.PRE instance=-145148935
11:49:56.161 [TC_SF_003_validate_blank_search@1] INFO  c.b.v2.framework.TestNgFramework - trackEvent: found instance, testFrameworkState=TestFrameworkState.LOG_REPORT hookState=HookState.POST instance=-145148935
11:49:56.161 [TC_SF_003_validate_blank_search@1] INFO  c.b.v2.framework.TestNgFramework - trackEvent: load test results
11:49:56.161 [TC_SF_003_validate_blank_search@1] INFO  c.b.v2.framework.TestNgFramework - trackEvent: found instance, testFrameworkState=TestFrameworkState.TEST hookState=HookState.POST instance=-145148935
11:49:56.161 [TC_SF_003_validate_blank_search@1] INFO  c.b.v2.module.WebdriverModule - onAfterTest: event=com.browserstack.v2.eventBus.Event@499a48db
11:49:56.507 [TC_SF_003_validate_blank_search@1] ERROR c.b.utils.SeleniumMethodUtils - Done for sessionid 2f8afb70f6e28369c01375beaa0ad0cadab7808b
11:49:56.871 [TC_SF_003_validate_blank_search@1] INFO  c.b.v2.module.TestHubModule - onAfterTest: event={com.browserstack.v2.eventBus.Event@499a48db}
11:49:56.874 [TC_SF_003_validate_blank_search@1] INFO  c.b.v2.module.TestHubModule - sendTestSessionEvent: event=com.browserstack.v2.eventBus.Event@499a48db, response=success: true

11:49:56.878 [TC_SF_003_validate_blank_search@1] INFO  c.b.v2.module.TestHubModule - sendTestFrameworkEvent: event=com.browserstack.v2.eventBus.Event@499a48db, response=success: true

11:49:56.881 [TC_SF_003_validate_blank_search@1] INFO  c.b.v2.framework.TestNgFramework - trackEvent: found instance, testFrameworkState=TestFrameworkState.AFTER_METHOD hookState=HookState.PRE instance=-145148935
11:49:56.881 [TC_SF_003_validate_blank_search@1] INFO  c.b.v2.framework.TestNgFramework - trackEvent: track hook events
11:49:57.079 [TC_SF_003_validate_blank_search@1] INFO  c.b.v2.framework.TestNgFramework - args CHECK = [TestResult name=clearCookies status=STARTED method=TS_005_Search_Functionality.clearCookies()[pri:0, instance:testCases.TS_005_Search_Functionality@640ab13c] output={null}]
11:49:57.079 [TC_SF_003_validate_blank_search@1] INFO  c.b.v2.framework.TestNgFramework - Hook Started in PRE key = AFTER_METHOD & hook = {hook_name=clearCookies, hook_result=pending, test_file_path=opencart\src\test\java\testCases\TS_005_Search_Functionality.java, event_started_at=2025-06-03T11:49:57.079193700, hook_id=77b6eacf-9f01-4710-8e33-9edcb952a036, hook_logs=[], key=AFTER_METHOD, custom_metadata={}, test_location=opencart\src\test\java\testCases\TS_005_Search_Functionality.java}  and args = [[TestResult name=clearCookies status=STARTED method=TS_005_Search_Functionality.clearCookies()[pri:0, instance:testCases.TS_005_Search_Functionality@640ab13c] output={null}], TS_005_Search_Functionality.clearCookies()[pri:0, instance:testCases.TS_005_Search_Functionality@640ab13c]]
11:49:57.079 [TC_SF_003_validate_blank_search@1] INFO  c.b.v2.framework.TestNgFramework - trackHookEvents: hook state=AFTER_METHOD.HookState.PRE , hooks started={AFTER_METHOD=[{hook_name=clearCookies, hook_result=pending, test_file_path=opencart\src\test\java\testCases\TS_005_Search_Functionality.java, event_started_at=2025-06-03T11:49:57.079193700, hook_id=77b6eacf-9f01-4710-8e33-9edcb952a036, hook_logs=[], key=AFTER_METHOD, custom_metadata={}, test_location=opencart\src\test\java\testCases\TS_005_Search_Functionality.java}]} , hooks finished={AFTER_METHOD=[]}
11:49:57.081 [TC_SF_003_validate_blank_search@1] INFO  c.b.v2.module.TestHubModule - sendTestFrameworkEvent: event=com.browserstack.v2.eventBus.Event@4836d4e6, response=success: true

11:49:57.082 [clearCookies@1] INFO  c.b.v2.module.WebdriverModule - beforeCommandExecute: event=com.browserstack.v2.eventBus.Event@394a0a26
11:49:57.082 [clearCookies@1] INFO  c.b.v2.module.WebdriverModule - beforeCommandExecute: event=com.browserstack.v2.eventBus.Event@18f7d66c
11:49:57.139 [clearCookies@1] INFO  c.b.v2.module.WebdriverModule - afterCommandExecute: event=com.browserstack.v2.eventBus.Event@6698b070
11:49:57.139 [clearCookies@1] INFO  c.b.v2.module.WebdriverModule - afterCommandExecute: event=com.browserstack.v2.eventBus.Event@67e8f4c3
11:49:57.139 [clearCookies@1] INFO  c.b.v2.framework.TestNgFramework - trackEvent: found instance, testFrameworkState=TestFrameworkState.AFTER_METHOD hookState=HookState.POST instance=-145148935
11:49:57.139 [clearCookies@1] INFO  c.b.v2.framework.TestNgFramework - trackEvent: track hook events
11:49:57.337 [clearCookies@1] INFO  c.b.v2.framework.TestNgFramework - args CHECK = [TestResult name=clearCookies status=SUCCESS method=TS_005_Search_Functionality.clearCookies()[pri:0, instance:testCases.TS_005_Search_Functionality@640ab13c] output={null}]
11:49:57.337 [clearCookies@1] INFO  c.b.v2.framework.TestNgFramework - Hook List in Post [{hook_name=clearCookies, hook_result=pending, test_file_path=opencart\src\test\java\testCases\TS_005_Search_Functionality.java, event_started_at=2025-06-03T11:49:57.079193700, hook_id=77b6eacf-9f01-4710-8e33-9edcb952a036, hook_logs=[], key=AFTER_METHOD, custom_metadata={}, test_location=opencart\src\test\java\testCases\TS_005_Search_Functionality.java}] and args = [[TestResult name=clearCookies status=SUCCESS method=TS_005_Search_Functionality.clearCookies()[pri:0, instance:testCases.TS_005_Search_Functionality@640ab13c] output={null}], TS_005_Search_Functionality.clearCookies()[pri:0, instance:testCases.TS_005_Search_Functionality@640ab13c]]
11:49:57.337 [clearCookies@1] INFO  c.b.v2.framework.TestNgFramework - Processing HookLevel attachments from directory: C:\Users\devbase\.browserstack\UploadedAttachments-66\HookLevel
11:49:57.337 [clearCookies@1] INFO  c.b.v2.framework.TestNgFramework - Checking hookLevelFiles: []
11:49:57.337 [clearCookies@1] INFO  c.b.v2.framework.TestNgFramework - checking Paths of files = C:\Users\devbase\.browserstack\UploadedAttachments-66\HookLevel\BuildLevelHookEvent and abs path = C:\Users\devbase\.browserstack\UploadedAttachments-66\HookLevel\BuildLevelHookEvent 
11:49:57.337 [clearCookies@1] INFO  c.b.v2.framework.TestNgFramework - Processing BuildLevelHookEvent attachments from directory: C:\Users\devbase\.browserstack\UploadedAttachments-66\HookLevel\BuildLevelHookEvent
11:49:57.338 [clearCookies@1] INFO  c.b.v2.framework.TestNgFramework - Processing TestLevel attachments eventLogs: []
11:49:57.338 [clearCookies@1] INFO  c.b.v2.framework.TestNgFramework - sendLogCreatedEvent: No Log Events to send
11:49:57.340 [clearCookies@1] INFO  c.b.v2.framework.TestNgFramework - trackHookEvents: hook state=AFTER_METHOD.HookState.POST , hooks started={AFTER_METHOD=[]} , hooks finished={AFTER_METHOD=[{hook_name=clearCookies, hook_result=passed, test_file_path=opencart\src\test\java\testCases\TS_005_Search_Functionality.java, event_started_at=2025-06-03T11:49:57.079193700, hook_id=77b6eacf-9f01-4710-8e33-9edcb952a036, hook_logs=[], logs=[], key=AFTER_METHOD, custom_metadata={}, event_ended_at=2025-06-03T11:49:57.337276700, test_location=opencart\src\test\java\testCases\TS_005_Search_Functionality.java}]}
11:49:57.345 [clearCookies@1] INFO  c.b.v2.module.TestHubModule - sendTestFrameworkEvent: event=com.browserstack.v2.eventBus.Event@2b2ea723, response=success: true

11:49:57.356 [clearCookies@1] INFO  c.b.v2.framework.TestNgFramework - trackTestNgTest: saved instance contextId=-145148935 target=C:/Users/RPA Base/Projects/opencart/src/test/java/testCases-1@1 instances=[-145148935, -145147973, -145149897]
11:49:57.356 [clearCookies@1] INFO  c.b.v2.framework.TestNgFramework - trackEvent: found instance, testFrameworkState=TestFrameworkState.TEST hookState=HookState.PRE instance=-145148935
11:49:57.561 [clearCookies@1] INFO  c.b.v2.framework.TestNgFramework - trackEvent: loaded initial test data to instance, testFrameworkState=TestFrameworkState.TEST hookState=HookState.PRE instance=-145148935
11:49:57.562 [clearCookies@1] INFO  c.b.v2.module.WebdriverModule - onBeforeTest: event=com.browserstack.v2.eventBus.Event@110da98c
11:49:57.569 [clearCookies@1] INFO  c.b.v2.module.TestHubModule - sendTestFrameworkEvent: event=com.browserstack.v2.eventBus.Event@110da98c, response=success: true

11:49:57.570 [clearCookies@1] INFO  c.b.v2.module.ObservabilityModule - onBeforeTest: event={instance=com.browserstack.v2.instance.TestFrameworkInstance@58ff542b, testFrameworkState=TestFrameworkState.TEST, testInstance=com.browserstack.v2.instance.TestFrameworkInstance@58ff542b, hookState=HookState.PRE}
11:49:57.570 [clearCookies@1] INFO  c.b.v2.module.ObservabilityModule - performO11ySync: Performing O11y Sync
11:49:57.585 [TC_SF_004_validate_existing_product_after_login@1] INFO  c.b.v2.module.WebdriverModule - beforeCommandExecute: event=com.browserstack.v2.eventBus.Event@668c26d7
11:49:57.622 [TC_SF_004_validate_existing_product_after_login@1] INFO  c.b.v2.module.WebdriverModule - afterCommandExecute: event=com.browserstack.v2.eventBus.Event@633a143f
11:49:57.622 [TC_SF_004_validate_existing_product_after_login@1] INFO  c.b.v2.module.WebdriverModule - beforeCommandExecute: event=com.browserstack.v2.eventBus.Event@1379566c
11:49:57.993 [TC_SF_004_validate_existing_product_after_login@1] INFO  c.b.v2.module.WebdriverModule - afterCommandExecute: event=com.browserstack.v2.eventBus.Event@614eb7d0
11:49:57.993 [TC_SF_004_validate_existing_product_after_login@1] INFO  c.b.v2.module.WebdriverModule - beforeCommandExecute: event=com.browserstack.v2.eventBus.Event@4689949a
11:49:58.030 [TC_SF_004_validate_existing_product_after_login@1] INFO  c.b.v2.module.WebdriverModule - afterCommandExecute: event=com.browserstack.v2.eventBus.Event@4dee4811
11:49:58.030 [TC_SF_004_validate_existing_product_after_login@1] INFO  c.b.v2.module.WebdriverModule - beforeCommandExecute: event=com.browserstack.v2.eventBus.Event@22bb9070
11:49:58.678 [TC_SF_004_validate_existing_product_after_login@1] INFO  c.b.v2.module.WebdriverModule - afterCommandExecute: event=com.browserstack.v2.eventBus.Event@1206c86
11:49:58.678 [TC_SF_004_validate_existing_product_after_login@1] INFO  c.b.v2.module.WebdriverModule - beforeCommandExecute: event=com.browserstack.v2.eventBus.Event@56e90dd4
11:49:58.714 [TC_SF_004_validate_existing_product_after_login@1] INFO  c.b.v2.module.WebdriverModule - afterCommandExecute: event=com.browserstack.v2.eventBus.Event@16999192
11:49:58.714 [TC_SF_004_validate_existing_product_after_login@1] INFO  c.b.v2.module.WebdriverModule - beforeCommandExecute: event=com.browserstack.v2.eventBus.Event@144d0e76
11:49:59.113 [TC_SF_004_validate_existing_product_after_login@1] INFO  c.b.v2.module.WebdriverModule - afterCommandExecute: event=com.browserstack.v2.eventBus.Event@5b32e584
11:49:59.113 [TC_SF_004_validate_existing_product_after_login@1] INFO  c.b.v2.module.WebdriverModule - beforeCommandExecute: event=com.browserstack.v2.eventBus.Event@620b6d4d
11:49:59.152 [TC_SF_004_validate_existing_product_after_login@1] INFO  c.b.v2.module.WebdriverModule - afterCommandExecute: event=com.browserstack.v2.eventBus.Event@35560072
11:49:59.152 [TC_SF_004_validate_existing_product_after_login@1] INFO  c.b.v2.module.WebdriverModule - beforeCommandExecute: event=com.browserstack.v2.eventBus.Event@77bfebaa
11:49:59.376 [TC_SF_004_validate_existing_product_after_login@1] INFO  c.b.v2.module.WebdriverModule - afterCommandExecute: event=com.browserstack.v2.eventBus.Event@4b437bbf
11:49:59.376 [TC_SF_004_validate_existing_product_after_login@1] INFO  c.b.v2.module.WebdriverModule - beforeCommandExecute: event=com.browserstack.v2.eventBus.Event@1a2616d9
11:49:59.414 [TC_SF_004_validate_existing_product_after_login@1] INFO  c.b.v2.module.WebdriverModule - afterCommandExecute: event=com.browserstack.v2.eventBus.Event@37802db2
11:49:59.414 [TC_SF_004_validate_existing_product_after_login@1] INFO  c.b.v2.module.WebdriverModule - beforeCommandExecute: event=com.browserstack.v2.eventBus.Event@3eae178
11:50:00.067 [TC_SF_004_validate_existing_product_after_login@1] INFO  c.b.v2.module.WebdriverModule - afterCommandExecute: event=com.browserstack.v2.eventBus.Event@4f0088c3
11:50:00.067 [TC_SF_004_validate_existing_product_after_login@1] INFO  c.b.v2.module.WebdriverModule - beforeCommandExecute: event=com.browserstack.v2.eventBus.Event@12d60fd9
11:50:00.107 [TC_SF_004_validate_existing_product_after_login@1] INFO  c.b.v2.module.WebdriverModule - afterCommandExecute: event=com.browserstack.v2.eventBus.Event@75219b58
11:50:00.107 [TC_SF_004_validate_existing_product_after_login@1] INFO  c.b.v2.module.WebdriverModule - beforeCommandExecute: event=com.browserstack.v2.eventBus.Event@4b301f31
11:50:00.147 [TC_SF_004_validate_existing_product_after_login@1] INFO  c.b.v2.module.WebdriverModule - afterCommandExecute: event=com.browserstack.v2.eventBus.Event@4c11115a
11:50:00.147 [TC_SF_004_validate_existing_product_after_login@1] INFO  c.b.v2.framework.TestNgFramework - trackEvent: found instance, testFrameworkState=TestFrameworkState.LOG_REPORT hookState=HookState.PRE instance=-145148935
11:50:00.147 [TC_SF_004_validate_existing_product_after_login@1] INFO  c.b.v2.framework.TestNgFramework - trackEvent: found instance, testFrameworkState=TestFrameworkState.LOG_REPORT hookState=HookState.POST instance=-145148935
11:50:00.147 [TC_SF_004_validate_existing_product_after_login@1] INFO  c.b.v2.framework.TestNgFramework - trackEvent: load test results
11:50:00.147 [TC_SF_004_validate_existing_product_after_login@1] INFO  c.b.v2.framework.TestNgFramework - trackEvent: found instance, testFrameworkState=TestFrameworkState.TEST hookState=HookState.POST instance=-145148935
11:50:00.147 [TC_SF_004_validate_existing_product_after_login@1] INFO  c.b.v2.module.WebdriverModule - onAfterTest: event=com.browserstack.v2.eventBus.Event@17cfe912
11:50:01.067 [TC_SF_004_validate_existing_product_after_login@1] ERROR c.b.utils.SeleniumMethodUtils - Done for sessionid 2f8afb70f6e28369c01375beaa0ad0cadab7808b
11:50:01.424 [TC_SF_004_validate_existing_product_after_login@1] INFO  c.b.v2.module.TestHubModule - onAfterTest: event={com.browserstack.v2.eventBus.Event@17cfe912}
11:50:01.428 [TC_SF_004_validate_existing_product_after_login@1] INFO  c.b.v2.module.TestHubModule - sendTestSessionEvent: event=com.browserstack.v2.eventBus.Event@17cfe912, response=success: true

11:50:01.432 [TC_SF_004_validate_existing_product_after_login@1] INFO  c.b.v2.module.TestHubModule - sendTestFrameworkEvent: event=com.browserstack.v2.eventBus.Event@17cfe912, response=success: true

11:50:01.436 [TC_SF_004_validate_existing_product_after_login@1] INFO  c.b.v2.framework.TestNgFramework - trackEvent: found instance, testFrameworkState=TestFrameworkState.AFTER_METHOD hookState=HookState.PRE instance=-145148935
11:50:01.436 [TC_SF_004_validate_existing_product_after_login@1] INFO  c.b.v2.framework.TestNgFramework - trackEvent: track hook events
11:50:01.639 [TC_SF_004_validate_existing_product_after_login@1] INFO  c.b.v2.framework.TestNgFramework - args CHECK = [TestResult name=clearCookies status=STARTED method=TS_005_Search_Functionality.clearCookies()[pri:0, instance:testCases.TS_005_Search_Functionality@640ab13c] output={null}]
11:50:01.639 [TC_SF_004_validate_existing_product_after_login@1] INFO  c.b.v2.framework.TestNgFramework - Hook Started in PRE key = AFTER_METHOD & hook = {hook_name=clearCookies, hook_result=pending, test_file_path=opencart\src\test\java\testCases\TS_005_Search_Functionality.java, event_started_at=2025-06-03T11:50:01.639989800, hook_id=1f2aa7ad-d299-4e16-b1b2-92d1db012382, hook_logs=[], key=AFTER_METHOD, custom_metadata={}, test_location=opencart\src\test\java\testCases\TS_005_Search_Functionality.java}  and args = [[TestResult name=clearCookies status=STARTED method=TS_005_Search_Functionality.clearCookies()[pri:0, instance:testCases.TS_005_Search_Functionality@640ab13c] output={null}], TS_005_Search_Functionality.clearCookies()[pri:0, instance:testCases.TS_005_Search_Functionality@640ab13c]]
11:50:01.639 [TC_SF_004_validate_existing_product_after_login@1] INFO  c.b.v2.framework.TestNgFramework - trackHookEvents: hook state=AFTER_METHOD.HookState.PRE , hooks started={AFTER_METHOD=[{hook_name=clearCookies, hook_result=pending, test_file_path=opencart\src\test\java\testCases\TS_005_Search_Functionality.java, event_started_at=2025-06-03T11:50:01.639989800, hook_id=1f2aa7ad-d299-4e16-b1b2-92d1db012382, hook_logs=[], key=AFTER_METHOD, custom_metadata={}, test_location=opencart\src\test\java\testCases\TS_005_Search_Functionality.java}]} , hooks finished={AFTER_METHOD=[]}
11:50:01.643 [TC_SF_004_validate_existing_product_after_login@1] INFO  c.b.v2.module.TestHubModule - sendTestFrameworkEvent: event=com.browserstack.v2.eventBus.Event@6f377526, response=success: true

11:50:01.645 [clearCookies@1] INFO  c.b.v2.module.WebdriverModule - beforeCommandExecute: event=com.browserstack.v2.eventBus.Event@525af145
11:50:01.645 [clearCookies@1] INFO  c.b.v2.module.WebdriverModule - beforeCommandExecute: event=com.browserstack.v2.eventBus.Event@6076454e
11:50:01.709 [clearCookies@1] INFO  c.b.v2.module.WebdriverModule - afterCommandExecute: event=com.browserstack.v2.eventBus.Event@343c9223
11:50:01.709 [clearCookies@1] INFO  c.b.v2.module.WebdriverModule - afterCommandExecute: event=com.browserstack.v2.eventBus.Event@1f7c62d0
11:50:01.709 [clearCookies@1] INFO  c.b.v2.framework.TestNgFramework - trackEvent: found instance, testFrameworkState=TestFrameworkState.AFTER_METHOD hookState=HookState.POST instance=-145148935
11:50:01.709 [clearCookies@1] INFO  c.b.v2.framework.TestNgFramework - trackEvent: track hook events
11:50:01.914 [clearCookies@1] INFO  c.b.v2.framework.TestNgFramework - args CHECK = [TestResult name=clearCookies status=SUCCESS method=TS_005_Search_Functionality.clearCookies()[pri:0, instance:testCases.TS_005_Search_Functionality@640ab13c] output={null}]
11:50:01.915 [clearCookies@1] INFO  c.b.v2.framework.TestNgFramework - Hook List in Post [{hook_name=clearCookies, hook_result=pending, test_file_path=opencart\src\test\java\testCases\TS_005_Search_Functionality.java, event_started_at=2025-06-03T11:50:01.639989800, hook_id=1f2aa7ad-d299-4e16-b1b2-92d1db012382, hook_logs=[], key=AFTER_METHOD, custom_metadata={}, test_location=opencart\src\test\java\testCases\TS_005_Search_Functionality.java}] and args = [[TestResult name=clearCookies status=SUCCESS method=TS_005_Search_Functionality.clearCookies()[pri:0, instance:testCases.TS_005_Search_Functionality@640ab13c] output={null}], TS_005_Search_Functionality.clearCookies()[pri:0, instance:testCases.TS_005_Search_Functionality@640ab13c]]
11:50:01.915 [clearCookies@1] INFO  c.b.v2.framework.TestNgFramework - Processing HookLevel attachments from directory: C:\Users\devbase\.browserstack\UploadedAttachments-66\HookLevel
11:50:01.915 [clearCookies@1] INFO  c.b.v2.framework.TestNgFramework - Checking hookLevelFiles: []
11:50:01.915 [clearCookies@1] INFO  c.b.v2.framework.TestNgFramework - checking Paths of files = C:\Users\devbase\.browserstack\UploadedAttachments-66\HookLevel\BuildLevelHookEvent and abs path = C:\Users\devbase\.browserstack\UploadedAttachments-66\HookLevel\BuildLevelHookEvent 
11:50:01.915 [clearCookies@1] INFO  c.b.v2.framework.TestNgFramework - Processing BuildLevelHookEvent attachments from directory: C:\Users\devbase\.browserstack\UploadedAttachments-66\HookLevel\BuildLevelHookEvent
11:50:01.915 [clearCookies@1] INFO  c.b.v2.framework.TestNgFramework - Processing TestLevel attachments eventLogs: []
11:50:01.915 [clearCookies@1] INFO  c.b.v2.framework.TestNgFramework - sendLogCreatedEvent: No Log Events to send
11:50:01.915 [clearCookies@1] INFO  c.b.v2.framework.TestNgFramework - trackHookEvents: hook state=AFTER_METHOD.HookState.POST , hooks started={AFTER_METHOD=[]} , hooks finished={AFTER_METHOD=[{hook_name=clearCookies, hook_result=passed, test_file_path=opencart\src\test\java\testCases\TS_005_Search_Functionality.java, event_started_at=2025-06-03T11:50:01.639989800, hook_id=1f2aa7ad-d299-4e16-b1b2-92d1db012382, hook_logs=[], logs=[], key=AFTER_METHOD, custom_metadata={}, event_ended_at=2025-06-03T11:50:01.915709600, test_location=opencart\src\test\java\testCases\TS_005_Search_Functionality.java}]}
11:50:01.918 [clearCookies@1] INFO  c.b.v2.module.TestHubModule - sendTestFrameworkEvent: event=com.browserstack.v2.eventBus.Event@64ccb719, response=success: true

11:50:01.923 [clearCookies@1] INFO  c.b.v2.framework.TestNgFramework - trackTestNgTest: saved instance contextId=-145148935 target=C:/Users/RPA Base/Projects/opencart/src/test/java/testCases-1@1 instances=[-145148935, -145147973, -145149897]
11:50:01.923 [clearCookies@1] INFO  c.b.v2.framework.TestNgFramework - trackEvent: found instance, testFrameworkState=TestFrameworkState.TEST hookState=HookState.PRE instance=-145148935
11:50:02.125 [clearCookies@1] INFO  c.b.v2.framework.TestNgFramework - trackEvent: loaded initial test data to instance, testFrameworkState=TestFrameworkState.TEST hookState=HookState.PRE instance=-145148935
11:50:02.125 [clearCookies@1] INFO  c.b.v2.module.WebdriverModule - onBeforeTest: event=com.browserstack.v2.eventBus.Event@c40f720
11:50:02.128 [clearCookies@1] INFO  c.b.v2.module.TestHubModule - sendTestFrameworkEvent: event=com.browserstack.v2.eventBus.Event@c40f720, response=success: true

11:50:02.129 [clearCookies@1] INFO  c.b.v2.module.ObservabilityModule - onBeforeTest: event={instance=com.browserstack.v2.instance.TestFrameworkInstance@68944225, testFrameworkState=TestFrameworkState.TEST, testInstance=com.browserstack.v2.instance.TestFrameworkInstance@68944225, hookState=HookState.PRE}
11:50:02.129 [clearCookies@1] INFO  c.b.v2.module.ObservabilityModule - performO11ySync: Performing O11y Sync
11:50:02.140 [TC_SF_005_validate_search_criteria@1] INFO  c.b.v2.module.WebdriverModule - beforeCommandExecute: event=com.browserstack.v2.eventBus.Event@173220bc
11:50:02.175 [TC_SF_005_validate_search_criteria@1] INFO  c.b.v2.module.WebdriverModule - afterCommandExecute: event=com.browserstack.v2.eventBus.Event@4155a8a
11:50:02.175 [TC_SF_005_validate_search_criteria@1] INFO  c.b.v2.module.WebdriverModule - beforeCommandExecute: event=com.browserstack.v2.eventBus.Event@1b450de7
11:50:02.554 [TC_SF_005_validate_search_criteria@1] INFO  c.b.v2.module.WebdriverModule - afterCommandExecute: event=com.browserstack.v2.eventBus.Event@3ef5543d
11:50:02.554 [TC_SF_005_validate_search_criteria@1] INFO  c.b.v2.module.WebdriverModule - beforeCommandExecute: event=com.browserstack.v2.eventBus.Event@65e9634
11:50:02.586 [TC_SF_005_validate_search_criteria@1] INFO  c.b.v2.module.WebdriverModule - afterCommandExecute: event=com.browserstack.v2.eventBus.Event@1d685ae4
11:50:02.586 [TC_SF_005_validate_search_criteria@1] INFO  c.b.v2.module.WebdriverModule - beforeCommandExecute: event=com.browserstack.v2.eventBus.Event@3a4bea2c
11:50:03.430 [TC_SF_005_validate_search_criteria@1] INFO  c.b.v2.module.WebdriverModule - afterCommandExecute: event=com.browserstack.v2.eventBus.Event@61835f06
11:50:03.430 [TC_SF_005_validate_search_criteria@1] INFO  c.b.v2.module.WebdriverModule - beforeCommandExecute: event=com.browserstack.v2.eventBus.Event@2028f06
11:50:03.460 [TC_SF_005_validate_search_criteria@1] INFO  c.b.v2.module.WebdriverModule - afterCommandExecute: event=com.browserstack.v2.eventBus.Event@3ba4e4aa
11:50:03.460 [TC_SF_005_validate_search_criteria@1] INFO  c.b.v2.module.WebdriverModule - beforeCommandExecute: event=com.browserstack.v2.eventBus.Event@77ec0325
11:50:03.864 [TC_SF_005_validate_search_criteria@1] INFO  c.b.v2.module.WebdriverModule - afterCommandExecute: event=com.browserstack.v2.eventBus.Event@5f855bc9
11:50:03.864 [TC_SF_005_validate_search_criteria@1] INFO  c.b.v2.module.WebdriverModule - beforeCommandExecute: event=com.browserstack.v2.eventBus.Event@62cc2694
11:50:03.925 [TC_SF_005_validate_search_criteria@1] INFO  c.b.v2.module.WebdriverModule - afterCommandExecute: event=com.browserstack.v2.eventBus.Event@70b9f4b0
11:50:03.925 [TC_SF_005_validate_search_criteria@1] INFO  c.b.v2.module.WebdriverModule - beforeCommandExecute: event=com.browserstack.v2.eventBus.Event@5ebec7b6
11:50:04.170 [TC_SF_005_validate_search_criteria@1] INFO  c.b.v2.module.WebdriverModule - afterCommandExecute: event=com.browserstack.v2.eventBus.Event@13b5c02d
11:50:04.170 [TC_SF_005_validate_search_criteria@1] INFO  c.b.v2.module.WebdriverModule - beforeCommandExecute: event=com.browserstack.v2.eventBus.Event@3395a1a4
11:50:04.229 [TC_SF_005_validate_search_criteria@1] INFO  c.b.v2.module.WebdriverModule - afterCommandExecute: event=com.browserstack.v2.eventBus.Event@14df4f62
11:50:04.229 [TC_SF_005_validate_search_criteria@1] INFO  c.b.v2.module.WebdriverModule - beforeCommandExecute: event=com.browserstack.v2.eventBus.Event@4ee6cf08
11:50:05.228 [TC_SF_005_validate_search_criteria@1] INFO  c.b.v2.module.WebdriverModule - afterCommandExecute: event=com.browserstack.v2.eventBus.Event@52937f16
11:50:05.228 [TC_SF_005_validate_search_criteria@1] INFO  c.b.v2.module.WebdriverModule - beforeCommandExecute: event=com.browserstack.v2.eventBus.Event@54eedac8
11:50:05.262 [TC_SF_005_validate_search_criteria@1] INFO  c.b.v2.module.WebdriverModule - afterCommandExecute: event=com.browserstack.v2.eventBus.Event@76d77859
11:50:05.262 [TC_SF_005_validate_search_criteria@1] INFO  c.b.v2.module.WebdriverModule - beforeCommandExecute: event=com.browserstack.v2.eventBus.Event@5967e69
11:50:05.298 [TC_SF_005_validate_search_criteria@1] INFO  c.b.v2.module.WebdriverModule - afterCommandExecute: event=com.browserstack.v2.eventBus.Event@50e671a5
11:50:05.298 [TC_SF_005_validate_search_criteria@1] INFO  c.b.v2.module.WebdriverModule - beforeCommandExecute: event=com.browserstack.v2.eventBus.Event@e9ca3cc
11:50:05.333 [TC_SF_005_validate_search_criteria@1] INFO  c.b.v2.module.WebdriverModule - afterCommandExecute: event=com.browserstack.v2.eventBus.Event@478a5b4b
11:50:05.333 [TC_SF_005_validate_search_criteria@1] INFO  c.b.v2.module.WebdriverModule - beforeCommandExecute: event=com.browserstack.v2.eventBus.Event@a03e66b
11:50:05.370 [TC_SF_005_validate_search_criteria@1] INFO  c.b.v2.module.WebdriverModule - afterCommandExecute: event=com.browserstack.v2.eventBus.Event@11e8cca2
11:50:05.371 [TC_SF_005_validate_search_criteria@1] INFO  c.b.v2.framework.TestNgFramework - trackEvent: found instance, testFrameworkState=TestFrameworkState.LOG_REPORT hookState=HookState.PRE instance=-145148935
11:50:05.371 [TC_SF_005_validate_search_criteria@1] INFO  c.b.v2.framework.TestNgFramework - trackEvent: found instance, testFrameworkState=TestFrameworkState.LOG_REPORT hookState=HookState.POST instance=-145148935
11:50:05.371 [TC_SF_005_validate_search_criteria@1] INFO  c.b.v2.framework.TestNgFramework - trackEvent: load test results
11:50:05.371 [TC_SF_005_validate_search_criteria@1] INFO  c.b.v2.framework.TestNgFramework - trackEvent: found instance, testFrameworkState=TestFrameworkState.TEST hookState=HookState.POST instance=-145148935
11:50:05.371 [TC_SF_005_validate_search_criteria@1] INFO  c.b.v2.module.WebdriverModule - onAfterTest: event=com.browserstack.v2.eventBus.Event@248ab8a0
11:50:06.258 [TC_SF_005_validate_search_criteria@1] ERROR c.b.utils.SeleniumMethodUtils - Done for sessionid 2f8afb70f6e28369c01375beaa0ad0cadab7808b
11:50:06.596 [TC_SF_005_validate_search_criteria@1] INFO  c.b.v2.module.TestHubModule - onAfterTest: event={com.browserstack.v2.eventBus.Event@248ab8a0}
11:50:06.602 [TC_SF_005_validate_search_criteria@1] INFO  c.b.v2.module.TestHubModule - sendTestSessionEvent: event=com.browserstack.v2.eventBus.Event@248ab8a0, response=success: true

11:50:06.608 [TC_SF_005_validate_search_criteria@1] INFO  c.b.v2.module.TestHubModule - sendTestFrameworkEvent: event=com.browserstack.v2.eventBus.Event@248ab8a0, response=success: true

11:50:06.612 [TC_SF_005_validate_search_criteria@1] INFO  c.b.v2.framework.TestNgFramework - trackEvent: found instance, testFrameworkState=TestFrameworkState.AFTER_METHOD hookState=HookState.PRE instance=-145148935
11:50:06.612 [TC_SF_005_validate_search_criteria@1] INFO  c.b.v2.framework.TestNgFramework - trackEvent: track hook events
11:50:06.887 [TC_SF_005_validate_search_criteria@1] INFO  c.b.v2.framework.TestNgFramework - args CHECK = [TestResult name=clearCookies status=STARTED method=TS_005_Search_Functionality.clearCookies()[pri:0, instance:testCases.TS_005_Search_Functionality@640ab13c] output={null}]
11:50:06.887 [TC_SF_005_validate_search_criteria@1] INFO  c.b.v2.framework.TestNgFramework - Hook Started in PRE key = AFTER_METHOD & hook = {hook_name=clearCookies, hook_result=pending, test_file_path=opencart\src\test\java\testCases\TS_005_Search_Functionality.java, event_started_at=2025-06-03T11:50:06.887959900, hook_id=04691925-8941-4475-a0c8-15907a17e1f5, hook_logs=[], key=AFTER_METHOD, custom_metadata={}, test_location=opencart\src\test\java\testCases\TS_005_Search_Functionality.java}  and args = [[TestResult name=clearCookies status=STARTED method=TS_005_Search_Functionality.clearCookies()[pri:0, instance:testCases.TS_005_Search_Functionality@640ab13c] output={null}], TS_005_Search_Functionality.clearCookies()[pri:0, instance:testCases.TS_005_Search_Functionality@640ab13c]]
11:50:06.887 [TC_SF_005_validate_search_criteria@1] INFO  c.b.v2.framework.TestNgFramework - trackHookEvents: hook state=AFTER_METHOD.HookState.PRE , hooks started={AFTER_METHOD=[{hook_name=clearCookies, hook_result=pending, test_file_path=opencart\src\test\java\testCases\TS_005_Search_Functionality.java, event_started_at=2025-06-03T11:50:06.887959900, hook_id=04691925-8941-4475-a0c8-15907a17e1f5, hook_logs=[], key=AFTER_METHOD, custom_metadata={}, test_location=opencart\src\test\java\testCases\TS_005_Search_Functionality.java}]} , hooks finished={AFTER_METHOD=[]}
11:50:06.889 [TC_SF_005_validate_search_criteria@1] INFO  c.b.v2.module.TestHubModule - sendTestFrameworkEvent: event=com.browserstack.v2.eventBus.Event@2b8b0b38, response=success: true

11:50:06.891 [clearCookies@1] INFO  c.b.v2.module.WebdriverModule - beforeCommandExecute: event=com.browserstack.v2.eventBus.Event@3eff0581
11:50:06.891 [clearCookies@1] INFO  c.b.v2.module.WebdriverModule - beforeCommandExecute: event=com.browserstack.v2.eventBus.Event@49d9b5a6
11:50:06.956 [clearCookies@1] INFO  c.b.v2.module.WebdriverModule - afterCommandExecute: event=com.browserstack.v2.eventBus.Event@3a78b56e
11:50:06.956 [clearCookies@1] INFO  c.b.v2.module.WebdriverModule - afterCommandExecute: event=com.browserstack.v2.eventBus.Event@218a6052
11:50:06.956 [clearCookies@1] INFO  c.b.v2.framework.TestNgFramework - trackEvent: found instance, testFrameworkState=TestFrameworkState.AFTER_METHOD hookState=HookState.POST instance=-145148935
11:50:06.956 [clearCookies@1] INFO  c.b.v2.framework.TestNgFramework - trackEvent: track hook events
11:50:07.257 [clearCookies@1] INFO  c.b.v2.framework.TestNgFramework - args CHECK = [TestResult name=clearCookies status=SUCCESS method=TS_005_Search_Functionality.clearCookies()[pri:0, instance:testCases.TS_005_Search_Functionality@640ab13c] output={null}]
11:50:07.257 [clearCookies@1] INFO  c.b.v2.framework.TestNgFramework - Hook List in Post [{hook_name=clearCookies, hook_result=pending, test_file_path=opencart\src\test\java\testCases\TS_005_Search_Functionality.java, event_started_at=2025-06-03T11:50:06.887959900, hook_id=04691925-8941-4475-a0c8-15907a17e1f5, hook_logs=[], key=AFTER_METHOD, custom_metadata={}, test_location=opencart\src\test\java\testCases\TS_005_Search_Functionality.java}] and args = [[TestResult name=clearCookies status=SUCCESS method=TS_005_Search_Functionality.clearCookies()[pri:0, instance:testCases.TS_005_Search_Functionality@640ab13c] output={null}], TS_005_Search_Functionality.clearCookies()[pri:0, instance:testCases.TS_005_Search_Functionality@640ab13c]]
11:50:07.257 [clearCookies@1] INFO  c.b.v2.framework.TestNgFramework - Processing HookLevel attachments from directory: C:\Users\devbase\.browserstack\UploadedAttachments-66\HookLevel
11:50:07.257 [clearCookies@1] INFO  c.b.v2.framework.TestNgFramework - Checking hookLevelFiles: []
11:50:07.258 [clearCookies@1] INFO  c.b.v2.framework.TestNgFramework - checking Paths of files = C:\Users\devbase\.browserstack\UploadedAttachments-66\HookLevel\BuildLevelHookEvent and abs path = C:\Users\devbase\.browserstack\UploadedAttachments-66\HookLevel\BuildLevelHookEvent 
11:50:07.258 [clearCookies@1] INFO  c.b.v2.framework.TestNgFramework - Processing BuildLevelHookEvent attachments from directory: C:\Users\devbase\.browserstack\UploadedAttachments-66\HookLevel\BuildLevelHookEvent
11:50:07.258 [clearCookies@1] INFO  c.b.v2.framework.TestNgFramework - Processing TestLevel attachments eventLogs: []
11:50:07.258 [clearCookies@1] INFO  c.b.v2.framework.TestNgFramework - sendLogCreatedEvent: No Log Events to send
11:50:07.258 [clearCookies@1] INFO  c.b.v2.framework.TestNgFramework - trackHookEvents: hook state=AFTER_METHOD.HookState.POST , hooks started={AFTER_METHOD=[]} , hooks finished={AFTER_METHOD=[{hook_name=clearCookies, hook_result=passed, test_file_path=opencart\src\test\java\testCases\TS_005_Search_Functionality.java, event_started_at=2025-06-03T11:50:06.887959900, hook_id=04691925-8941-4475-a0c8-15907a17e1f5, hook_logs=[], logs=[], key=AFTER_METHOD, custom_metadata={}, event_ended_at=2025-06-03T11:50:07.257995600, test_location=opencart\src\test\java\testCases\TS_005_Search_Functionality.java}]}
11:50:07.261 [clearCookies@1] INFO  c.b.v2.module.TestHubModule - sendTestFrameworkEvent: event=com.browserstack.v2.eventBus.Event@6e3936c3, response=success: true

11:50:07.264 [clearCookies@1] INFO  c.b.v2.framework.TestNgFramework - trackEvent: found instance, testFrameworkState=TestFrameworkState.AFTER_CLASS hookState=HookState.PRE instance=-145148935
11:50:07.264 [clearCookies@1] INFO  c.b.v2.framework.TestNgFramework - trackEvent: track hook events
11:50:07.473 [clearCookies@1] INFO  c.b.v2.framework.TestNgFramework - args CHECK = [TestResult name=tearDown status=STARTED method=BaseClass.tearDown()[pri:0, instance:testCases.TS_005_Search_Functionality@640ab13c] output={null}]
11:50:07.473 [clearCookies@1] INFO  c.b.v2.framework.TestNgFramework - Hook Started in PRE key = AFTER_CLASS & hook = {hook_name=tearDown, hook_result=pending, test_file_path=opencart\src\test\java\testCases\TS_005_Search_Functionality.java, event_started_at=2025-06-03T11:50:07.473134400, hook_id=00a7f805-adbd-4b02-b103-eb0a7ed68664, hook_logs=[], key=AFTER_CLASS, custom_metadata={}, test_location=opencart\src\test\java\testCases\TS_005_Search_Functionality.java}  and args = [[TestResult name=tearDown status=STARTED method=BaseClass.tearDown()[pri:0, instance:testCases.TS_005_Search_Functionality@640ab13c] output={null}], BaseClass.tearDown()[pri:0, instance:testCases.TS_005_Search_Functionality@640ab13c]]
11:50:07.473 [clearCookies@1] INFO  c.b.v2.framework.TestNgFramework - trackHookEvents: hook state=AFTER_CLASS.HookState.PRE , hooks started={AFTER_METHOD=[], AFTER_CLASS=[{hook_name=tearDown, hook_result=pending, test_file_path=opencart\src\test\java\testCases\TS_005_Search_Functionality.java, event_started_at=2025-06-03T11:50:07.473134400, hook_id=00a7f805-adbd-4b02-b103-eb0a7ed68664, hook_logs=[], key=AFTER_CLASS, custom_metadata={}, test_location=opencart\src\test\java\testCases\TS_005_Search_Functionality.java}]} , hooks finished={AFTER_METHOD=[{hook_name=clearCookies, hook_result=passed, test_file_path=opencart\src\test\java\testCases\TS_005_Search_Functionality.java, event_started_at=2025-06-03T11:50:06.887959900, hook_id=04691925-8941-4475-a0c8-15907a17e1f5, hook_logs=[], logs=[], key=AFTER_METHOD, custom_metadata={}, event_ended_at=2025-06-03T11:50:07.257995600, test_location=opencart\src\test\java\testCases\TS_005_Search_Functionality.java}], AFTER_CLASS=[]}
11:50:07.478 [clearCookies@1] INFO  c.b.v2.module.TestHubModule - sendTestFrameworkEvent: event=com.browserstack.v2.eventBus.Event@363639f3, response=success: true

11:50:07.479 [tearDown@1] INFO  c.b.v2.module.WebdriverModule - onDriverQuit: event=com.browserstack.v2.eventBus.Event@633ed9c0
11:50:07.483 [tearDown@1] INFO  c.b.v2.module.WebdriverModule - beforeCommandExecute: event=com.browserstack.v2.eventBus.Event@33cf3650
11:50:07.483 [tearDown@1] INFO  c.b.v2.module.WebdriverModule - beforeCommandExecute: event=com.browserstack.v2.eventBus.Event@16ba1d81
11:50:09.054 [tearDown@1] INFO  c.b.v2.module.WebdriverModule - afterCommandExecute: event=com.browserstack.v2.eventBus.Event@71c96d69
11:50:09.054 [tearDown@1] INFO  c.b.v2.module.WebdriverModule - afterCommandExecute: event=com.browserstack.v2.eventBus.Event@2addc5b5
11:50:09.054 [tearDown@1] INFO  c.b.v2.framework.TestNgFramework - trackEvent: found instance, testFrameworkState=TestFrameworkState.AFTER_CLASS hookState=HookState.POST instance=-145148935
11:50:09.054 [tearDown@1] INFO  c.b.v2.framework.TestNgFramework - trackEvent: track hook events
11:50:09.252 [tearDown@1] INFO  c.b.v2.framework.TestNgFramework - args CHECK = [TestResult name=tearDown status=SUCCESS method=BaseClass.tearDown()[pri:0, instance:testCases.TS_005_Search_Functionality@640ab13c] output={null}]
11:50:09.252 [tearDown@1] INFO  c.b.v2.framework.TestNgFramework - Hook List in Post [{hook_name=tearDown, hook_result=pending, test_file_path=opencart\src\test\java\testCases\TS_005_Search_Functionality.java, event_started_at=2025-06-03T11:50:07.473134400, hook_id=00a7f805-adbd-4b02-b103-eb0a7ed68664, hook_logs=[], key=AFTER_CLASS, custom_metadata={}, test_location=opencart\src\test\java\testCases\TS_005_Search_Functionality.java}] and args = [[TestResult name=tearDown status=SUCCESS method=BaseClass.tearDown()[pri:0, instance:testCases.TS_005_Search_Functionality@640ab13c] output={null}], BaseClass.tearDown()[pri:0, instance:testCases.TS_005_Search_Functionality@640ab13c]]
11:50:09.252 [tearDown@1] INFO  c.b.v2.framework.TestNgFramework - Processing HookLevel attachments from directory: C:\Users\devbase\.browserstack\UploadedAttachments-66\HookLevel
11:50:09.252 [tearDown@1] INFO  c.b.v2.framework.TestNgFramework - Checking hookLevelFiles: []
11:50:09.253 [tearDown@1] INFO  c.b.v2.framework.TestNgFramework - checking Paths of files = C:\Users\devbase\.browserstack\UploadedAttachments-66\HookLevel\BuildLevelHookEvent and abs path = C:\Users\devbase\.browserstack\UploadedAttachments-66\HookLevel\BuildLevelHookEvent 
11:50:09.253 [tearDown@1] INFO  c.b.v2.framework.TestNgFramework - Processing BuildLevelHookEvent attachments from directory: C:\Users\devbase\.browserstack\UploadedAttachments-66\HookLevel\BuildLevelHookEvent
11:50:09.253 [tearDown@1] INFO  c.b.v2.framework.TestNgFramework - Processing TestLevel attachments eventLogs: []
11:50:09.253 [tearDown@1] INFO  c.b.v2.framework.TestNgFramework - sendLogCreatedEvent: No Log Events to send
11:50:09.253 [tearDown@1] INFO  c.b.v2.framework.TestNgFramework - trackHookEvents: hook state=AFTER_CLASS.HookState.POST , hooks started={AFTER_METHOD=[], AFTER_CLASS=[]} , hooks finished={AFTER_METHOD=[{hook_name=clearCookies, hook_result=passed, test_file_path=opencart\src\test\java\testCases\TS_005_Search_Functionality.java, event_started_at=2025-06-03T11:50:06.887959900, hook_id=04691925-8941-4475-a0c8-15907a17e1f5, hook_logs=[], logs=[], key=AFTER_METHOD, custom_metadata={}, event_ended_at=2025-06-03T11:50:07.257995600, test_location=opencart\src\test\java\testCases\TS_005_Search_Functionality.java}], AFTER_CLASS=[{hook_name=tearDown, hook_result=passed, test_file_path=opencart\src\test\java\testCases\TS_005_Search_Functionality.java, event_started_at=2025-06-03T11:50:07.473134400, hook_id=00a7f805-adbd-4b02-b103-eb0a7ed68664, hook_logs=[], logs=[], key=AFTER_CLASS, custom_metadata={}, event_ended_at=2025-06-03T11:50:09.252064200, test_location=opencart\src\test\java\testCases\TS_005_Search_Functionality.java}]}
11:50:09.255 [tearDown@1] INFO  c.b.v2.module.TestHubModule - sendTestFrameworkEvent: event=com.browserstack.v2.eventBus.Event@58565946, response=success: true

11:54:53.303 [setup@2] INFO  c.b.v2.module.WebdriverModule - afterCommandExecute: event=com.browserstack.v2.eventBus.Event@745bbb46
11:54:53.303 [setup@2] INFO  c.b.v2.framework.SeleniumFramework - trackSeleniumTest: saved instance contextId=-1599753583 target=17792:67 instances=[-1599753583, -1599753584, -1599753585]
11:54:53.303 [setup@2] INFO  c.b.v2.module.WebdriverModule - onDriverCreated: event=com.browserstack.v2.eventBus.Event@748c86e4
11:54:53.303 [setup@2] INFO  c.b.v2.module.WebdriverModule - Found session id=73bbc4b75a797a4f53ac5814b1c83aa22ab686b8 for instance=com.browserstack.v2.instance.AutomationFrameworkInstance@63ea6f9
11:54:53.303 [setup@2] INFO  c.b.v2.module.WebdriverModule - Driver added successfully to automationFramework
11:54:53.309 [setup@2] INFO  c.b.v2.module.WebdriverModule - beforeCommandExecute: event=com.browserstack.v2.eventBus.Event@37257b83
11:54:53.309 [setup@2] INFO  c.b.v2.module.WebdriverModule - beforeCommandExecute: event=com.browserstack.v2.eventBus.Event@13bdec23
11:54:54.179 [setup@2] INFO  c.b.v2.module.WebdriverModule - afterCommandExecute: event=com.browserstack.v2.eventBus.Event@4ef09d90
11:54:54.179 [setup@2] INFO  c.b.v2.module.WebdriverModule - afterCommandExecute: event=com.browserstack.v2.eventBus.Event@1dc248d1
11:54:54.179 [setup@2] INFO  c.b.v2.framework.TestNgFramework - trackEvent: found instance, testFrameworkState=TestFrameworkState.BEFORE_CLASS hookState=HookState.POST instance=-145147973
11:54:54.179 [setup@2] INFO  c.b.v2.framework.TestNgFramework - trackEvent: loaded common test data, testFrameworkState=TestFrameworkState.BEFORE_CLASS hookState=HookState.POST instance=-145147973
11:54:54.179 [setup@2] INFO  c.b.v2.framework.TestNgFramework - trackEvent: track hook events
11:54:54.374 [setup@2] INFO  c.b.v2.framework.TestNgFramework - args CHECK = [TestResult name=setup status=FAILURE method=BaseClass.setup(java.lang.String)[pri:0, instance:testCases.TS_005_Search_Functionality@3e67f5f2] output={null}]
11:54:54.374 [setup@2] INFO  c.b.v2.framework.TestNgFramework - Hook List in Post [{hook_name=setup, hook_result=pending, test_file_path=opencart\src\test\java\testCases\TS_005_Search_Functionality.java, event_started_at=2025-06-03T11:49:31.965421300, hook_id=58467149-6a48-4dd8-800a-8495a0655609, hook_logs=[], key=BEFORE_CLASS, custom_metadata={}, test_location=opencart\src\test\java\testCases\TS_005_Search_Functionality.java}] and args = [[TestResult name=setup status=FAILURE method=BaseClass.setup(java.lang.String)[pri:0, instance:testCases.TS_005_Search_Functionality@3e67f5f2] output={null}], BaseClass.setup(java.lang.String)[pri:0, instance:testCases.TS_005_Search_Functionality@3e67f5f2]]
11:54:54.374 [setup@2] INFO  c.b.v2.framework.TestNgFramework - Processing HookLevel attachments from directory: C:\Users\devbase\.browserstack\UploadedAttachments-67\HookLevel
11:54:54.374 [setup@2] INFO  c.b.v2.framework.TestNgFramework - Checking hookLevelFiles: []
11:54:54.374 [setup@2] INFO  c.b.v2.framework.TestNgFramework - checking Paths of files = C:\Users\devbase\.browserstack\UploadedAttachments-67\HookLevel\BuildLevelHookEvent and abs path = C:\Users\devbase\.browserstack\UploadedAttachments-67\HookLevel\BuildLevelHookEvent 
11:54:54.374 [setup@2] INFO  c.b.v2.framework.TestNgFramework - Processing BuildLevelHookEvent attachments from directory: C:\Users\devbase\.browserstack\UploadedAttachments-67\HookLevel\BuildLevelHookEvent
11:54:54.374 [setup@2] INFO  c.b.v2.framework.TestNgFramework - Processing TestLevel attachments eventLogs: []
11:54:54.374 [setup@2] INFO  c.b.v2.framework.TestNgFramework - sendLogCreatedEvent: No Log Events to send
11:54:54.374 [setup@2] INFO  c.b.v2.framework.TestNgFramework - trackHookEvents: hook state=BEFORE_CLASS.HookState.POST , hooks started={BEFORE_CLASS=[]} , hooks finished={BEFORE_CLASS=[{hook_name=setup, hook_result=failed, test_file_path=opencart\src\test\java\testCases\TS_005_Search_Functionality.java, event_started_at=2025-06-03T11:49:31.965421300, hook_id=58467149-6a48-4dd8-800a-8495a0655609, hook_logs=[], logs=[], key=BEFORE_CLASS, custom_metadata={}, event_ended_at=2025-06-03T11:54:54.374834600, test_location=opencart\src\test\java\testCases\TS_005_Search_Functionality.java}]}
11:54:54.384 [setup@2] INFO  c.b.v2.module.TestHubModule - sendTestFrameworkEvent: event=com.browserstack.v2.eventBus.Event@52750457, response=success: true

11:54:54.384 [setup@2] INFO  c.b.v2.framework.TestNgFramework - trackEvent: found instance, testFrameworkState=TestFrameworkState.TEST hookState=HookState.PRE instance=-145147973
11:54:54.585 [setup@2] INFO  c.b.v2.framework.TestNgFramework - trackEvent: loaded initial test data to instance, testFrameworkState=TestFrameworkState.TEST hookState=HookState.PRE instance=-145147973
11:54:54.585 [setup@2] INFO  c.b.v2.module.WebdriverModule - onBeforeTest: event=com.browserstack.v2.eventBus.Event@24ca3fd2
11:54:54.585 [setup@2] INFO  c.b.v2.module.TestHubModule - sendTestFrameworkEvent: event=com.browserstack.v2.eventBus.Event@24ca3fd2, response=success: true

11:54:54.585 [setup@2] INFO  c.b.v2.module.ObservabilityModule - onBeforeTest: event={instance=com.browserstack.v2.instance.TestFrameworkInstance@66769faf, testFrameworkState=TestFrameworkState.TEST, testInstance=com.browserstack.v2.instance.TestFrameworkInstance@66769faf, hookState=HookState.PRE}
11:54:54.585 [setup@2] INFO  c.b.v2.module.ObservabilityModule - performO11ySync: Performing O11y Sync
11:54:55.356 [TC_SF_001_validate_existing_product@2] INFO  c.b.v2.framework.TestNgFramework - trackEvent: found instance, testFrameworkState=TestFrameworkState.LOG_REPORT hookState=HookState.PRE instance=-145147973
11:54:55.356 [TC_SF_001_validate_existing_product@2] INFO  c.b.v2.framework.TestNgFramework - trackEvent: found instance, testFrameworkState=TestFrameworkState.LOG_REPORT hookState=HookState.POST instance=-145147973
11:54:55.356 [TC_SF_001_validate_existing_product@2] INFO  c.b.v2.framework.TestNgFramework - trackEvent: load test results
11:54:55.356 [TC_SF_001_validate_existing_product@2] INFO  c.b.v2.framework.TestNgFramework - trackEvent: found instance, testFrameworkState=TestFrameworkState.TEST hookState=HookState.POST instance=-145147973
11:54:55.356 [TC_SF_001_validate_existing_product@2] INFO  c.b.v2.module.WebdriverModule - onAfterTest: event=com.browserstack.v2.eventBus.Event@53e6f2eb
11:54:55.744 [TC_SF_001_validate_existing_product@2] ERROR c.b.utils.SeleniumMethodUtils - Done for sessionid 73bbc4b75a797a4f53ac5814b1c83aa22ab686b8
11:54:56.004 [TC_SF_001_validate_existing_product@2] INFO  c.b.v2.module.TestHubModule - onAfterTest: event={com.browserstack.v2.eventBus.Event@53e6f2eb}
11:54:56.013 [TC_SF_001_validate_existing_product@2] INFO  c.b.v2.module.TestHubModule - sendTestSessionEvent: event=com.browserstack.v2.eventBus.Event@53e6f2eb, response=success: true

11:54:56.017 [TC_SF_001_validate_existing_product@2] INFO  c.b.v2.module.TestHubModule - sendTestFrameworkEvent: event=com.browserstack.v2.eventBus.Event@53e6f2eb, response=success: true

11:54:56.017 [TC_SF_001_validate_existing_product@2] INFO  c.b.v2.framework.TestNgFramework - trackEvent: found instance, testFrameworkState=TestFrameworkState.AFTER_METHOD hookState=HookState.PRE instance=-145147973
11:54:56.017 [TC_SF_001_validate_existing_product@2] INFO  c.b.v2.framework.TestNgFramework - trackEvent: track hook events
11:54:56.223 [TC_SF_001_validate_existing_product@2] INFO  c.b.v2.framework.TestNgFramework - args CHECK = [TestResult name=clearCookies status=SKIP method=TS_005_Search_Functionality.clearCookies()[pri:0, instance:testCases.TS_005_Search_Functionality@3e67f5f2] output={null}]
11:54:56.223 [TC_SF_001_validate_existing_product@2] INFO  c.b.v2.framework.TestNgFramework - Hook Started in PRE key = AFTER_METHOD & hook = {hook_name=clearCookies, hook_result=pending, test_file_path=opencart\src\test\java\testCases\TS_005_Search_Functionality.java, event_started_at=2025-06-03T11:54:56.223985900, hook_id=1cdc8040-e2d5-41df-ace7-f363300b6a93, hook_logs=[], key=AFTER_METHOD, custom_metadata={}, test_location=opencart\src\test\java\testCases\TS_005_Search_Functionality.java}  and args = [[TestResult name=clearCookies status=SKIP method=TS_005_Search_Functionality.clearCookies()[pri:0, instance:testCases.TS_005_Search_Functionality@3e67f5f2] output={null}], TS_005_Search_Functionality.clearCookies()[pri:0, instance:testCases.TS_005_Search_Functionality@3e67f5f2]]
11:54:56.223 [TC_SF_001_validate_existing_product@2] INFO  c.b.v2.framework.TestNgFramework - trackHookEvents: hook state=AFTER_METHOD.HookState.PRE , hooks started={BEFORE_CLASS=[], AFTER_METHOD=[{hook_name=clearCookies, hook_result=pending, test_file_path=opencart\src\test\java\testCases\TS_005_Search_Functionality.java, event_started_at=2025-06-03T11:54:56.223985900, hook_id=1cdc8040-e2d5-41df-ace7-f363300b6a93, hook_logs=[], key=AFTER_METHOD, custom_metadata={}, test_location=opencart\src\test\java\testCases\TS_005_Search_Functionality.java}]} , hooks finished={BEFORE_CLASS=[{hook_name=setup, hook_result=failed, test_file_path=opencart\src\test\java\testCases\TS_005_Search_Functionality.java, event_started_at=2025-06-03T11:49:31.965421300, hook_id=58467149-6a48-4dd8-800a-8495a0655609, hook_logs=[], logs=[], key=BEFORE_CLASS, custom_metadata={}, event_ended_at=2025-06-03T11:54:54.374834600, test_location=opencart\src\test\java\testCases\TS_005_Search_Functionality.java}], AFTER_METHOD=[]}
11:54:56.226 [TC_SF_001_validate_existing_product@2] INFO  c.b.v2.module.TestHubModule - sendTestFrameworkEvent: event=com.browserstack.v2.eventBus.Event@27fcb956, response=success: true

11:54:56.226 [clearCookies@2] INFO  c.b.v2.framework.TestNgFramework - trackEvent: found instance, testFrameworkState=TestFrameworkState.AFTER_METHOD hookState=HookState.POST instance=-145147973
11:54:56.226 [clearCookies@2] INFO  c.b.v2.framework.TestNgFramework - trackEvent: track hook events
11:54:56.425 [clearCookies@2] INFO  c.b.v2.framework.TestNgFramework - args CHECK = [TestResult name=clearCookies status=SKIP method=TS_005_Search_Functionality.clearCookies()[pri:0, instance:testCases.TS_005_Search_Functionality@3e67f5f2] output={null}]
11:54:56.425 [clearCookies@2] INFO  c.b.v2.framework.TestNgFramework - Hook List in Post [{hook_name=clearCookies, hook_result=pending, test_file_path=opencart\src\test\java\testCases\TS_005_Search_Functionality.java, event_started_at=2025-06-03T11:54:56.223985900, hook_id=1cdc8040-e2d5-41df-ace7-f363300b6a93, hook_logs=[], key=AFTER_METHOD, custom_metadata={}, test_location=opencart\src\test\java\testCases\TS_005_Search_Functionality.java}] and args = [[TestResult name=clearCookies status=SKIP method=TS_005_Search_Functionality.clearCookies()[pri:0, instance:testCases.TS_005_Search_Functionality@3e67f5f2] output={null}], TS_005_Search_Functionality.clearCookies()[pri:0, instance:testCases.TS_005_Search_Functionality@3e67f5f2]]
11:54:56.425 [clearCookies@2] INFO  c.b.v2.framework.TestNgFramework - Processing HookLevel attachments from directory: C:\Users\devbase\.browserstack\UploadedAttachments-67\HookLevel
11:54:56.425 [clearCookies@2] INFO  c.b.v2.framework.TestNgFramework - Checking hookLevelFiles: []
11:54:56.425 [clearCookies@2] INFO  c.b.v2.framework.TestNgFramework - checking Paths of files = C:\Users\devbase\.browserstack\UploadedAttachments-67\HookLevel\BuildLevelHookEvent and abs path = C:\Users\devbase\.browserstack\UploadedAttachments-67\HookLevel\BuildLevelHookEvent 
11:54:56.426 [clearCookies@2] INFO  c.b.v2.framework.TestNgFramework - Processing BuildLevelHookEvent attachments from directory: C:\Users\devbase\.browserstack\UploadedAttachments-67\HookLevel\BuildLevelHookEvent
11:54:56.426 [clearCookies@2] INFO  c.b.v2.framework.TestNgFramework - Processing TestLevel attachments eventLogs: []
11:54:56.426 [clearCookies@2] INFO  c.b.v2.framework.TestNgFramework - sendLogCreatedEvent: No Log Events to send
11:54:56.426 [clearCookies@2] INFO  c.b.v2.framework.TestNgFramework - trackHookEvents: hook state=AFTER_METHOD.HookState.POST , hooks started={BEFORE_CLASS=[], AFTER_METHOD=[]} , hooks finished={BEFORE_CLASS=[{hook_name=setup, hook_result=failed, test_file_path=opencart\src\test\java\testCases\TS_005_Search_Functionality.java, event_started_at=2025-06-03T11:49:31.965421300, hook_id=58467149-6a48-4dd8-800a-8495a0655609, hook_logs=[], logs=[], key=BEFORE_CLASS, custom_metadata={}, event_ended_at=2025-06-03T11:54:54.374834600, test_location=opencart\src\test\java\testCases\TS_005_Search_Functionality.java}], AFTER_METHOD=[{hook_name=clearCookies, hook_result=skipped, test_file_path=opencart\src\test\java\testCases\TS_005_Search_Functionality.java, event_started_at=2025-06-03T11:54:56.223985900, hook_id=1cdc8040-e2d5-41df-ace7-f363300b6a93, hook_logs=[], logs=[], key=AFTER_METHOD, custom_metadata={}, event_ended_at=2025-06-03T11:54:56.425995300, test_location=opencart\src\test\java\testCases\TS_005_Search_Functionality.java}]}
11:54:56.429 [clearCookies@2] INFO  c.b.v2.module.TestHubModule - sendTestFrameworkEvent: event=com.browserstack.v2.eventBus.Event@2047b416, response=success: true

11:54:56.433 [clearCookies@2] INFO  c.b.v2.framework.TestNgFramework - trackTestNgTest: saved instance contextId=-145147973 target=C:/Users/RPA Base/Projects/opencart/src/test/java/testCases-2@2 instances=[-145148935, -145147973, -145149897]
11:54:56.433 [clearCookies@2] INFO  c.b.v2.framework.TestNgFramework - trackEvent: found instance, testFrameworkState=TestFrameworkState.TEST hookState=HookState.PRE instance=-145147973
11:54:56.628 [clearCookies@2] INFO  c.b.v2.framework.TestNgFramework - trackEvent: loaded initial test data to instance, testFrameworkState=TestFrameworkState.TEST hookState=HookState.PRE instance=-145147973
11:54:56.628 [clearCookies@2] INFO  c.b.v2.module.WebdriverModule - onBeforeTest: event=com.browserstack.v2.eventBus.Event@18fef919
11:54:56.628 [clearCookies@2] INFO  c.b.v2.module.TestHubModule - sendTestFrameworkEvent: event=com.browserstack.v2.eventBus.Event@18fef919, response=success: true

11:54:56.628 [clearCookies@2] INFO  c.b.v2.module.ObservabilityModule - onBeforeTest: event={instance=com.browserstack.v2.instance.TestFrameworkInstance@1313314c, testFrameworkState=TestFrameworkState.TEST, testInstance=com.browserstack.v2.instance.TestFrameworkInstance@1313314c, hookState=HookState.PRE}
11:54:56.628 [clearCookies@2] INFO  c.b.v2.module.ObservabilityModule - performO11ySync: Performing O11y Sync
11:54:57.384 [TC_SF_002_validate_nonexisting_product@2] INFO  c.b.v2.framework.TestNgFramework - trackEvent: found instance, testFrameworkState=TestFrameworkState.LOG_REPORT hookState=HookState.PRE instance=-145147973
11:54:57.384 [TC_SF_002_validate_nonexisting_product@2] INFO  c.b.v2.framework.TestNgFramework - trackEvent: found instance, testFrameworkState=TestFrameworkState.LOG_REPORT hookState=HookState.POST instance=-145147973
11:54:57.384 [TC_SF_002_validate_nonexisting_product@2] INFO  c.b.v2.framework.TestNgFramework - trackEvent: load test results
11:54:57.384 [TC_SF_002_validate_nonexisting_product@2] INFO  c.b.v2.framework.TestNgFramework - trackEvent: found instance, testFrameworkState=TestFrameworkState.TEST hookState=HookState.POST instance=-145147973
11:54:57.387 [TC_SF_002_validate_nonexisting_product@2] INFO  c.b.v2.module.WebdriverModule - onAfterTest: event=com.browserstack.v2.eventBus.Event@4b1fa527
11:54:57.714 [TC_SF_002_validate_nonexisting_product@2] ERROR c.b.utils.SeleniumMethodUtils - Done for sessionid 73bbc4b75a797a4f53ac5814b1c83aa22ab686b8
11:54:57.964 [TC_SF_002_validate_nonexisting_product@2] INFO  c.b.v2.module.TestHubModule - onAfterTest: event={com.browserstack.v2.eventBus.Event@4b1fa527}
11:54:57.973 [TC_SF_002_validate_nonexisting_product@2] INFO  c.b.v2.module.TestHubModule - sendTestSessionEvent: event=com.browserstack.v2.eventBus.Event@4b1fa527, response=success: true

11:54:57.976 [TC_SF_002_validate_nonexisting_product@2] INFO  c.b.v2.module.TestHubModule - sendTestFrameworkEvent: event=com.browserstack.v2.eventBus.Event@4b1fa527, response=success: true

11:54:57.976 [TC_SF_002_validate_nonexisting_product@2] INFO  c.b.v2.framework.TestNgFramework - trackEvent: found instance, testFrameworkState=TestFrameworkState.AFTER_METHOD hookState=HookState.PRE instance=-145147973
11:54:57.976 [TC_SF_002_validate_nonexisting_product@2] INFO  c.b.v2.framework.TestNgFramework - trackEvent: track hook events
11:54:58.170 [TC_SF_002_validate_nonexisting_product@2] INFO  c.b.v2.framework.TestNgFramework - args CHECK = [TestResult name=clearCookies status=SKIP method=TS_005_Search_Functionality.clearCookies()[pri:0, instance:testCases.TS_005_Search_Functionality@3e67f5f2] output={null}]
11:54:58.170 [TC_SF_002_validate_nonexisting_product@2] INFO  c.b.v2.framework.TestNgFramework - Hook Started in PRE key = AFTER_METHOD & hook = {hook_name=clearCookies, hook_result=pending, test_file_path=opencart\src\test\java\testCases\TS_005_Search_Functionality.java, event_started_at=2025-06-03T11:54:58.170656300, hook_id=283af98d-3a0c-4608-b173-15c25742f43a, hook_logs=[], key=AFTER_METHOD, custom_metadata={}, test_location=opencart\src\test\java\testCases\TS_005_Search_Functionality.java}  and args = [[TestResult name=clearCookies status=SKIP method=TS_005_Search_Functionality.clearCookies()[pri:0, instance:testCases.TS_005_Search_Functionality@3e67f5f2] output={null}], TS_005_Search_Functionality.clearCookies()[pri:0, instance:testCases.TS_005_Search_Functionality@3e67f5f2]]
11:54:58.170 [TC_SF_002_validate_nonexisting_product@2] INFO  c.b.v2.framework.TestNgFramework - trackHookEvents: hook state=AFTER_METHOD.HookState.PRE , hooks started={AFTER_METHOD=[{hook_name=clearCookies, hook_result=pending, test_file_path=opencart\src\test\java\testCases\TS_005_Search_Functionality.java, event_started_at=2025-06-03T11:54:58.170656300, hook_id=283af98d-3a0c-4608-b173-15c25742f43a, hook_logs=[], key=AFTER_METHOD, custom_metadata={}, test_location=opencart\src\test\java\testCases\TS_005_Search_Functionality.java}]} , hooks finished={AFTER_METHOD=[]}
11:54:58.172 [TC_SF_002_validate_nonexisting_product@2] INFO  c.b.v2.module.TestHubModule - sendTestFrameworkEvent: event=com.browserstack.v2.eventBus.Event@18e99eb, response=success: true

11:54:58.174 [clearCookies@2] INFO  c.b.v2.framework.TestNgFramework - trackEvent: found instance, testFrameworkState=TestFrameworkState.AFTER_METHOD hookState=HookState.POST instance=-145147973
11:54:58.174 [clearCookies@2] INFO  c.b.v2.framework.TestNgFramework - trackEvent: track hook events
11:54:58.364 [clearCookies@2] INFO  c.b.v2.framework.TestNgFramework - args CHECK = [TestResult name=clearCookies status=SKIP method=TS_005_Search_Functionality.clearCookies()[pri:0, instance:testCases.TS_005_Search_Functionality@3e67f5f2] output={null}]
11:54:58.364 [clearCookies@2] INFO  c.b.v2.framework.TestNgFramework - Hook List in Post [{hook_name=clearCookies, hook_result=pending, test_file_path=opencart\src\test\java\testCases\TS_005_Search_Functionality.java, event_started_at=2025-06-03T11:54:58.170656300, hook_id=283af98d-3a0c-4608-b173-15c25742f43a, hook_logs=[], key=AFTER_METHOD, custom_metadata={}, test_location=opencart\src\test\java\testCases\TS_005_Search_Functionality.java}] and args = [[TestResult name=clearCookies status=SKIP method=TS_005_Search_Functionality.clearCookies()[pri:0, instance:testCases.TS_005_Search_Functionality@3e67f5f2] output={null}], TS_005_Search_Functionality.clearCookies()[pri:0, instance:testCases.TS_005_Search_Functionality@3e67f5f2]]
11:54:58.364 [clearCookies@2] INFO  c.b.v2.framework.TestNgFramework - Processing HookLevel attachments from directory: C:\Users\devbase\.browserstack\UploadedAttachments-67\HookLevel
11:54:58.364 [clearCookies@2] INFO  c.b.v2.framework.TestNgFramework - Checking hookLevelFiles: []
11:54:58.364 [clearCookies@2] INFO  c.b.v2.framework.TestNgFramework - checking Paths of files = C:\Users\devbase\.browserstack\UploadedAttachments-67\HookLevel\BuildLevelHookEvent and abs path = C:\Users\devbase\.browserstack\UploadedAttachments-67\HookLevel\BuildLevelHookEvent 
11:54:58.364 [clearCookies@2] INFO  c.b.v2.framework.TestNgFramework - Processing BuildLevelHookEvent attachments from directory: C:\Users\devbase\.browserstack\UploadedAttachments-67\HookLevel\BuildLevelHookEvent
11:54:58.364 [clearCookies@2] INFO  c.b.v2.framework.TestNgFramework - Processing TestLevel attachments eventLogs: []
11:54:58.364 [clearCookies@2] INFO  c.b.v2.framework.TestNgFramework - sendLogCreatedEvent: No Log Events to send
11:54:58.364 [clearCookies@2] INFO  c.b.v2.framework.TestNgFramework - trackHookEvents: hook state=AFTER_METHOD.HookState.POST , hooks started={AFTER_METHOD=[]} , hooks finished={AFTER_METHOD=[{hook_name=clearCookies, hook_result=skipped, test_file_path=opencart\src\test\java\testCases\TS_005_Search_Functionality.java, event_started_at=2025-06-03T11:54:58.170656300, hook_id=283af98d-3a0c-4608-b173-15c25742f43a, hook_logs=[], logs=[], key=AFTER_METHOD, custom_metadata={}, event_ended_at=2025-06-03T11:54:58.364823500, test_location=opencart\src\test\java\testCases\TS_005_Search_Functionality.java}]}
11:54:58.367 [clearCookies@2] INFO  c.b.v2.module.TestHubModule - sendTestFrameworkEvent: event=com.browserstack.v2.eventBus.Event@158dfd67, response=success: true

11:54:58.367 [clearCookies@2] INFO  c.b.v2.framework.TestNgFramework - trackTestNgTest: saved instance contextId=-145147973 target=C:/Users/RPA Base/Projects/opencart/src/test/java/testCases-2@2 instances=[-145148935, -145147973, -145149897]
11:54:58.367 [clearCookies@2] INFO  c.b.v2.framework.TestNgFramework - trackEvent: found instance, testFrameworkState=TestFrameworkState.TEST hookState=HookState.PRE instance=-145147973
11:54:58.563 [clearCookies@2] INFO  c.b.v2.framework.TestNgFramework - trackEvent: loaded initial test data to instance, testFrameworkState=TestFrameworkState.TEST hookState=HookState.PRE instance=-145147973
11:54:58.563 [clearCookies@2] INFO  c.b.v2.module.WebdriverModule - onBeforeTest: event=com.browserstack.v2.eventBus.Event@75e89a8b
11:54:58.564 [clearCookies@2] INFO  c.b.v2.module.TestHubModule - sendTestFrameworkEvent: event=com.browserstack.v2.eventBus.Event@75e89a8b, response=success: true

11:54:58.564 [clearCookies@2] INFO  c.b.v2.module.ObservabilityModule - onBeforeTest: event={instance=com.browserstack.v2.instance.TestFrameworkInstance@48e8fc9d, testFrameworkState=TestFrameworkState.TEST, testInstance=com.browserstack.v2.instance.TestFrameworkInstance@48e8fc9d, hookState=HookState.PRE}
11:54:58.564 [clearCookies@2] INFO  c.b.v2.module.ObservabilityModule - performO11ySync: Performing O11y Sync
11:54:59.324 [TC_SF_003_validate_blank_search@2] INFO  c.b.v2.framework.TestNgFramework - trackEvent: found instance, testFrameworkState=TestFrameworkState.LOG_REPORT hookState=HookState.PRE instance=-145147973
11:54:59.324 [TC_SF_003_validate_blank_search@2] INFO  c.b.v2.framework.TestNgFramework - trackEvent: found instance, testFrameworkState=TestFrameworkState.LOG_REPORT hookState=HookState.POST instance=-145147973
11:54:59.324 [TC_SF_003_validate_blank_search@2] INFO  c.b.v2.framework.TestNgFramework - trackEvent: load test results
11:54:59.324 [TC_SF_003_validate_blank_search@2] INFO  c.b.v2.framework.TestNgFramework - trackEvent: found instance, testFrameworkState=TestFrameworkState.TEST hookState=HookState.POST instance=-145147973
11:54:59.324 [TC_SF_003_validate_blank_search@2] INFO  c.b.v2.module.WebdriverModule - onAfterTest: event=com.browserstack.v2.eventBus.Event@2504721e
11:54:59.665 [TC_SF_003_validate_blank_search@2] ERROR c.b.utils.SeleniumMethodUtils - Done for sessionid 73bbc4b75a797a4f53ac5814b1c83aa22ab686b8
11:54:59.915 [TC_SF_003_validate_blank_search@2] INFO  c.b.v2.module.TestHubModule - onAfterTest: event={com.browserstack.v2.eventBus.Event@2504721e}
11:54:59.918 [TC_SF_003_validate_blank_search@2] INFO  c.b.v2.module.TestHubModule - sendTestSessionEvent: event=com.browserstack.v2.eventBus.Event@2504721e, response=success: true

11:54:59.924 [TC_SF_003_validate_blank_search@2] INFO  c.b.v2.module.TestHubModule - sendTestFrameworkEvent: event=com.browserstack.v2.eventBus.Event@2504721e, response=success: true

11:54:59.926 [TC_SF_003_validate_blank_search@2] INFO  c.b.v2.framework.TestNgFramework - trackEvent: found instance, testFrameworkState=TestFrameworkState.AFTER_METHOD hookState=HookState.PRE instance=-145147973
11:54:59.926 [TC_SF_003_validate_blank_search@2] INFO  c.b.v2.framework.TestNgFramework - trackEvent: track hook events
11:55:00.117 [TC_SF_003_validate_blank_search@2] INFO  c.b.v2.framework.TestNgFramework - args CHECK = [TestResult name=clearCookies status=SKIP method=TS_005_Search_Functionality.clearCookies()[pri:0, instance:testCases.TS_005_Search_Functionality@3e67f5f2] output={null}]
11:55:00.117 [TC_SF_003_validate_blank_search@2] INFO  c.b.v2.framework.TestNgFramework - Hook Started in PRE key = AFTER_METHOD & hook = {hook_name=clearCookies, hook_result=pending, test_file_path=opencart\src\test\java\testCases\TS_005_Search_Functionality.java, event_started_at=2025-06-03T11:55:00.117883200, hook_id=ca422f8a-8249-46b8-929c-d4d9d357a7af, hook_logs=[], key=AFTER_METHOD, custom_metadata={}, test_location=opencart\src\test\java\testCases\TS_005_Search_Functionality.java}  and args = [[TestResult name=clearCookies status=SKIP method=TS_005_Search_Functionality.clearCookies()[pri:0, instance:testCases.TS_005_Search_Functionality@3e67f5f2] output={null}], TS_005_Search_Functionality.clearCookies()[pri:0, instance:testCases.TS_005_Search_Functionality@3e67f5f2]]
11:55:00.117 [TC_SF_003_validate_blank_search@2] INFO  c.b.v2.framework.TestNgFramework - trackHookEvents: hook state=AFTER_METHOD.HookState.PRE , hooks started={AFTER_METHOD=[{hook_name=clearCookies, hook_result=pending, test_file_path=opencart\src\test\java\testCases\TS_005_Search_Functionality.java, event_started_at=2025-06-03T11:55:00.117883200, hook_id=ca422f8a-8249-46b8-929c-d4d9d357a7af, hook_logs=[], key=AFTER_METHOD, custom_metadata={}, test_location=opencart\src\test\java\testCases\TS_005_Search_Functionality.java}]} , hooks finished={AFTER_METHOD=[]}
11:55:00.117 [TC_SF_003_validate_blank_search@2] INFO  c.b.v2.module.TestHubModule - sendTestFrameworkEvent: event=com.browserstack.v2.eventBus.Event@66200610, response=success: true

11:55:00.123 [clearCookies@2] INFO  c.b.v2.framework.TestNgFramework - trackEvent: found instance, testFrameworkState=TestFrameworkState.AFTER_METHOD hookState=HookState.POST instance=-145147973
11:55:00.123 [clearCookies@2] INFO  c.b.v2.framework.TestNgFramework - trackEvent: track hook events
11:55:00.314 [clearCookies@2] INFO  c.b.v2.framework.TestNgFramework - args CHECK = [TestResult name=clearCookies status=SKIP method=TS_005_Search_Functionality.clearCookies()[pri:0, instance:testCases.TS_005_Search_Functionality@3e67f5f2] output={null}]
11:55:00.314 [clearCookies@2] INFO  c.b.v2.framework.TestNgFramework - Hook List in Post [{hook_name=clearCookies, hook_result=pending, test_file_path=opencart\src\test\java\testCases\TS_005_Search_Functionality.java, event_started_at=2025-06-03T11:55:00.117883200, hook_id=ca422f8a-8249-46b8-929c-d4d9d357a7af, hook_logs=[], key=AFTER_METHOD, custom_metadata={}, test_location=opencart\src\test\java\testCases\TS_005_Search_Functionality.java}] and args = [[TestResult name=clearCookies status=SKIP method=TS_005_Search_Functionality.clearCookies()[pri:0, instance:testCases.TS_005_Search_Functionality@3e67f5f2] output={null}], TS_005_Search_Functionality.clearCookies()[pri:0, instance:testCases.TS_005_Search_Functionality@3e67f5f2]]
11:55:00.314 [clearCookies@2] INFO  c.b.v2.framework.TestNgFramework - Processing HookLevel attachments from directory: C:\Users\devbase\.browserstack\UploadedAttachments-67\HookLevel
11:55:00.314 [clearCookies@2] INFO  c.b.v2.framework.TestNgFramework - Checking hookLevelFiles: []
11:55:00.314 [clearCookies@2] INFO  c.b.v2.framework.TestNgFramework - checking Paths of files = C:\Users\devbase\.browserstack\UploadedAttachments-67\HookLevel\BuildLevelHookEvent and abs path = C:\Users\devbase\.browserstack\UploadedAttachments-67\HookLevel\BuildLevelHookEvent 
11:55:00.314 [clearCookies@2] INFO  c.b.v2.framework.TestNgFramework - Processing BuildLevelHookEvent attachments from directory: C:\Users\devbase\.browserstack\UploadedAttachments-67\HookLevel\BuildLevelHookEvent
11:55:00.314 [clearCookies@2] INFO  c.b.v2.framework.TestNgFramework - Processing TestLevel attachments eventLogs: []
11:55:00.314 [clearCookies@2] INFO  c.b.v2.framework.TestNgFramework - sendLogCreatedEvent: No Log Events to send
11:55:00.314 [clearCookies@2] INFO  c.b.v2.framework.TestNgFramework - trackHookEvents: hook state=AFTER_METHOD.HookState.POST , hooks started={AFTER_METHOD=[]} , hooks finished={AFTER_METHOD=[{hook_name=clearCookies, hook_result=skipped, test_file_path=opencart\src\test\java\testCases\TS_005_Search_Functionality.java, event_started_at=2025-06-03T11:55:00.117883200, hook_id=ca422f8a-8249-46b8-929c-d4d9d357a7af, hook_logs=[], logs=[], key=AFTER_METHOD, custom_metadata={}, event_ended_at=2025-06-03T11:55:00.314184300, test_location=opencart\src\test\java\testCases\TS_005_Search_Functionality.java}]}
11:55:00.314 [clearCookies@2] INFO  c.b.v2.module.TestHubModule - sendTestFrameworkEvent: event=com.browserstack.v2.eventBus.Event@2d762d32, response=success: true

11:55:00.319 [clearCookies@2] INFO  c.b.v2.framework.TestNgFramework - trackTestNgTest: saved instance contextId=-145147973 target=C:/Users/RPA Base/Projects/opencart/src/test/java/testCases-2@2 instances=[-145148935, -145147973, -145149897]
11:55:00.319 [clearCookies@2] INFO  c.b.v2.framework.TestNgFramework - trackEvent: found instance, testFrameworkState=TestFrameworkState.TEST hookState=HookState.PRE instance=-145147973
11:55:00.513 [clearCookies@2] INFO  c.b.v2.framework.TestNgFramework - trackEvent: loaded initial test data to instance, testFrameworkState=TestFrameworkState.TEST hookState=HookState.PRE instance=-145147973
11:55:00.513 [clearCookies@2] INFO  c.b.v2.module.WebdriverModule - onBeforeTest: event=com.browserstack.v2.eventBus.Event@4f6af393
11:55:00.514 [clearCookies@2] INFO  c.b.v2.module.TestHubModule - sendTestFrameworkEvent: event=com.browserstack.v2.eventBus.Event@4f6af393, response=success: true

11:55:00.514 [clearCookies@2] INFO  c.b.v2.module.ObservabilityModule - onBeforeTest: event={instance=com.browserstack.v2.instance.TestFrameworkInstance@7a7af88d, testFrameworkState=TestFrameworkState.TEST, testInstance=com.browserstack.v2.instance.TestFrameworkInstance@7a7af88d, hookState=HookState.PRE}
11:55:00.514 [clearCookies@2] INFO  c.b.v2.module.ObservabilityModule - performO11ySync: Performing O11y Sync
11:55:01.275 [TC_SF_004_validate_existing_product_after_login@2] INFO  c.b.v2.framework.TestNgFramework - trackEvent: found instance, testFrameworkState=TestFrameworkState.LOG_REPORT hookState=HookState.PRE instance=-145147973
11:55:01.275 [TC_SF_004_validate_existing_product_after_login@2] INFO  c.b.v2.framework.TestNgFramework - trackEvent: found instance, testFrameworkState=TestFrameworkState.LOG_REPORT hookState=HookState.POST instance=-145147973
11:55:01.275 [TC_SF_004_validate_existing_product_after_login@2] INFO  c.b.v2.framework.TestNgFramework - trackEvent: load test results
11:55:01.275 [TC_SF_004_validate_existing_product_after_login@2] INFO  c.b.v2.framework.TestNgFramework - trackEvent: found instance, testFrameworkState=TestFrameworkState.TEST hookState=HookState.POST instance=-145147973
11:55:01.275 [TC_SF_004_validate_existing_product_after_login@2] INFO  c.b.v2.module.WebdriverModule - onAfterTest: event=com.browserstack.v2.eventBus.Event@3f18485
11:55:01.633 [TC_SF_004_validate_existing_product_after_login@2] ERROR c.b.utils.SeleniumMethodUtils - Done for sessionid 73bbc4b75a797a4f53ac5814b1c83aa22ab686b8
11:55:01.904 [TC_SF_004_validate_existing_product_after_login@2] INFO  c.b.v2.module.TestHubModule - onAfterTest: event={com.browserstack.v2.eventBus.Event@3f18485}
11:55:01.904 [TC_SF_004_validate_existing_product_after_login@2] INFO  c.b.v2.module.TestHubModule - sendTestSessionEvent: event=com.browserstack.v2.eventBus.Event@3f18485, response=success: true

11:55:01.904 [TC_SF_004_validate_existing_product_after_login@2] INFO  c.b.v2.module.TestHubModule - sendTestFrameworkEvent: event=com.browserstack.v2.eventBus.Event@3f18485, response=success: true

11:55:01.914 [TC_SF_004_validate_existing_product_after_login@2] INFO  c.b.v2.framework.TestNgFramework - trackEvent: found instance, testFrameworkState=TestFrameworkState.AFTER_METHOD hookState=HookState.PRE instance=-145147973
11:55:01.914 [TC_SF_004_validate_existing_product_after_login@2] INFO  c.b.v2.framework.TestNgFramework - trackEvent: track hook events
11:55:02.104 [TC_SF_004_validate_existing_product_after_login@2] INFO  c.b.v2.framework.TestNgFramework - args CHECK = [TestResult name=clearCookies status=SKIP method=TS_005_Search_Functionality.clearCookies()[pri:0, instance:testCases.TS_005_Search_Functionality@3e67f5f2] output={null}]
11:55:02.104 [TC_SF_004_validate_existing_product_after_login@2] INFO  c.b.v2.framework.TestNgFramework - Hook Started in PRE key = AFTER_METHOD & hook = {hook_name=clearCookies, hook_result=pending, test_file_path=opencart\src\test\java\testCases\TS_005_Search_Functionality.java, event_started_at=2025-06-03T11:55:02.104479600, hook_id=f2682b93-ca16-4823-88d9-ea838b19d955, hook_logs=[], key=AFTER_METHOD, custom_metadata={}, test_location=opencart\src\test\java\testCases\TS_005_Search_Functionality.java}  and args = [[TestResult name=clearCookies status=SKIP method=TS_005_Search_Functionality.clearCookies()[pri:0, instance:testCases.TS_005_Search_Functionality@3e67f5f2] output={null}], TS_005_Search_Functionality.clearCookies()[pri:0, instance:testCases.TS_005_Search_Functionality@3e67f5f2]]
11:55:02.104 [TC_SF_004_validate_existing_product_after_login@2] INFO  c.b.v2.framework.TestNgFramework - trackHookEvents: hook state=AFTER_METHOD.HookState.PRE , hooks started={AFTER_METHOD=[{hook_name=clearCookies, hook_result=pending, test_file_path=opencart\src\test\java\testCases\TS_005_Search_Functionality.java, event_started_at=2025-06-03T11:55:02.104479600, hook_id=f2682b93-ca16-4823-88d9-ea838b19d955, hook_logs=[], key=AFTER_METHOD, custom_metadata={}, test_location=opencart\src\test\java\testCases\TS_005_Search_Functionality.java}]} , hooks finished={AFTER_METHOD=[]}
11:55:02.104 [TC_SF_004_validate_existing_product_after_login@2] INFO  c.b.v2.module.TestHubModule - sendTestFrameworkEvent: event=com.browserstack.v2.eventBus.Event@6e354d29, response=success: true

11:55:02.104 [clearCookies@2] INFO  c.b.v2.framework.TestNgFramework - trackEvent: found instance, testFrameworkState=TestFrameworkState.AFTER_METHOD hookState=HookState.POST instance=-145147973
11:55:02.104 [clearCookies@2] INFO  c.b.v2.framework.TestNgFramework - trackEvent: track hook events
11:55:02.303 [clearCookies@2] INFO  c.b.v2.framework.TestNgFramework - args CHECK = [TestResult name=clearCookies status=SKIP method=TS_005_Search_Functionality.clearCookies()[pri:0, instance:testCases.TS_005_Search_Functionality@3e67f5f2] output={null}]
11:55:02.303 [clearCookies@2] INFO  c.b.v2.framework.TestNgFramework - Hook List in Post [{hook_name=clearCookies, hook_result=pending, test_file_path=opencart\src\test\java\testCases\TS_005_Search_Functionality.java, event_started_at=2025-06-03T11:55:02.104479600, hook_id=f2682b93-ca16-4823-88d9-ea838b19d955, hook_logs=[], key=AFTER_METHOD, custom_metadata={}, test_location=opencart\src\test\java\testCases\TS_005_Search_Functionality.java}] and args = [[TestResult name=clearCookies status=SKIP method=TS_005_Search_Functionality.clearCookies()[pri:0, instance:testCases.TS_005_Search_Functionality@3e67f5f2] output={null}], TS_005_Search_Functionality.clearCookies()[pri:0, instance:testCases.TS_005_Search_Functionality@3e67f5f2]]
11:55:02.303 [clearCookies@2] INFO  c.b.v2.framework.TestNgFramework - Processing HookLevel attachments from directory: C:\Users\devbase\.browserstack\UploadedAttachments-67\HookLevel
11:55:02.303 [clearCookies@2] INFO  c.b.v2.framework.TestNgFramework - Checking hookLevelFiles: []
11:55:02.303 [clearCookies@2] INFO  c.b.v2.framework.TestNgFramework - checking Paths of files = C:\Users\devbase\.browserstack\UploadedAttachments-67\HookLevel\BuildLevelHookEvent and abs path = C:\Users\devbase\.browserstack\UploadedAttachments-67\HookLevel\BuildLevelHookEvent 
11:55:02.303 [clearCookies@2] INFO  c.b.v2.framework.TestNgFramework - Processing BuildLevelHookEvent attachments from directory: C:\Users\devbase\.browserstack\UploadedAttachments-67\HookLevel\BuildLevelHookEvent
11:55:02.303 [clearCookies@2] INFO  c.b.v2.framework.TestNgFramework - Processing TestLevel attachments eventLogs: []
11:55:02.303 [clearCookies@2] INFO  c.b.v2.framework.TestNgFramework - sendLogCreatedEvent: No Log Events to send
11:55:02.303 [clearCookies@2] INFO  c.b.v2.framework.TestNgFramework - trackHookEvents: hook state=AFTER_METHOD.HookState.POST , hooks started={AFTER_METHOD=[]} , hooks finished={AFTER_METHOD=[{hook_name=clearCookies, hook_result=skipped, test_file_path=opencart\src\test\java\testCases\TS_005_Search_Functionality.java, event_started_at=2025-06-03T11:55:02.104479600, hook_id=f2682b93-ca16-4823-88d9-ea838b19d955, hook_logs=[], logs=[], key=AFTER_METHOD, custom_metadata={}, event_ended_at=2025-06-03T11:55:02.303326200, test_location=opencart\src\test\java\testCases\TS_005_Search_Functionality.java}]}
11:55:02.306 [clearCookies@2] INFO  c.b.v2.module.TestHubModule - sendTestFrameworkEvent: event=com.browserstack.v2.eventBus.Event@be9a1b9, response=success: true

11:55:02.310 [clearCookies@2] INFO  c.b.v2.framework.TestNgFramework - trackTestNgTest: saved instance contextId=-145147973 target=C:/Users/RPA Base/Projects/opencart/src/test/java/testCases-2@2 instances=[-145148935, -145147973, -145149897]
11:55:02.310 [clearCookies@2] INFO  c.b.v2.framework.TestNgFramework - trackEvent: found instance, testFrameworkState=TestFrameworkState.TEST hookState=HookState.PRE instance=-145147973
11:55:02.498 [clearCookies@2] INFO  c.b.v2.framework.TestNgFramework - trackEvent: loaded initial test data to instance, testFrameworkState=TestFrameworkState.TEST hookState=HookState.PRE instance=-145147973
11:55:02.498 [clearCookies@2] INFO  c.b.v2.module.WebdriverModule - onBeforeTest: event=com.browserstack.v2.eventBus.Event@2d4a20d1
11:55:02.501 [clearCookies@2] INFO  c.b.v2.module.TestHubModule - sendTestFrameworkEvent: event=com.browserstack.v2.eventBus.Event@2d4a20d1, response=success: true

11:55:02.503 [clearCookies@2] INFO  c.b.v2.module.ObservabilityModule - onBeforeTest: event={instance=com.browserstack.v2.instance.TestFrameworkInstance@60e7736b, testFrameworkState=TestFrameworkState.TEST, testInstance=com.browserstack.v2.instance.TestFrameworkInstance@60e7736b, hookState=HookState.PRE}
11:55:02.503 [clearCookies@2] INFO  c.b.v2.module.ObservabilityModule - performO11ySync: Performing O11y Sync
11:55:03.436 [TC_SF_005_validate_search_criteria@2] INFO  c.b.v2.framework.TestNgFramework - trackEvent: found instance, testFrameworkState=TestFrameworkState.LOG_REPORT hookState=HookState.PRE instance=-145147973
11:55:03.436 [TC_SF_005_validate_search_criteria@2] INFO  c.b.v2.framework.TestNgFramework - trackEvent: found instance, testFrameworkState=TestFrameworkState.LOG_REPORT hookState=HookState.POST instance=-145147973
11:55:03.436 [TC_SF_005_validate_search_criteria@2] INFO  c.b.v2.framework.TestNgFramework - trackEvent: load test results
11:55:03.436 [TC_SF_005_validate_search_criteria@2] INFO  c.b.v2.framework.TestNgFramework - trackEvent: found instance, testFrameworkState=TestFrameworkState.TEST hookState=HookState.POST instance=-145147973
11:55:03.436 [TC_SF_005_validate_search_criteria@2] INFO  c.b.v2.module.WebdriverModule - onAfterTest: event=com.browserstack.v2.eventBus.Event@552a6db1
11:55:03.794 [TC_SF_005_validate_search_criteria@2] ERROR c.b.utils.SeleniumMethodUtils - Done for sessionid 73bbc4b75a797a4f53ac5814b1c83aa22ab686b8
11:55:04.619 [TC_SF_005_validate_search_criteria@2] INFO  c.b.v2.module.TestHubModule - onAfterTest: event={com.browserstack.v2.eventBus.Event@552a6db1}
11:55:04.622 [TC_SF_005_validate_search_criteria@2] INFO  c.b.v2.module.TestHubModule - sendTestSessionEvent: event=com.browserstack.v2.eventBus.Event@552a6db1, response=success: true

11:55:04.626 [TC_SF_005_validate_search_criteria@2] INFO  c.b.v2.module.TestHubModule - sendTestFrameworkEvent: event=com.browserstack.v2.eventBus.Event@552a6db1, response=success: true

11:55:04.628 [TC_SF_005_validate_search_criteria@2] INFO  c.b.v2.framework.TestNgFramework - trackEvent: found instance, testFrameworkState=TestFrameworkState.AFTER_METHOD hookState=HookState.PRE instance=-145147973
11:55:04.628 [TC_SF_005_validate_search_criteria@2] INFO  c.b.v2.framework.TestNgFramework - trackEvent: track hook events
11:55:04.818 [TC_SF_005_validate_search_criteria@2] INFO  c.b.v2.framework.TestNgFramework - args CHECK = [TestResult name=clearCookies status=SKIP method=TS_005_Search_Functionality.clearCookies()[pri:0, instance:testCases.TS_005_Search_Functionality@3e67f5f2] output={null}]
11:55:04.818 [TC_SF_005_validate_search_criteria@2] INFO  c.b.v2.framework.TestNgFramework - Hook Started in PRE key = AFTER_METHOD & hook = {hook_name=clearCookies, hook_result=pending, test_file_path=opencart\src\test\java\testCases\TS_005_Search_Functionality.java, event_started_at=2025-06-03T11:55:04.818892200, hook_id=27e0f202-812d-4f51-a65f-fd949a355997, hook_logs=[], key=AFTER_METHOD, custom_metadata={}, test_location=opencart\src\test\java\testCases\TS_005_Search_Functionality.java}  and args = [[TestResult name=clearCookies status=SKIP method=TS_005_Search_Functionality.clearCookies()[pri:0, instance:testCases.TS_005_Search_Functionality@3e67f5f2] output={null}], TS_005_Search_Functionality.clearCookies()[pri:0, instance:testCases.TS_005_Search_Functionality@3e67f5f2]]
11:55:04.818 [TC_SF_005_validate_search_criteria@2] INFO  c.b.v2.framework.TestNgFramework - trackHookEvents: hook state=AFTER_METHOD.HookState.PRE , hooks started={AFTER_METHOD=[{hook_name=clearCookies, hook_result=pending, test_file_path=opencart\src\test\java\testCases\TS_005_Search_Functionality.java, event_started_at=2025-06-03T11:55:04.818892200, hook_id=27e0f202-812d-4f51-a65f-fd949a355997, hook_logs=[], key=AFTER_METHOD, custom_metadata={}, test_location=opencart\src\test\java\testCases\TS_005_Search_Functionality.java}]} , hooks finished={AFTER_METHOD=[]}
11:55:04.820 [TC_SF_005_validate_search_criteria@2] INFO  c.b.v2.module.TestHubModule - sendTestFrameworkEvent: event=com.browserstack.v2.eventBus.Event@535f56e2, response=success: true

11:55:04.821 [clearCookies@2] INFO  c.b.v2.framework.TestNgFramework - trackEvent: found instance, testFrameworkState=TestFrameworkState.AFTER_METHOD hookState=HookState.POST instance=-145147973
11:55:04.821 [clearCookies@2] INFO  c.b.v2.framework.TestNgFramework - trackEvent: track hook events
11:55:05.012 [clearCookies@2] INFO  c.b.v2.framework.TestNgFramework - args CHECK = [TestResult name=clearCookies status=SKIP method=TS_005_Search_Functionality.clearCookies()[pri:0, instance:testCases.TS_005_Search_Functionality@3e67f5f2] output={null}]
11:55:05.012 [clearCookies@2] INFO  c.b.v2.framework.TestNgFramework - Hook List in Post [{hook_name=clearCookies, hook_result=pending, test_file_path=opencart\src\test\java\testCases\TS_005_Search_Functionality.java, event_started_at=2025-06-03T11:55:04.818892200, hook_id=27e0f202-812d-4f51-a65f-fd949a355997, hook_logs=[], key=AFTER_METHOD, custom_metadata={}, test_location=opencart\src\test\java\testCases\TS_005_Search_Functionality.java}] and args = [[TestResult name=clearCookies status=SKIP method=TS_005_Search_Functionality.clearCookies()[pri:0, instance:testCases.TS_005_Search_Functionality@3e67f5f2] output={null}], TS_005_Search_Functionality.clearCookies()[pri:0, instance:testCases.TS_005_Search_Functionality@3e67f5f2]]
11:55:05.012 [clearCookies@2] INFO  c.b.v2.framework.TestNgFramework - Processing HookLevel attachments from directory: C:\Users\devbase\.browserstack\UploadedAttachments-67\HookLevel
11:55:05.012 [clearCookies@2] INFO  c.b.v2.framework.TestNgFramework - Checking hookLevelFiles: []
11:55:05.012 [clearCookies@2] INFO  c.b.v2.framework.TestNgFramework - checking Paths of files = C:\Users\devbase\.browserstack\UploadedAttachments-67\HookLevel\BuildLevelHookEvent and abs path = C:\Users\devbase\.browserstack\UploadedAttachments-67\HookLevel\BuildLevelHookEvent 
11:55:05.012 [clearCookies@2] INFO  c.b.v2.framework.TestNgFramework - Processing BuildLevelHookEvent attachments from directory: C:\Users\devbase\.browserstack\UploadedAttachments-67\HookLevel\BuildLevelHookEvent
11:55:05.012 [clearCookies@2] INFO  c.b.v2.framework.TestNgFramework - Processing TestLevel attachments eventLogs: []
11:55:05.012 [clearCookies@2] INFO  c.b.v2.framework.TestNgFramework - sendLogCreatedEvent: No Log Events to send
11:55:05.012 [clearCookies@2] INFO  c.b.v2.framework.TestNgFramework - trackHookEvents: hook state=AFTER_METHOD.HookState.POST , hooks started={AFTER_METHOD=[]} , hooks finished={AFTER_METHOD=[{hook_name=clearCookies, hook_result=skipped, test_file_path=opencart\src\test\java\testCases\TS_005_Search_Functionality.java, event_started_at=2025-06-03T11:55:04.818892200, hook_id=27e0f202-812d-4f51-a65f-fd949a355997, hook_logs=[], logs=[], key=AFTER_METHOD, custom_metadata={}, event_ended_at=2025-06-03T11:55:05.012096100, test_location=opencart\src\test\java\testCases\TS_005_Search_Functionality.java}]}
11:55:05.014 [clearCookies@2] INFO  c.b.v2.module.TestHubModule - sendTestFrameworkEvent: event=com.browserstack.v2.eventBus.Event@116bd30f, response=success: true

11:55:05.017 [clearCookies@2] INFO  c.b.v2.framework.TestNgFramework - trackEvent: found instance, testFrameworkState=TestFrameworkState.AFTER_CLASS hookState=HookState.PRE instance=-145147973
11:55:05.017 [clearCookies@2] INFO  c.b.v2.framework.TestNgFramework - trackEvent: track hook events
11:55:05.214 [clearCookies@2] INFO  c.b.v2.framework.TestNgFramework - args CHECK = [TestResult name=tearDown status=SKIP method=BaseClass.tearDown()[pri:0, instance:testCases.TS_005_Search_Functionality@3e67f5f2] output={null}]
11:55:05.214 [clearCookies@2] INFO  c.b.v2.framework.TestNgFramework - Hook Started in PRE key = AFTER_CLASS & hook = {hook_name=tearDown, hook_result=pending, test_file_path=opencart\src\test\java\testCases\TS_005_Search_Functionality.java, event_started_at=2025-06-03T11:55:05.214395400, hook_id=6bc6ad22-a3e0-4872-862e-4471f36f8152, hook_logs=[], key=AFTER_CLASS, custom_metadata={}, test_location=opencart\src\test\java\testCases\TS_005_Search_Functionality.java}  and args = [[TestResult name=tearDown status=SKIP method=BaseClass.tearDown()[pri:0, instance:testCases.TS_005_Search_Functionality@3e67f5f2] output={null}], BaseClass.tearDown()[pri:0, instance:testCases.TS_005_Search_Functionality@3e67f5f2]]
11:55:05.215 [clearCookies@2] INFO  c.b.v2.framework.TestNgFramework - trackHookEvents: hook state=AFTER_CLASS.HookState.PRE , hooks started={AFTER_METHOD=[], AFTER_CLASS=[{hook_name=tearDown, hook_result=pending, test_file_path=opencart\src\test\java\testCases\TS_005_Search_Functionality.java, event_started_at=2025-06-03T11:55:05.214395400, hook_id=6bc6ad22-a3e0-4872-862e-4471f36f8152, hook_logs=[], key=AFTER_CLASS, custom_metadata={}, test_location=opencart\src\test\java\testCases\TS_005_Search_Functionality.java}]} , hooks finished={AFTER_METHOD=[{hook_name=clearCookies, hook_result=skipped, test_file_path=opencart\src\test\java\testCases\TS_005_Search_Functionality.java, event_started_at=2025-06-03T11:55:04.818892200, hook_id=27e0f202-812d-4f51-a65f-fd949a355997, hook_logs=[], logs=[], key=AFTER_METHOD, custom_metadata={}, event_ended_at=2025-06-03T11:55:05.012096100, test_location=opencart\src\test\java\testCases\TS_005_Search_Functionality.java}], AFTER_CLASS=[]}
11:55:05.219 [clearCookies@2] INFO  c.b.v2.module.TestHubModule - sendTestFrameworkEvent: event=com.browserstack.v2.eventBus.Event@64838a7d, response=success: true

11:55:05.220 [tearDown@2] INFO  c.b.v2.framework.TestNgFramework - trackEvent: found instance, testFrameworkState=TestFrameworkState.AFTER_CLASS hookState=HookState.POST instance=-145147973
11:55:05.220 [tearDown@2] INFO  c.b.v2.framework.TestNgFramework - trackEvent: track hook events
11:55:05.410 [tearDown@2] INFO  c.b.v2.framework.TestNgFramework - args CHECK = [TestResult name=tearDown status=SKIP method=BaseClass.tearDown()[pri:0, instance:testCases.TS_005_Search_Functionality@3e67f5f2] output={null}]
11:55:05.410 [tearDown@2] INFO  c.b.v2.framework.TestNgFramework - Hook List in Post [{hook_name=tearDown, hook_result=pending, test_file_path=opencart\src\test\java\testCases\TS_005_Search_Functionality.java, event_started_at=2025-06-03T11:55:05.214395400, hook_id=6bc6ad22-a3e0-4872-862e-4471f36f8152, hook_logs=[], key=AFTER_CLASS, custom_metadata={}, test_location=opencart\src\test\java\testCases\TS_005_Search_Functionality.java}] and args = [[TestResult name=tearDown status=SKIP method=BaseClass.tearDown()[pri:0, instance:testCases.TS_005_Search_Functionality@3e67f5f2] output={null}], BaseClass.tearDown()[pri:0, instance:testCases.TS_005_Search_Functionality@3e67f5f2]]
11:55:05.411 [tearDown@2] INFO  c.b.v2.framework.TestNgFramework - Processing HookLevel attachments from directory: C:\Users\devbase\.browserstack\UploadedAttachments-67\HookLevel
11:55:05.411 [tearDown@2] INFO  c.b.v2.framework.TestNgFramework - Checking hookLevelFiles: []
11:55:05.411 [tearDown@2] INFO  c.b.v2.framework.TestNgFramework - checking Paths of files = C:\Users\devbase\.browserstack\UploadedAttachments-67\HookLevel\BuildLevelHookEvent and abs path = C:\Users\devbase\.browserstack\UploadedAttachments-67\HookLevel\BuildLevelHookEvent 
11:55:05.411 [tearDown@2] INFO  c.b.v2.framework.TestNgFramework - Processing BuildLevelHookEvent attachments from directory: C:\Users\devbase\.browserstack\UploadedAttachments-67\HookLevel\BuildLevelHookEvent
11:55:05.411 [tearDown@2] INFO  c.b.v2.framework.TestNgFramework - Processing TestLevel attachments eventLogs: []
11:55:05.411 [tearDown@2] INFO  c.b.v2.framework.TestNgFramework - sendLogCreatedEvent: No Log Events to send
11:55:05.411 [tearDown@2] INFO  c.b.v2.framework.TestNgFramework - trackHookEvents: hook state=AFTER_CLASS.HookState.POST , hooks started={AFTER_METHOD=[], AFTER_CLASS=[]} , hooks finished={AFTER_METHOD=[{hook_name=clearCookies, hook_result=skipped, test_file_path=opencart\src\test\java\testCases\TS_005_Search_Functionality.java, event_started_at=2025-06-03T11:55:04.818892200, hook_id=27e0f202-812d-4f51-a65f-fd949a355997, hook_logs=[], logs=[], key=AFTER_METHOD, custom_metadata={}, event_ended_at=2025-06-03T11:55:05.012096100, test_location=opencart\src\test\java\testCases\TS_005_Search_Functionality.java}], AFTER_CLASS=[{hook_name=tearDown, hook_result=skipped, test_file_path=opencart\src\test\java\testCases\TS_005_Search_Functionality.java, event_started_at=2025-06-03T11:55:05.214395400, hook_id=6bc6ad22-a3e0-4872-862e-4471f36f8152, hook_logs=[], logs=[], key=AFTER_CLASS, custom_metadata={}, event_ended_at=2025-06-03T11:55:05.410773100, test_location=opencart\src\test\java\testCases\TS_005_Search_Functionality.java}]}
11:55:05.414 [tearDown@2] INFO  c.b.v2.module.TestHubModule - sendTestFrameworkEvent: event=com.browserstack.v2.eventBus.Event@7d8ad4aa, response=success: true

11:55:05.678 [main] ERROR c.b.v2.framework.TestNgFramework - trackEvent: unable to find instance, testFrameworkState=TestFrameworkState.LOG hookState=HookState.PRE argsLength=2
11:55:05.680 [main] INFO  com.browserstack.testOps.Listener - logCreated: CLI is active
11:55:05.681 [Thread-0] INFO  com.browserstack.testOps.Listener - onComplete: CLI is active
11:55:05.682 [Thread-0] INFO  com.browserstack.v2.SdkCLI - stop: cli stop triggered
11:55:11.204 [Thread-0] DEBUG com.browserstack.v2.SdkCLI - stop-bin-session=success: true
automate_buildlink: "https://automate.browserstack.com/dashboard/v2/builds/af97b798ad55375d972ce74a4a78a4c14113238b"
hashed_id: "af97b798ad55375d972ce74a4a78a4c14113238b"

11:55:11.211 [Thread-0] INFO  com.browserstack.v2.SdkCLI - stop: shutting down CLI
11:55:11.509 [Thread-0] INFO  c.browserstack.utils.UtilityMethods - BrowserStack Yml Detected : C:\Users\devbase\Projects\opencart\browserstack.yml
11:55:11.509 [Thread-0] INFO  c.browserstack.utils.UtilityMethods - BrowserStack Yml Detected : C:\Users\devbase\Projects\opencart\browserstack.yml
11:55:14.004 [Thread-0] INFO  c.browserstack.utils.UtilityMethods - Visit https://observability.browserstack.com/builds/oe7j1lmy7cay96x2u0ry9l7c3oizuw9no8bif1th to view build report, insights, and many more debugging information all at one place!
11:55:14.004 [Thread-0] INFO  c.b.config.BrowserStackConfig - INFO
11:55:14.004 [Thread-0] INFO  c.browserstack.utils.UtilityMethods - View build on BrowserStack dashboard: https://automate.browserstack.com/dashboard/v2/builds/af97b798ad55375d972ce74a4a78a4c14113238b
11:55:14.004 [Thread-0] INFO  c.b.config.BrowserStackConfig - INFO
11:55:14.004 [Thread-0] INFO  c.browserstack.BrowserStackJavaAgent - SDK run ended for id: 84eae02f-e9bf-4f42-9c85-acc46fc42595, testhub id: oe7j1lmy7cay96x2u0ry9l7c3oizuw9no8bif1th
11:55:14.005 [Thread-0] INFO  c.b.config.BrowserStackConfig - INFO
19:19:07.653 [main] INFO  c.browserstack.BrowserStackJavaAgent - Selenium version detected - 4.33.0
19:19:07.659 [main] INFO  c.browserstack.BrowserStackJavaAgent - Appium version detected - 
19:19:07.879 [main] DEBUG c.b.config.BrowserStackConfig - Cli Config passed - {}
19:19:07.879 [main] INFO  c.browserstack.utils.UtilityMethods - BrowserStack Yml Detected : C:\Users\devbase\Projects\opencart\browserstack.yml
19:19:07.950 [main] INFO  c.b.config.BrowserStackConfig - Detected Framework testng
19:19:08.447 [main] INFO  c.browserstack.BrowserStackJavaAgent - Framework set to testng
19:19:08.457 [main] INFO  c.browserstack.BrowserStackJavaAgent - SDK run started with id: b86ba1e0-f4f9-4aa0-bd86-0aedd0ec3a04
19:19:08.457 [main] INFO  c.b.config.BrowserStackConfig - INFO
19:19:08.477 [main] DEBUG com.browserstack.v2.SdkCliUtils - File C:\Users\devbase\.browserstack already exist
19:19:08.487 [main] DEBUG com.browserstack.v2.SdkCliUtils - Current CLI Path Found: C:\Users\devbase\.browserstack\cli\binary-win-x64.exe
19:19:09.343 [main] DEBUG com.browserstack.v2.SdkCliUtils - Resolved binary path: C:\Users\devbase\.browserstack\cli\binary-win-x64.exe
19:19:09.347 [main] DEBUG com.browserstack.v2.SdkCLI - startMain: main-process starting
19:19:09.347 [main] INFO  com.browserstack.v2.SdkCLI - spawning command='C:\Users\devbase\.browserstack\cli\binary-win-x64.exe' 'sdk' 'tcp'
19:19:09.847 [ForkJoinPool.commonPool-worker-1] INFO  com.browserstack.v2.SdkCLI - loadCLIParams: start binSessionId=3f6b18eb-2fdf-412e-b683-bb18c330ea3e listenAddress=127.0.0.1:5400
19:19:09.847 [main] DEBUG com.browserstack.v2.SdkCLI - startMain: main-process started
19:19:09.847 [main] DEBUG com.browserstack.v2.SdkCLI - startMain: main-process connecting {port=5400, listen=127.0.0.1:5400, id=3f6b18eb-2fdf-412e-b683-bb18c330ea3e}
19:19:09.847 [main] INFO  c.browserstack.utils.UtilityMethods - BrowserStack Yml Detected : C:\Users\devbase\Projects\opencart\browserstack.yml
19:19:09.867 [main] DEBUG com.browserstack.v2.SdkCliUtils - File C:\Users\devbase\.browserstack already exist
19:19:14.631 [main] DEBUG com.browserstack.v2.SdkCLI - start-bin-session=bin_session_id: "3f6b18eb-2fdf-412e-b683-bb18c330ea3e"
config: "{\"userName\":\"almusavvirsiddiq_QczgDl\",\"accessKey\":\"xHwFqVPxVruKKzdPsiAr\",\"projectName\":\"Opencart\",\"buildName\":\"bstack1\",\"buildIdentifier\":\"#2\",\"platforms\":[{\"os\":\"Windows\",\"osVersion\":10,\"browserName\":\"Chrome\",\"browserVersion\":\"latest\"}],\"parallelsPerPlatform\":1,\"source\":\"java:intellij:v1.1.6\",\"browserstackLocal\":true,\"debug\":false,\"networkLogs\":false,\"consoleLogs\":\"errors\",\"testObservability\":true,\"accessibility\":false,\"browserstackAutomation\":true,\"selfHeal\":false,\"disableAutoCaptureLogs\":false,\"testhub\":true,\"testContextOptions\":{\"skipSessionStatus\":false,\"skipSessionName\":false},\"browserStackLocalOptions\":{\"localIdentifier\":\"Jun_3_1919_DESKTOP-CPNFTH3_r0fu\",\"key\":\"xHwFqVPxVruKKzdPsiAr\",\"skipBinaryInitialisation\":false},\"proxySettings\":{}}"
testhub {
  jwt: "eyJhbGciOiJIUzI1NiJ9.eyJpc3MiOiJicm93c2Vyc3RhY2tfb2IiLCJzdWIiOiI5MjM5ODA3IiwiZ3JvdXBfaWQiOjkxNTA4MDIsInVzZXJfaWQiOjkyMzk4MDcsImJ1aWxkX2hhc2hlZF9pZCI6Imh2dzFteHVvbmx4cHRoYW1yenZrcHp1amllNWs1Y3Jocm9xcnZzb2QiLCJwcm9qZWN0X25hbWUiOiJPcGVuY2FydCIsImhvb2tfYXNfdGVzdCI6IjEiLCJidWlsZF9uYW1lIjoiYnN0YWNrMSIsInByb2R1Y3RfbWFwIjoie1wib2JzZXJ2YWJpbGl0eVwiOnRydWUsXCJhdXRvbWF0ZVwiOnRydWUsXCJvcmlnaW5Gcm9tUHJvZHVjdE1hcFwiOlwiQXV0b21hdGVcIixcImJzdGFja0F1dG9tYXRpb25cIjp0cnVlLFwiY2FkXCI6dHJ1ZSxcIm5vblNES1wiOmZhbHNlLFwiYWNjZXNzaWJpbGl0eUF1dG9FbmFibGVkXCI6dHJ1ZX0iLCJncnJfcmVnaW9uIjoiIiwiaXNfbG93X3ZvbHVtZSI6ZmFsc2UsInNpZ25pbmdfa2V5X2hhc2giOiIzN2MxMTMxZTRiMmU3NDNjNzY2ZTFkNzBiZjVmMmI1N2RjNjliMTk1ZDMwMGUzMmFlOGQwMjMxMjBhNGE2ZDk3IiwiaWF0IjoxNzQ4OTU4NTUxLCJleHAiOjE3NDkzMDQxNTF9.1YtE_LRWtEn5wHiN_eRbI_IvLSc7c03dgBNP307aT_k"
  build_hashed_id: "hvw1mxuonlxpthamrzvkpzujie5k5crhroqrvsod"
  testhub_events: true
}
observability {
  success: true
}
session_framework: "selenium"

19:19:14.644 [main] DEBUG com.browserstack.v2.SdkCLI - startChild: child-process connecting
19:19:14.756 [main] DEBUG com.browserstack.v2.SdkCLI - connect-bin-session=bin_session_id: "3f6b18eb-2fdf-412e-b683-bb18c330ea3e"
config: "{\"userName\":\"almusavvirsiddiq_QczgDl\",\"accessKey\":\"xHwFqVPxVruKKzdPsiAr\",\"projectName\":\"Opencart\",\"buildName\":\"bstack1\",\"buildIdentifier\":\"#2\",\"platforms\":[{\"os\":\"Windows\",\"osVersion\":10,\"browserName\":\"Chrome\",\"browserVersion\":\"latest\"}],\"parallelsPerPlatform\":1,\"source\":\"java:intellij:v1.1.6\",\"browserstackLocal\":true,\"debug\":false,\"networkLogs\":false,\"consoleLogs\":\"errors\",\"testObservability\":true,\"accessibility\":false,\"browserstackAutomation\":true,\"selfHeal\":false,\"disableAutoCaptureLogs\":false,\"testhub\":true,\"testContextOptions\":{\"skipSessionStatus\":false,\"skipSessionName\":false},\"browserStackLocalOptions\":{\"localIdentifier\":\"Jun_3_1919_DESKTOP-CPNFTH3_r0fu\",\"key\":\"xHwFqVPxVruKKzdPsiAr\",\"skipBinaryInitialisation\":false},\"proxySettings\":{},\"hubUrl\":\"https://hub-aps.browserstack.com/wd/hub\"}"
testhub {
  jwt: "eyJhbGciOiJIUzI1NiJ9.eyJpc3MiOiJicm93c2Vyc3RhY2tfb2IiLCJzdWIiOiI5MjM5ODA3IiwiZ3JvdXBfaWQiOjkxNTA4MDIsInVzZXJfaWQiOjkyMzk4MDcsImJ1aWxkX2hhc2hlZF9pZCI6Imh2dzFteHVvbmx4cHRoYW1yenZrcHp1amllNWs1Y3Jocm9xcnZzb2QiLCJwcm9qZWN0X25hbWUiOiJPcGVuY2FydCIsImhvb2tfYXNfdGVzdCI6IjEiLCJidWlsZF9uYW1lIjoiYnN0YWNrMSIsInByb2R1Y3RfbWFwIjoie1wib2JzZXJ2YWJpbGl0eVwiOnRydWUsXCJhdXRvbWF0ZVwiOnRydWUsXCJvcmlnaW5Gcm9tUHJvZHVjdE1hcFwiOlwiQXV0b21hdGVcIixcImJzdGFja0F1dG9tYXRpb25cIjp0cnVlLFwiY2FkXCI6dHJ1ZSxcIm5vblNES1wiOmZhbHNlLFwiYWNjZXNzaWJpbGl0eUF1dG9FbmFibGVkXCI6dHJ1ZX0iLCJncnJfcmVnaW9uIjoiIiwiaXNfbG93X3ZvbHVtZSI6ZmFsc2UsInNpZ25pbmdfa2V5X2hhc2giOiIzN2MxMTMxZTRiMmU3NDNjNzY2ZTFkNzBiZjVmMmI1N2RjNjliMTk1ZDMwMGUzMmFlOGQwMjMxMjBhNGE2ZDk3IiwiaWF0IjoxNzQ4OTU4NTUxLCJleHAiOjE3NDkzMDQxNTF9.1YtE_LRWtEn5wHiN_eRbI_IvLSc7c03dgBNP307aT_k"
  build_hashed_id: "hvw1mxuonlxpthamrzvkpzujie5k5crhroqrvsod"
  testhub_events: true
}
observability {
  success: true
}
session_framework: "selenium"

19:19:14.771 [main] INFO  com.browserstack.v2.SdkCLI - loadBinResponse: Loading modules as per LoadBinResponse=bin_session_id: "3f6b18eb-2fdf-412e-b683-bb18c330ea3e"
config: "{\"userName\":\"almusavvirsiddiq_QczgDl\",\"accessKey\":\"xHwFqVPxVruKKzdPsiAr\",\"projectName\":\"Opencart\",\"buildName\":\"bstack1\",\"buildIdentifier\":\"#2\",\"platforms\":[{\"os\":\"Windows\",\"osVersion\":10,\"browserName\":\"Chrome\",\"browserVersion\":\"latest\"}],\"parallelsPerPlatform\":1,\"source\":\"java:intellij:v1.1.6\",\"browserstackLocal\":true,\"debug\":false,\"networkLogs\":false,\"consoleLogs\":\"errors\",\"testObservability\":true,\"accessibility\":false,\"browserstackAutomation\":true,\"selfHeal\":false,\"disableAutoCaptureLogs\":false,\"testhub\":true,\"testContextOptions\":{\"skipSessionStatus\":false,\"skipSessionName\":false},\"browserStackLocalOptions\":{\"localIdentifier\":\"Jun_3_1919_DESKTOP-CPNFTH3_r0fu\",\"key\":\"xHwFqVPxVruKKzdPsiAr\",\"skipBinaryInitialisation\":false},\"proxySettings\":{},\"hubUrl\":\"https://hub-aps.browserstack.com/wd/hub\"}"
testhub {
  jwt: "eyJhbGciOiJIUzI1NiJ9.eyJpc3MiOiJicm93c2Vyc3RhY2tfb2IiLCJzdWIiOiI5MjM5ODA3IiwiZ3JvdXBfaWQiOjkxNTA4MDIsInVzZXJfaWQiOjkyMzk4MDcsImJ1aWxkX2hhc2hlZF9pZCI6Imh2dzFteHVvbmx4cHRoYW1yenZrcHp1amllNWs1Y3Jocm9xcnZzb2QiLCJwcm9qZWN0X25hbWUiOiJPcGVuY2FydCIsImhvb2tfYXNfdGVzdCI6IjEiLCJidWlsZF9uYW1lIjoiYnN0YWNrMSIsInByb2R1Y3RfbWFwIjoie1wib2JzZXJ2YWJpbGl0eVwiOnRydWUsXCJhdXRvbWF0ZVwiOnRydWUsXCJvcmlnaW5Gcm9tUHJvZHVjdE1hcFwiOlwiQXV0b21hdGVcIixcImJzdGFja0F1dG9tYXRpb25cIjp0cnVlLFwiY2FkXCI6dHJ1ZSxcIm5vblNES1wiOmZhbHNlLFwiYWNjZXNzaWJpbGl0eUF1dG9FbmFibGVkXCI6dHJ1ZX0iLCJncnJfcmVnaW9uIjoiIiwiaXNfbG93X3ZvbHVtZSI6ZmFsc2UsInNpZ25pbmdfa2V5X2hhc2giOiIzN2MxMTMxZTRiMmU3NDNjNzY2ZTFkNzBiZjVmMmI1N2RjNjliMTk1ZDMwMGUzMmFlOGQwMjMxMjBhNGE2ZDk3IiwiaWF0IjoxNzQ4OTU4NTUxLCJleHAiOjE3NDkzMDQxNTF9.1YtE_LRWtEn5wHiN_eRbI_IvLSc7c03dgBNP307aT_k"
  build_hashed_id: "hvw1mxuonlxpthamrzvkpzujie5k5crhroqrvsod"
  testhub_events: true
}
observability {
  success: true
}
session_framework: "selenium"

19:19:14.771 [main] DEBUG com.browserstack.v2.SdkCLI - loadBinResponse: configured module=WebdriverModule & 3f6b18eb-2fdf-412e-b683-bb18c330ea3e
19:19:14.771 [main] DEBUG com.browserstack.v2.SdkCLI - loadBinResponse: configured module=ObservabilityModule & 3f6b18eb-2fdf-412e-b683-bb18c330ea3e
19:19:14.771 [main] DEBUG com.browserstack.v2.SdkCLI - loadBinResponse: configured module=TestHubModule & 3f6b18eb-2fdf-412e-b683-bb18c330ea3e
19:19:14.771 [main] INFO  com.browserstack.v2.SdkCLI - startChild: child-process connected
19:19:14.771 [main] INFO  com.browserstack.v2.SdkCLI - startMain: main-process connected
19:19:16.777 [main] INFO  c.browserstack.BrowserStackJavaAgent - Project and debug logs are captured by default. To disable, set disableAutoCaptureLogs: true in config.
19:19:16.777 [main] INFO  com.browserstack.testOps.Listener - onStart: CLI is active
19:19:17.045 [main] DEBUG com.browserstack.v2.SdkCLI - Setting up testng framework
19:19:17.045 [main] DEBUG com.browserstack.v2.SdkCLI - Setting up selenium framework
19:19:17.472 [main] INFO  com.browserstack.testOps.Listener - logCreated: CLI is active
19:19:17.472 [main] INFO  com.browserstack.testOps.Listener - logCreated: CLI is active
19:19:17.472 [main] INFO  com.browserstack.testOps.Listener - logCreated: CLI is active
19:19:17.472 [main] INFO  com.browserstack.testOps.Listener - logCreated: CLI is active
19:19:17.472 [main] INFO  com.browserstack.testOps.Listener - logCreated: CLI is active
19:19:17.472 [main] INFO  com.browserstack.testOps.Listener - logCreated: CLI is active
19:19:17.472 [main] INFO  com.browserstack.testOps.Listener - logCreated: CLI is active
19:19:17.472 [main] INFO  com.browserstack.testOps.Listener - logCreated: CLI is active
19:19:17.487 [main] INFO  com.browserstack.testOps.Listener - logCreated: CLI is active
19:19:17.487 [main] INFO  com.browserstack.testOps.Listener - logCreated: CLI is active
19:19:17.487 [main] INFO  com.browserstack.testOps.Listener - logCreated: CLI is active
19:19:17.487 [main] INFO  com.browserstack.testOps.Listener - logCreated: CLI is active
19:19:17.487 [main] INFO  com.browserstack.testOps.Listener - logCreated: CLI is active
19:19:17.487 [main] INFO  com.browserstack.testOps.Listener - logCreated: CLI is active
19:19:17.487 [main] INFO  com.browserstack.testOps.Listener - logCreated: CLI is active
19:19:17.487 [main] INFO  com.browserstack.testOps.Listener - logCreated: CLI is active
19:19:17.487 [main] INFO  com.browserstack.testOps.Listener - logCreated: CLI is active
19:19:17.487 [main] INFO  com.browserstack.testOps.Listener - logCreated: CLI is active
19:19:17.487 [main] INFO  com.browserstack.testOps.Listener - logCreated: CLI is active
19:19:17.487 [main] INFO  com.browserstack.testOps.Listener - logCreated: CLI is active
19:19:17.487 [main] INFO  com.browserstack.testOps.Listener - logCreated: CLI is active
19:19:17.503 [main] INFO  com.browserstack.testOps.Listener - logCreated: CLI is active
19:19:17.503 [main] INFO  com.browserstack.testOps.Listener - logCreated: CLI is active
19:19:17.503 [main] INFO  com.browserstack.testOps.Listener - logCreated: CLI is active
19:19:17.503 [main] INFO  com.browserstack.testOps.Listener - logCreated: CLI is active
19:19:17.503 [main] INFO  com.browserstack.testOps.Listener - logCreated: CLI is active
19:19:17.503 [main] INFO  com.browserstack.testOps.Listener - logCreated: CLI is active
19:19:17.503 [main] INFO  com.browserstack.testOps.Listener - logCreated: CLI is active
19:19:17.503 [main] INFO  com.browserstack.testOps.Listener - logCreated: CLI is active
19:19:17.503 [main] INFO  com.browserstack.testOps.Listener - logCreated: CLI is active
19:19:17.503 [main] INFO  com.browserstack.testOps.Listener - logCreated: CLI is active
19:19:17.503 [main] INFO  com.browserstack.testOps.Listener - logCreated: CLI is active
19:19:17.503 [main] INFO  com.browserstack.testOps.Listener - logCreated: CLI is active
19:19:17.503 [main] INFO  com.browserstack.testOps.Listener - logCreated: CLI is active
19:19:17.503 [main] INFO  com.browserstack.testOps.Listener - logCreated: CLI is active
19:19:17.503 [main] INFO  com.browserstack.testOps.Listener - logCreated: CLI is active
19:19:17.503 [main] INFO  com.browserstack.testOps.Listener - logCreated: CLI is active
19:19:17.503 [main] INFO  com.browserstack.testOps.Listener - logCreated: CLI is active
19:19:17.503 [main] INFO  com.browserstack.testOps.Listener - logCreated: CLI is active
19:19:17.503 [main] INFO  com.browserstack.testOps.Listener - logCreated: CLI is active
19:19:17.503 [main] INFO  com.browserstack.testOps.Listener - logCreated: CLI is active
19:19:17.503 [main] INFO  com.browserstack.testOps.Listener - logCreated: CLI is active
19:19:17.503 [main] INFO  com.browserstack.testOps.Listener - logCreated: CLI is active
19:19:17.503 [main] INFO  com.browserstack.testOps.Listener - logCreated: CLI is active
19:19:17.503 [main] INFO  com.browserstack.testOps.Listener - logCreated: CLI is active
19:19:17.503 [main] INFO  com.browserstack.testOps.Listener - logCreated: CLI is active
19:19:17.503 [main] INFO  com.browserstack.testOps.Listener - logCreated: CLI is active
19:19:17.503 [main] INFO  com.browserstack.testOps.Listener - logCreated: CLI is active
19:19:17.503 [main] INFO  com.browserstack.testOps.Listener - logCreated: CLI is active
19:19:17.503 [main] INFO  com.browserstack.testOps.Listener - logCreated: CLI is active
19:19:17.503 [main] INFO  com.browserstack.testOps.Listener - logCreated: CLI is active
19:19:17.503 [main] INFO  com.browserstack.testOps.Listener - logCreated: CLI is active
19:19:17.503 [main] INFO  com.browserstack.testOps.Listener - logCreated: CLI is active
19:19:17.503 [main] INFO  com.browserstack.testOps.Listener - logCreated: CLI is active
19:19:17.503 [main] INFO  com.browserstack.testOps.Listener - logCreated: CLI is active
19:19:17.503 [main] INFO  com.browserstack.testOps.Listener - logCreated: CLI is active
19:19:17.503 [main] INFO  com.browserstack.testOps.Listener - logCreated: CLI is active
19:19:17.503 [main] INFO  com.browserstack.testOps.Listener - logCreated: CLI is active
19:19:17.503 [main] INFO  com.browserstack.testOps.Listener - logCreated: CLI is active
19:19:17.503 [main] INFO  com.browserstack.testOps.Listener - logCreated: CLI is active
19:19:17.503 [main] INFO  com.browserstack.testOps.Listener - logCreated: CLI is active
19:19:17.503 [main] INFO  com.browserstack.testOps.Listener - logCreated: CLI is active
19:19:17.503 [main] INFO  com.browserstack.testOps.Listener - logCreated: CLI is active
19:19:17.503 [main] INFO  com.browserstack.testOps.Listener - logCreated: CLI is active
19:19:17.503 [main] INFO  com.browserstack.testOps.Listener - logCreated: CLI is active
19:19:17.503 [main] INFO  com.browserstack.testOps.Listener - logCreated: CLI is active
19:19:17.503 [main] INFO  com.browserstack.testOps.Listener - logCreated: CLI is active
19:19:17.503 [main] INFO  com.browserstack.testOps.Listener - logCreated: CLI is active
19:19:17.503 [main] INFO  com.browserstack.testOps.Listener - logCreated: CLI is active
19:19:17.503 [main] INFO  com.browserstack.testOps.Listener - logCreated: CLI is active
19:19:17.519 [main] INFO  com.browserstack.testOps.Listener - logCreated: CLI is active
19:19:17.519 [main] INFO  com.browserstack.testOps.Listener - logCreated: CLI is active
19:19:17.519 [main] INFO  com.browserstack.testOps.Listener - logCreated: CLI is active
19:19:17.519 [main] INFO  com.browserstack.testOps.Listener - logCreated: CLI is active
19:19:17.520 [main] INFO  com.browserstack.testOps.Listener - logCreated: CLI is active
19:19:17.520 [main] INFO  com.browserstack.testOps.Listener - logCreated: CLI is active
19:19:17.520 [main] INFO  com.browserstack.testOps.Listener - logCreated: CLI is active
19:19:17.520 [main] INFO  com.browserstack.testOps.Listener - logCreated: CLI is active
19:19:17.520 [main] INFO  com.browserstack.testOps.Listener - logCreated: CLI is active
19:19:17.520 [main] INFO  com.browserstack.testOps.Listener - logCreated: CLI is active
19:19:17.520 [main] INFO  com.browserstack.testOps.Listener - logCreated: CLI is active
19:19:17.520 [main] INFO  com.browserstack.testOps.Listener - logCreated: CLI is active
19:19:17.520 [main] INFO  com.browserstack.testOps.Listener - logCreated: CLI is active
19:19:17.520 [main] INFO  com.browserstack.testOps.Listener - logCreated: CLI is active
19:19:17.520 [main] INFO  com.browserstack.testOps.Listener - logCreated: CLI is active
19:19:17.520 [main] INFO  com.browserstack.testOps.Listener - logCreated: CLI is active
19:19:17.520 [main] INFO  com.browserstack.testOps.Listener - logCreated: CLI is active
19:19:17.520 [main] INFO  com.browserstack.testOps.Listener - logCreated: CLI is active
19:19:17.520 [main] INFO  com.browserstack.testOps.Listener - logCreated: CLI is active
19:19:17.520 [main] INFO  com.browserstack.testOps.Listener - logCreated: CLI is active
19:19:17.520 [main] INFO  com.browserstack.testOps.Listener - logCreated: CLI is active
19:19:17.520 [main] INFO  com.browserstack.testOps.Listener - logCreated: CLI is active
19:19:17.520 [main] INFO  com.browserstack.testOps.Listener - logCreated: CLI is active
19:19:17.520 [main] INFO  com.browserstack.testOps.Listener - logCreated: CLI is active
19:19:17.520 [main] INFO  com.browserstack.testOps.Listener - logCreated: CLI is active
19:19:17.520 [main] INFO  com.browserstack.testOps.Listener - logCreated: CLI is active
19:19:17.520 [main] INFO  com.browserstack.testOps.Listener - logCreated: CLI is active
19:19:17.520 [main] INFO  com.browserstack.testOps.Listener - logCreated: CLI is active
19:19:17.520 [main] INFO  com.browserstack.testOps.Listener - logCreated: CLI is active
19:19:17.520 [main] INFO  com.browserstack.testOps.Listener - logCreated: CLI is active
19:19:17.520 [main] INFO  com.browserstack.testOps.Listener - logCreated: CLI is active
19:19:17.551 [main] INFO  com.browserstack.testOps.Listener - logCreated: CLI is active
19:19:17.567 [TestNG-tests-1] INFO  c.b.v2.framework.TestNgFramework - trackTestNgTest: saved instance contextId=-145149897 target=C:/Users/RPA Base/Projects/opencart/src/test/java/testCases-0@0 instances=[-145149897]
19:19:17.567 [TestNG-tests-1] INFO  c.b.v2.framework.TestNgFramework - trackEvent: found instance, testFrameworkState=TestFrameworkState.INIT_TEST hookState=HookState.PRE instance=-145149897
19:19:17.567 [TestNG-tests-1] INFO  c.b.v2.framework.TestNgFramework - trackEvent: loaded instance, testFrameworkState=TestFrameworkState.INIT_TEST hookState=HookState.PRE instance=-145149897
19:19:17.567 [C:/Users/RPA Base/Projects/opencart/src/test/java/testCases-0@0] INFO  com.browserstack.testOps.Listener - logCreated: CLI is active
19:19:17.598 [C:/Users/RPA Base/Projects/opencart/src/test/java/testCases-0@0] INFO  c.b.v2.framework.TestNgFramework - trackEvent: found instance, testFrameworkState=TestFrameworkState.BEFORE_CLASS hookState=HookState.PRE instance=-145149897
19:19:17.598 [C:/Users/RPA Base/Projects/opencart/src/test/java/testCases-0@0] INFO  c.b.v2.framework.TestNgFramework - trackEvent: loaded common test data, testFrameworkState=TestFrameworkState.BEFORE_CLASS hookState=HookState.PRE instance=-145149897
19:19:17.598 [C:/Users/RPA Base/Projects/opencart/src/test/java/testCases-0@0] INFO  c.b.v2.framework.TestNgFramework - trackEvent: track hook events
19:19:18.073 [C:/Users/RPA Base/Projects/opencart/src/test/java/testCases-0@0] INFO  c.b.v2.framework.TestNgFramework - args CHECK = [TestResult name=setup status=STARTED method=BaseClass.setup(java.lang.String)[pri:0, instance:testCases.TS_002_Login_Functionality@4993febc] output={null}]
19:19:18.073 [C:/Users/RPA Base/Projects/opencart/src/test/java/testCases-0@0] INFO  c.b.v2.framework.TestNgFramework - Hook Started in PRE key = BEFORE_CLASS & hook = {hook_name=setup, hook_result=pending, test_file_path=opencart\src\test\java\testCases\TS_002_Login_Functionality.java, event_started_at=2025-06-03T19:19:18.073608600, hook_id=c9a690bf-ec30-41e0-8cf0-45513a949e11, hook_logs=[], key=BEFORE_CLASS, custom_metadata={}, test_location=opencart\src\test\java\testCases\TS_002_Login_Functionality.java}  and args = [[TestResult name=setup status=STARTED method=BaseClass.setup(java.lang.String)[pri:0, instance:testCases.TS_002_Login_Functionality@4993febc] output={null}], BaseClass.setup(java.lang.String)[pri:0, instance:testCases.TS_002_Login_Functionality@4993febc]]
19:19:18.073 [C:/Users/RPA Base/Projects/opencart/src/test/java/testCases-0@0] INFO  c.b.v2.framework.TestNgFramework - trackHookEvents: hook state=BEFORE_CLASS.HookState.PRE , hooks started={BEFORE_CLASS=[{hook_name=setup, hook_result=pending, test_file_path=opencart\src\test\java\testCases\TS_002_Login_Functionality.java, event_started_at=2025-06-03T19:19:18.073608600, hook_id=c9a690bf-ec30-41e0-8cf0-45513a949e11, hook_logs=[], key=BEFORE_CLASS, custom_metadata={}, test_location=opencart\src\test\java\testCases\TS_002_Login_Functionality.java}]} , hooks finished={BEFORE_CLASS=[]}
19:19:18.089 [C:/Users/RPA Base/Projects/opencart/src/test/java/testCases-0@0] INFO  c.b.v2.module.TestHubModule - sendTestFrameworkEvent: event=com.browserstack.v2.eventBus.Event@386e0231, response=success: true

19:19:18.644 [setup@0] INFO  c.b.v2.framework.SeleniumFramework - trackSeleniumTest: saved instance contextId=85522111 target=14948:65 instances=[85522111]
19:19:18.644 [setup@0] INFO  c.b.v2.module.WebdriverModule - onBeforeDriverCreate: event=com.browserstack.v2.eventBus.Event@635597a5
19:19:18.675 [setup@0] INFO  c.b.v2.module.WebdriverModule - beforeCommandExecute: event=com.browserstack.v2.eventBus.Event@69d23d09
19:19:21.464 [SIGINT handler] INFO  c.b.utils.ExitSignalHandler - Shutdown triggered by: INT 2
19:19:21.464 [Thread-0] INFO  com.browserstack.testOps.Listener - onComplete: CLI is active
19:19:21.464 [Thread-0] INFO  com.browserstack.v2.SdkCLI - stop: cli stop triggered
